sample_id,u_000,u_001,u_002,u_003,u_004,u_005,u_006,u_007,u_008,u_009,u_010,u_011,u_012,u_013,u_014,u_015,u_016,u_017,u_018,u_019,u_020,u_021,u_022,u_023,u_024,u_025,u_026,u_027,u_028,u_029,u_030,u_031,u_032,u_033,u_034,u_035,u_036,u_037,u_038,u_039,u_040,u_041,u_042,u_043,u_044,u_045,u_046,u_047,u_048,u_049,u_050,u_051,u_052,u_053,u_054,u_055,u_056,u_057,u_058,u_059,u_060,u_061,u_062,u_063,u_064,u_065,u_066,u_067,u_068,u_069,u_070,u_071,u_072,u_073,u_074,u_075,u_076,u_077,u_078,u_079,u_080,u_081,u_082,u_083,u_084,u_085,u_086,u_087,u_088,u_089,u_090,u_091,u_092,u_093,u_094,u_095,u_096,u_097,u_098,u_099,u_100,u_101,u_102,u_103,u_104,u_105,u_106,u_107,u_108,u_109,u_110,u_111,u_112,u_113,u_114,u_115,u_116,u_117,u_118,u_119,u_120,u_121,u_122,u_123,u_124,u_125,u_126,u_127,u_128,u_129,u_130,u_131,u_132,u_133,u_134,u_135,u_136,u_137,u_138,u_139,u_140,u_141,u_142,u_143,u_144,u_145,u_146,u_147,u_148,u_149
0,0,0.414262829323,0.964157045367,1.19736388003,1.29057178342,1.34085535119,1.37623380888,1.40260892169,1.42312678736,1.43962293387,1.45324173883,1.46473400408,1.47461267044,1.4832399225,1.49087860059,1.49772391629,1.50392375574,1.50959209359,1.51481809957,1.51967246898,1.52421191599,1.52848242247,1.532521626,1.53636060144,1.54002520789,1.54353711957,1.54691462362,1.55017324378,1.55332623251,1.55638496281,1.55935924241,1.5622575679,1.56508733148,1.56785499028,1.57056620602,1.57322596062,1.57583865264,1.57840817792,1.58093799754,1.58343119513,1.58589052562,1.58831845668,1.59071720421,1.59308876281,1.59543493198,1.59775733878,1.60005745751,1.60233662672,1.60459606418,1.60683687981,1.60906008714,1.61126661333,1.61345730796,1.61563295086,1.61779425899,1.61994189254,1.62207646039,1.62419852493,1.62630860635,1.62840718652,1.63049471245,1.63257159934,1.6346382334,1.63669497431,1.63874215751,1.64078009621,1.64280908322,1.64482939263,1.64684128129,1.64884499021,1.65084074578,1.6528287609,1.654809236,1.65678236,1.65874831115,1.66070725783,1.66265935923,1.66460476606,1.66654362109,1.66847605976,1.67040221064,1.67232219594,1.67423613191,1.67614412922,1.67804629338,1.67994272504,1.68183352029,1.68371877097,1.68559856496,1.68747298636,1.68934211578,1.69120603051,1.69306480476,1.69491850981,1.69676721419,1.69861098383,1.70044988222,1.70228397057,1.70411330787,1.70593795108,1.7077579552,1.7095733734,1.71138425709,1.71319065603,1.71499261843,1.71679019099,1.71858341901,1.72037234643,1.72215701595,1.72393746902,1.72571374595,1.72748588594,1.72925392716,1.73101790676,1.73277786093,1.73453382497,1.7362858333,1.73803391949,1.73977811634,1.74151845586,1.74325496936,1.74498768741,1.74671663995,1.74844185624,1.75016336495,1.75188119414,1.7535953713,1.75530592337,1.75701287678,1.75871625742,1.76041609072,1.76211240163,1.76380521462,1.76549455377,1.76718044268,1.7688629046,1.77054196234,1.77221763834,1.77388995469,1.77555893309,1.77722459493,1.77888696124,1.78054605274,1.78220188982,1.78385449259,1.78550388083,1.78715007407,1.78879309153,1.79043295219,1.79206967475
1,0,0.370622399014,0.983034015004,1.2147440758,1.29650760431,1.34811350032,1.38458090081,1.41189350091,1.43324262749,1.45049124558,1.46480157273,1.47693664582,1.48741815898,1.49661477792,1.50479428002,1.51215572852,1.51885007624,1.5249937826,1.53067806141,1.53597531211,1.54094368635,1.54563039129,1.55007411871,1.55430685803,1.55835526783,1.56224172596,1.56598514271,1.5696015968,1.57310483758,1.57650668498,1.57981735057,1.58304569729,1.5861994509,1.58928537338,1.59230940587,1.59527678727,1.59819215305,1.60105961814,1.60388284668,1.60666511094,1.60940934149,1.61211816989,1.61479396525,1.61743886566,1.62005480524,1.62264353758,1.62520665607,1.62774561153,1.63026172771,1.63275621472,1.63523018095,1.6376846434,1.64012053696,1.64253872245,1.64493999389,1.64732508479,1.64969467393,1.65204939032,1.65438981781,1.65671649908,1.65902993927,1.66133060924,1.66361894851,1.66589536788,1.66816025181,1.67041396056,1.67265683217,1.67488918419,1.67711131528,1.67932350669,1.68152602355,1.68371911611,1.68590302082,1.68807796131,1.69024414938,1.69240178578,1.69455106098,1.69669215592,1.69882524262,1.70095048483,1.7030680385,1.70517805235,1.70728066834,1.70937602204,1.71146424312,1.71354545564,1.71561977841,1.71768732536,1.71974820576,1.72180252453,1.72385038251,1.72589187664,1.72792710023,1.72995614317,1.73197909205,1.73399603043,1.73600703894,1.73801219545,1.74001157523,1.74200525107,1.74399329342,1.74597577048,1.74795274837,1.74992429115,1.75189046099,1.75385131824,1.7558069215,1.7577573277,1.75970259223,1.76164276892,1.76357791021,1.76550806713,1.7674332894,1.76935362549,1.77126912265,1.77317982699,1.7750857835,1.77698703612,1.77888362777,1.78077560037,1.78266299494,1.78454585156,1.78642420947,1.78829810706,1.79016758192,1.79203267085,1.79389340994,1.79574983454,1.79760197929,1.79944987818,1.80129356457,1.80313307116,1.80496843006,1.80679967282,1.8086268304,1.81044993321,1.81226901116,1.81408409362,1.81589520949,1.81770238716,1.81950565459,1.82130503925,1.8231005682,1.82489226806,1.82668016506,1.82846428498,1.83024465326,1.83202129493,1.83379423467,1.83556349679
2,0,0.307676904342,0.907716177404,1.18381819927,1.3068601369,1.35917697728,1.39481768451,1.42114631682,1.44143372462,1.45758565405,1.47078852872,1.48181951655,1.4912086832,1.49932963953,1.50645300744,1.51277937824,1.51846039528,1.52361267153,1.52832723001,1.53267606055,1.53671676951,1.54049593835,1.54405158999,1.54741502681,1.55061221892,1.55366486538,1.55659121461,1.55940670495,1.56212446955,1.56475573773,1.56731015658,1.56979605058,1.57222063259,1.57459017643,1.57691015897,1.57918537761,1.58142004809,1.58361788622,1.58578217655,1.58791583029,1.59002143437,1.59210129319,1.59415746426,1.59619178871,1.5982059175,1.60020133413,1.60217937412,1.60414124207,1.60608802639,1.6080207122,1.60994019261,1.61184727857,1.61374270762,1.61562715144,1.61750122268,1.6193654809,1.62122043786,1.6230665622,1.62490428365,1.62673399673,1.62855606409,1.63037081946,1.63217857031,1.63397960028,1.63577417126,1.63756252538,1.63934488669,1.64112146276,1.6428924461,1.64465801542,1.64641833679,1.64817356469,1.64992384301,1.65166930582,1.65341007824,1.65514627713,1.65687801175,1.65860538431,1.6603284906,1.6620474204,1.66376225801,1.66547308261,1.66717996866,1.66888298626,1.67058220148,1.6722776766,1.67396947047,1.67565763868,1.67734223383,1.67902330572,1.68070090157,1.68237506621,1.68404584217,1.68571326995,1.68737738804,1.68903823317,1.69069584032,1.69235024293,1.69400147293,1.69564956087,1.69729453603,1.69893642645,1.70057525906,1.70221105971,1.70384385326,1.70547366365,1.70710051393,1.70872442634,1.71034542234,1.71196352268,1.7135787474,1.71519111593,1.71680064708,1.71840735911,1.72001126971,1.72161239611,1.72321075503,1.72480636277,1.72639923518,1.72798938772,1.72957683548,1.73116159319,1.73274367523,1.73432309568,1.7358998683,1.73747400656,1.73904552369,1.74061443261,1.74218074603,1.74374447643,1.74530563604,1.7468642369,1.74842029085,1.74997380952,1.75152480439,1.75307328673,1.75461926766,1.75616275814,1.75770376899,1.75924231087,1.7607783943,1.76231202967,1.76384322725,1.76537199718,1.76689834949,1.76842229407,1.76994384075,1.77146299921,1.77297977905,1.77449418978
3,0,0.453850664304,1.08128080092,1.30117663792,1.36569131087,1.4044290053,1.43134292829,1.45117478261,1.46643752297,1.47858896312,1.4885329121,1.49685905018,1.50396800978,1.51014110376,1.51558134214,1.52043865043,1.52482596013,1.5288298044,1.53251748751,1.53594205249,1.53914579538,1.54216279786,1.54502078254,1.54774249258,1.55034673117,1.55284915443,1.55526288297,1.55759897824,1.55986681721,1.56207438952,1.56422853501,1.56633513511,1.56839926794,1.57042533499,1.57241716507,1.57437810015,1.57631106662,1.57821863472,1.5801030683,1.58196636683,1.58381030072,1.58563644146,1.58744618721,1.58924078465,1.59102134778,1.59278887406,1.59454425834,1.59628830492,1.59802173802,1.59974521087,1.60145931369,1.6031645806,1.60486149572,1.60655049853,1.60823198859,1.60990632966,1.61157385339,1.61323486258,1.61488963407,1.61653842127,1.61818145648,1.61981895289,1.62145110645,1.62307809744,1.62470009194,1.62631724319,1.62792969266,1.62953757121,1.63114099998,1.63274009126,1.63433494925,1.63592567081,1.63751234603,1.63909505883,1.64067388748,1.64224890507,1.64382017996,1.6453877761,1.64695175348,1.64851216837,1.65006907367,1.65162251915,1.65317255169,1.65471921554,1.65626255249,1.65780260206,1.65933940171,1.66087298692,1.66240339145,1.66393064734,1.66545478516,1.666975834,1.66849382168,1.67000877479,1.67152071876,1.67302967799,1.6745356759,1.67603873499,1.67753887691,1.67903612254,1.68053049199,1.68202200471,1.6835106795,1.68499653457,1.68647958756,1.6879598556,1.68943735531,1.69091210288,1.69238411406,1.69385340418,1.69531998823,1.69678388082,1.69824509623,1.69970364844,1.70115955112,1.70261281769,1.70406346128,1.70551149478,1.70695693088,1.708399782,1.70984006039,1.71127777809,1.71271294696,1.71414557869,1.71557568478,1.71700327659,1.71842836533,1.71985096207,1.72127107772,1.72268872309,1.72410390884,1.72551664553,1.7269269436,1.72833481337,1.72974026508,1.73114330885,1.7325439547,1.73394221258,1.73533809234,1.73673160373,1.73812275644,1.73951156007,1.74089802413,1.74228215808,1.74366397129,1.74504347307,1.74642067265,1.7477955792,1.74916820182,1.75053854956
4,0,0.379876327822,0.985586316994,1.22582532015,1.30867316021,1.35727693374,1.39142596152,1.41685571872,1.43662048707,1.45250047295,1.46560451247,1.47665942056,1.48616130384,1.49446015075,1.50180972919,1.50839834983,1.51436854863,1.51983008325,1.52486875123,1.52955251673,1.53393585676,1.53806290201,1.54196974428,1.54568615691,1.54923689491,1.55264268948,1.55592101721,1.55908670107,1.56215238452,1.56512890853,1.56802561406,1.57085058632,1.5736108535,1.57631254949,1.57896104789,1.58156107301,1.58411679231,1.58663189376,1.58910965086,1.59155297763,1.59396447518,1.59634647138,1.59870105477,1.60103010368,1.60333531126,1.60561820709,1.60788017595,1.61012247408,1.61234624333,1.61455252363,1.61674226376,1.61891633094,1.6210755192,1.62322055677,1.62535211266,1.62747080242,1.62957719332,1.6316718089,1.63375513311,1.63582761389,1.63788966649,1.63994167633,1.64198400172,1.6440169761,1.64604091026,1.64805609423,1.65006279897,1.652061278,1.65405176875,1.65603449391,1.65800966255,1.65997747119,1.66193810479,1.6638917376,1.66583853397,1.66777864909,1.66971222967,1.67163941453,1.67356033518,1.67547511633,1.67738387636,1.67928672777,1.68118377756,1.68307512762,1.68496087505,1.68684111248,1.68871592838,1.69058540729,1.6924496301,1.69430867426,1.69616261401,1.69801152056,1.69985546226,1.70169450482,1.70352871141,1.70535814285,1.7071828577,1.70900291245,1.71081836158,1.71262925769,1.71443565163,1.71623759253,1.71803512798,1.71982830403,1.72161716533,1.72340175514,1.72518211549,1.72695828713,1.7287303097,1.73049822172,1.73226206065,1.73402186296,1.73577766419,1.73752949893,1.73927740094,1.74102140313,1.74276153764,1.74449783584,1.74623032839,1.74795904524,1.74968401571,1.75140526844,1.75312283151,1.75483673239,1.75654699799,1.75825365469,1.75995672835,1.76165624434,1.76335222753,1.76504470237,1.76673369281,1.76841922243,1.77010131436,1.77177999135,1.77345527576,1.77512718957,1.77679575443,1.77846099161,1.78012292207,1.78178156643,1.783436945,1.7850890778,1.78673798454,1.78838368465,1.79002619727,1.7916655413,1.79330173535,1.79493479778,1.79656474673,1.79819160006
5,0,0.255576983671,0.929074414512,1.22733912732,1.33715507227,1.38709055841,1.42190712534,1.44762265124,1.46743882919,1.48321982642,1.49612542738,1.50691487908,1.51610571568,1.52406250519,1.53104917158,1.53726123476,1.5428464253,1.54791828787,1.55256540497,1.55685780083,1.56085148104,1.56459171045,1.56811541937,1.57145299616,1.57462964067,1.57766639855,1.58058096056,1.58338828641,1.58610109634,1.58873026175,1.59128511814,1.59377371758,1.5962030339,1.59857913044,1.60090729807,1.60319216939,1.60543781362,1.60764781602,1.60982534445,1.61197320563,1.61409389269,1.61618962565,1.61826238595,1.620313946,1.62234589465,1.62435965904,1.62635652358,1.6283376464,1.63030407359,1.63225675171,1.63419653866,1.63612421324,1.63804048355,1.63994599433,1.64184133354,1.64372703805,1.6456035988,1.64747146533,1.64933104975,1.65118273039,1.65302685497,1.65486374348,1.65669369072,1.65851696861,1.66033382827,1.66214450184,1.66394920417,1.66574813434,1.66754147697,1.66932940351,1.67111207331,1.67288963466,1.67466222567,1.67642997513,1.67819300324,1.67995142232,1.68170533743,1.68345484693,1.685200043,1.68694101215,1.68867783561,1.69041058976,1.69213934647,1.69386417346,1.6955851346,1.69730229018,1.69901569718,1.7007254095,1.70243147819,1.70413395166,1.70583287584,1.70752829435,1.70922024871,1.71090877843,1.71259392115,1.71427571282,1.71595418774,1.71762937872,1.71930131716,1.72097003315,1.72263555554,1.72429791204,1.72595712926,1.72761323284,1.72926624744,1.73091619684,1.73256310399,1.73420699107,1.7358478795,1.73748579005,1.73912074279,1.74075275723,1.74238185226,1.74400804627,1.74563135711,1.74725180217,1.74886939836,1.75048416219,1.75209610975,1.75370525674,1.75531161852,1.7569152101,1.75851604614,1.76011414104,1.76170950886,1.76330216342,1.76489211825,1.76647938666,1.7680639817,1.7696459162,1.77122520278,1.77280185385,1.77437588163,1.77594729815,1.77751611526,1.77908234465,1.78064599784,1.78220708619,1.78376562093,1.78532161313,1.78687507372,1.78842601353,1.78997444322,1.79152037336,1.7930638144,1.79460477666,1.79614327038,1.79767930566,1.79921289254,1.80074404094
6,0,0.451761094621,0.946409848242,1.16345157229,1.25969409956,1.30829197565,1.34241107566,1.36779181675,1.38749277167,1.40329749548,1.41631737905,1.42728118705,1.43668652573,1.44488454855,1.45212993785,1.45861172916,1.4644730382,1.4698240902,1.47475106252,1.47932222984,1.48359232453,1.48760568831,1.49139858809,1.49500094306,1.4984376301,1.5017294824,1.50489406211,1.50794626405,1.51089879201,1.51376253761,1.51654688431,1.51925995284,1.52190880107,1.52449958753,1.52703770615,1.5295278979,1.53197434372,1.53438074237,1.53675037579,1.53908616441,1.541390714,1.54366635559,1.54591517958,1.54813906502,1.55033970483,1.5525186275,1.55467721598,1.55681672407,1.55893829066,1.56104295222,1.56313165369,1.56520525811,1.56726455504,1.56931026801,1.57134306111,1.5733635448,1.57537228114,1.57736978835,1.57935654493,1.58133299336,1.58329954332,1.5852565747,1.58720444017,1.5891434676,1.59107396219,1.59299620835,1.59491047151,1.59681699963,1.59871602466,1.60060776381,1.60249242074,1.60437018659,1.606241241,1.60810575296,1.60996388161,1.61181577699,1.61366158073,1.61550142661,1.61733544118,1.61916374426,1.62098644938,1.62280366428,1.62461549126,1.62642202755,1.62822336569,1.63001959381,1.63181079592,1.63359705219,1.6353784392,1.63715503014,1.63892689506,1.64069410105,1.6424567124,1.64421479081,1.64596839552,1.64771758345,1.64946240935,1.65120292593,1.65293918398,1.65467123244,1.65639911855,1.65812288793,1.65984258465,1.66155825134,1.66326992926,1.66497765836,1.66668147735,1.66838142379,1.6700775341,1.67176984369,1.67345838693,1.67514319724,1.67682430716,1.67850174834,1.68017555163,1.68184574707,1.68351236398,1.68517543095,1.68683497589,1.68849102606,1.69014360811,1.69179274809,1.69343847145,1.69508080314,1.69671976756,1.6983553886,1.69998768971,1.70161669382,1.70324242346,1.70486490071,1.70648414726,1.70810018438,1.70971303298,1.7113227136,1.71292924641,1.71453265126,1.71613294765,1.7177301548,1.71932429157,1.72091537658,1.72250342812,1.72408846423,1.72567050266,1.72724956092,1.72882565626,1.73039880569,1.73196902596,1.73353633363,1.73510074501,1.73666227621
7,0,0.241458889722,0.941857256151,1.21982114137,1.29970780178,1.34903840705,1.38351962641,1.40906927081,1.42883273557,1.44463989688,1.45762839897,1.4685425415,1.47788940534,1.48602603685,1.49321081937,1.49963511069,1.5054434627,1.51074695797,1.51563224885,1.52016783057,1.52440848664,1.52839849758,1.53217399555,1.53576471811,1.53919533191,1.54248644402,1.54565538332,1.54871681023,1.55168319706,1.55456520971,1.55737201329,1.56011151879,1.56279058344,1.56541517457,1.56799050432,1.5705211412,1.57301110273,1.57546393293,1.57788276741,1.58027038823,1.58262927032,1.58496162106,1.58726941397,1.58955441758,1.59181822031,1.5940622518,1.5962878015,1.59849603466,1.60068800637,1.60286467368,1.60502690631,1.60717549594,1.60931116448,1.61143457123,1.6135463193,1.61564696128,1.61773700416,1.61981691385,1.62188711909,1.623948015,1.62599996618,1.62804330956,1.63007835691,1.63210539708,1.63412469806,1.63613650879,1.63814106079,1.64013856969,1.64212923652,1.64411324897,1.64609078246,1.64806200113,1.65002705878,1.65198609969,1.65393925932,1.65588666505,1.65782843678,1.65976468749,1.66169552377,1.6636210463,1.66554135027,1.66745652579,1.66936665826,1.6712718287,1.67317211404,1.67506758744,1.67695831852,1.67884437363,1.68072581605,1.68260270618,1.68447510179,1.68634305811,1.68820662807,1.6900658624,1.69192080978,1.69377151699,1.69561802899,1.69746038906,1.69929863889,1.7011328187,1.70296296727,1.70478912209,1.70661131939,1.70842959424,1.71024398059,1.71205451137,1.71386121848,1.71566413293,1.71746328484,1.71925870347,1.72105041732,1.72283845413,1.72462284091,1.72640360403,1.72818076919,1.72995436149,1.73172440546,1.73349092506,1.73525394374,1.73701348444,1.73876956963,1.74052222131,1.74227146106,1.74401731004,1.745759789,1.74749891832,1.74923471801,1.75096720774,1.75269640683,1.75442233428,1.75614500879,1.75786444875,1.75958067228,1.76129369721,1.76300354111,1.7647102213,1.76641375484,1.76811415857,1.76981144908,1.77150564276,1.77319675577,1.77488480406,1.77656980341,1.77825176935,1.77993071728,1.78160666238,1.78327961967,1.78494960398,1.78661662999,1.78828071222
8,0,0.31960848875,0.979900051858,1.24123542351,1.32437423252,1.37039792593,1.40252100589,1.42628515214,1.44463571677,1.45928606746,1.47130130157,1.48137816256,1.48999125683,1.49747470375,1.50407024527,1.50995687356,1.51526976537,1.52011277022,1.52456687393,1.52869607199,1.53255153122,1.53617459351,1.53959897987,1.54285243176,1.54595794985,1.54893474037,1.55179894614,1.55456421698,1.557242159,1.55984269157,1.56237433306,1.56484443153,1.56725935193,1.56962462928,1.57194509459,1.57422497895,1.5764680002,1.57867743524,1.58085618076,1.58300680449,1.58513158851,1.58723256618,1.58931155355,1.59137017629,1.59340989287,1.59543201446,1.59743772222,1.59942808225,1.60140405855,1.60336652446,1.60531627246,1.60725402293,1.60918043179,1.61109609716,1.61300156534,1.61489733602,1.61678386695,1.61866157803,1.62053085499,1.62239205268,1.62424549793,1.62609149219,1.62793031386,1.62976222037,1.63158745007,1.63340622389,1.63521874691,1.63702520966,1.63882578944,1.64062065138,1.64240994948,1.64419382752,1.64597241989,1.64774585237,1.64951424277,1.65127770163,1.65303633272,1.6547902336,1.65653949609,1.65828420671,1.66002444705,1.66176029418,1.66349182094,1.66521909628,1.66694218553,1.66866115064,1.67037605045,1.67208694089,1.67379387517,1.675496904,1.67719607574,1.67889143654,1.68058303054,1.68227089993,1.68395508516,1.68563562497,1.68731255657,1.68898591569,1.69065573669,1.69232205266,1.69398489547,1.69564429585,1.6973002835,1.69895288708,1.70060213434,1.70224805212,1.70389066643,1.70553000252,1.70716608485,1.70879893723,1.71042858277,1.71205504396,1.71367834273,1.7152985004,1.7169155378,1.71852947523,1.72014033253,1.72174812909,1.72335288385,1.72495461536,1.72655334177,1.72814908086,1.72974185006,1.73133166648,1.73291854688,1.73450250774,1.73608356523,1.73766173524,1.73923703341,1.74080947512,1.74237907548,1.74394584941,1.74550981155,1.74707097638,1.74862935813,1.75018497085,1.75173782839,1.75328794443,1.75483533244,1.75638000575,1.75792197752,1.75946126072,1.7609978682,1.76253181266,1.76406310662,1.76559176249,1.76711779255,1.76864120891,1.77016202361,1.7716802485
9,0,0.256897324834,1.03211344161,1.29094778524,1.35799498165,1.40074030321,1.4304353558,1.45231160375,1.46914222578,1.48253634825,1.49349179193,1.50265969693,1.51048253039,1.51727103251,1.52324948536,1.5285835492,1.53339802579,1.53778855694,1.5418295413,1.54557962032,1.5490855598,1.55238504731,1.55550874187,1.55848179816,1.56132501512,1.56405571214,1.56668840492,1.56923533202,1.57170686901,1.57411185691,1.5764578649,1.57875140182,1.58099808781,1.58320279428,1.58536975894,1.58750268077,1.58960479875,1.59167895771,1.59372766333,1.59575312859,1.59775731294,1.59974195558,1.60170860378,1.60365863711,1.60559328822,1.6075136607,1.6094207445,1.61131542931,1.61319851612,1.61507072729,1.61693271539,1.61878507087,1.62062832879,1.62246297478,1.62428945021,1.62610815682,1.62791946082,1.6297236964,1.63152116903,1.63331215823,1.63509692012,1.63687568969,1.63864868279,1.64041609794,1.64217811795,1.64393491136,1.64568663375,1.6474334289,1.64917542984,1.6509127598,1.65264553309,1.65437385585,1.65609782674,1.65781753761,1.65953307406,1.66124451595,1.66295193789,1.66465540966,1.66635499662,1.66805076005,1.66974275748,1.67143104299,1.67311566749,1.67479667897,1.67647412268,1.67814804142,1.67981847567,1.68148546377,1.6831490421,1.68480924523,1.68646610602,1.68811965579,1.6897699244,1.69141694038,1.69306073099,1.69470132235,1.6963387395,1.69797300649,1.69960414642,1.70123218155,1.70285713331,1.70447902239,1.70609786879,1.70771369184,1.70932651027,1.71093634223,1.71254320537,1.71414711679,1.71574809318,1.71734615075,1.71894130533,1.72053357236,1.72212296691,1.72370950372,1.72529319722,1.72687406153,1.72845211051,1.73002735772,1.73159981652,1.73316949999,1.73473642101,1.73630059225,1.73786202619,1.73942073511,1.7409767311,1.74253002612,1.74408063193,1.74562856018,1.74717382233,1.74871642973,1.75025639361,1.75179372505,1.75332843501,1.75486053437,1.75639003386,1.75791694414,1.75944127574,1.76096303911,1.76248224461,1.7639989025,1.76551302297,1.76702461611,1.76853369194,1.77004026041,1.77154433137,1.77304591463,1.77454501991,1.77604165685,1.77753583507,1.77902756407
10,0,0.278678767037,0.942672430963,1.22700329467,1.32976886852,1.38152649447,1.41776834774,1.4446535223,1.46546235686,1.48210689474,1.49577803507,1.50725628787,1.51707430856,1.52560777294,1.53312898701,1.539839941,1.54589345794,1.55140715838,1.5564729352,1.56116353632,1.56553723407,1.56964119924,1.57351397955,1.57718734736,1.58068769583,1.5840371066,1.58725417553,1.59035465771,1.59335197605,1.59625762584,1.59908149903,1.60183214614,1.60451698926,1.60714249637,1.60971432485,1.61223744039,1.61471621582,1.61715451398,1.61955575718,1.62192298599,1.62425890898,1.62656594509,1.62884625989,1.63110179651,1.63333430243,1.63554535248,1.63773636879,1.63990863815,1.64206332705,1.64420149486,1.64632410538,1.64843203695,1.65052609132,1.65260700154,1.65467543885,1.65673201885,1.65877730691,1.66081182304,1.66283604619,1.66485041809,1.66685534669,1.66885120922,1.67083835499,1.67281710783,1.67478776834,1.67675061586,1.67870591034,1.68065389393,1.68259479248,1.68452881686,1.68645616422,1.68837701902,1.69029155411,1.6921999316,1.6941023037,1.69599881347,1.69788959552,1.69977477667,1.70165447648,1.70352880781,1.7053978773,1.70726178583,1.7091206289,1.71097449702,1.71282347608,1.71466764763,1.7165070892,1.71834187458,1.72017207402,1.72199775454,1.72381898005,1.72563581163,1.72744830768,1.72925652407,1.73106051434,1.73286032981,1.73465601973,1.73644763141,1.73823521032,1.74001880022,1.74179844325,1.74357418001,1.7453460497,1.74711409011,1.74887833781,1.75063882813,1.75239559525,1.7541486723,1.75589809138,1.75764388361,1.75938607922,1.76112470754,1.76285979711,1.76459137568,1.76631947025,1.76804410712,1.76976531192,1.77148310966,1.77319752471,1.7749085809,1.77661630147,1.77832070918,1.78002182624,1.78171967443,1.78341427503,1.78510564891,1.78679381651,1.78847879788,1.79016061268,1.79183928019,1.79351481935,1.79518724878,1.79685658674,1.7985228512,1.80018605981,1.80184622997,1.80350337876,1.80515752302,1.80680867931,1.80845686396,1.81010209305,1.81174438244,1.81338374775,1.8150202044,1.81665376758,1.81828445231,1.81991227337,1.82153724539,1.82315938281,1.82477869986
11,0,0.434799238405,1.01845260751,1.24728483434,1.32777265762,1.37382495713,1.40613213844,1.43015458886,1.44879863531,1.4637573997,1.47608494609,1.4864718374,1.49538919345,1.50316920188,1.51005259572,1.51621791636,1.5218002305,1.52690348549,1.53160889013,1.5359807356,1.54007052373,1.54391994929,1.54756309031,1.55102804071,1.55433814366,1.55751293471,1.56056887108,1.56351990121,1.56637791396,1.56915309566,1.57185421654,1.57448886185,1.57706361994,1.57958423613,1.58205573942,1.58448254736,1.58686855345,1.58921720012,1.59153154018,1.59381428868,1.5960678668,1.59829443931,1.60049594653,1.60267413172,1.60483056468,1.60696666211,1.60908370522,1.61118285505,1.6132651658,1.61533159647,1.61738302106,1.61942023753,1.62144397563,1.6234549039,1.62545363574,1.62744073491,1.62941672031,1.63138207027,1.63333722638,1.63528259691,1.63721855984,1.63914546558,1.64106363946,1.6429733839,1.64487498038,1.64676869125,1.64865476134,1.65053341939,1.6524048794,1.65426934181,1.65612699457,1.65797801414,1.65982256639,1.6616608074,1.66349288421,1.66531893552,1.66713909226,1.66895347821,1.67076221049,1.67256540003,1.67436315205,1.6761555664,1.67794273799,1.67972475706,1.68150170957,1.68327367743,1.6850407388,1.68680296829,1.68856043726,1.69031321395,1.69206136374,1.69380494927,1.69554403067,1.69727866567,1.69900890974,1.70073481627,1.70245643662,1.70417382033,1.70588701513,1.70759606711,1.70930102077,1.71100191916,1.71269880389,1.71439171525,1.71608069229,1.71776577285,1.71944699366,1.72112439036,1.72279799758,1.72446784899,1.72613397734,1.72779641451,1.72945519153,1.73111033866,1.73276188541,1.73440986054,1.73605429216,1.7376952077,1.73933263397,1.74096659719,1.742597123,1.74422423649,1.74584796222,1.74746832426,1.74908534619,1.75069905112,1.75230946174,1.75391660027,1.75552048856,1.75712114805,1.75871859979,1.76031286447,1.76190396243,1.76349191368,1.76507673787,1.76665845437,1.76823708221,1.76981264015,1.77138514665,1.7729546199,1.77452107783,1.77608453808,1.77764501807,1.77920253497,1.7807571057,1.78230874697,1.78385747526,1.78540330682,1.78694625771,1.78848634378
12,0,0.400552461543,0.945746991988,1.17142251463,1.25673295242,1.30507700518,1.33902712842,1.36430012175,1.38393883389,1.39971599221,1.41273529004,1.42371986549,1.43316311293,1.44141296799,1.44872161109,1.45527610273,1.46121797865,1.46665618541,1.47167585481,1.4763443988,1.48071583199,1.48483389463,1.48873434627,1.49244667559,1.49599539219,1.49940101442,1.50268083335,1.50584950945,1.50891954315,1.51190164912,1.51480505621,1.51763774989,1.52040666927,1.52311786839,1.52577664914,1.5283876712,1.53095504363,1.53348240152,1.53597297042,1.53842962067,1.54085491358,1.54325114069,1.5456203573,1.54796441126,1.55028496774,1.55258353059,1.5548614609,1.55711999306,1.55936024876,1.56158324924,1.56378992604,1.56598113035,1.56815764135,1.57032017347,1.57246938287,1.57460587316,1.57673020049,1.57884287803,1.58094438001,1.58303514534,1.5851155808,1.58718606392,1.58924694557,1.59129855227,1.59334118829,1.59537513755,1.5974006653,1.59941801966,1.60142743302,1.6034291233,1.6054232951,1.60741014074,1.60938984121,1.61136256703,1.61332847904,1.61528772911,1.61724046082,1.61918681005,1.62112690553,1.62306086934,1.62498881738,1.62691085981,1.62882710142,1.63073764201,1.63264257671,1.63454199629,1.63643598744,1.63832463306,1.64020801244,1.64208620156,1.64395927323,1.64582729734,1.647690341,1.6495484687,1.6514017425,1.65325022214,1.6550939652,1.6569330272,1.65876746173,1.66059732053,1.66242265366,1.66424350949,1.66605993489,1.66787197524,1.66967967454,1.67148307547,1.67328221947,1.67507714678,1.67686789652,1.67865450673,1.68043701445,1.68221545572,1.68398986567,1.68576027854,1.68752672773,1.68928924584,1.6910478647,1.6928026154,1.69455352832,1.69630063318,1.69804395906,1.6997835344,1.70151938707,1.70325154436,1.70498003301,1.70670487925,1.7084261088,1.71014374689,1.71185781829,1.71356834731,1.71527535784,1.71697887336,1.71867891691,1.72037551119,1.7220686785,1.72375844077,1.72544481959,1.72712783622,1.72880751159,1.73048386629,1.73215692063,1.73382669461,1.73549320794,1.73715648006,1.73881653013,1.74047337704,1.74212703945,1.74377753573,1.74542488405,1.74706910232
13,0,0.366754861144,0.98234117445,1.23610470604,1.32717135646,1.3768100438,1.41163824639,1.43753269775,1.45762336358,1.47373474143,1.4870033193,1.4981740526,1.50775542424,1.51610613869,1.5234862653,1.53008877196,1.5360597016,1.54151149549,1.54653203352,1.55119091532,1.55554391622,1.55963620724,1.56350472076,1.56717991426,1.57068710329,1.5740474809,1.57727890616,1.58039652031,1.58341323256,1.58634010665,1.58918667077,1.59196116785,1.59467075927,1.5973216915,1.59991943343,1.60246879005,1.60497399711,1.6074388004,1.60986652229,1.61226011801,1.61462222332,1.61695519513,1.61926114621,1.62154197495,1.62379939097,1.62603493722,1.62825000918,1.63044587146,1.6326236723,1.63478445625,1.63692917522,1.63905869827,1.64117382011,1.64327526871,1.64536371195,1.64743976354,1.64950398827,1.65155690667,1.65359899923,1.65563071001,1.65765245005,1.65966460034,1.66166751441,1.66366152085,1.66564692534,1.66762401273,1.66959304867,1.67155428131,1.67350794264,1.67545424988,1.67739340659,1.6793256038,1.68125102096,1.68316982684,1.68508218032,1.68698823118,1.68888812071,1.69078198241,1.69266994247,1.69455212039,1.69642862934,1.69829957672,1.70016506446,1.70202518947,1.70388004393,1.70572971563,1.70757428824,1.70941384161,1.71124845199,1.71307819228,1.71490313221,1.71672333858,1.71853887541,1.72034980412,1.7221561837,1.72395807083,1.72575552002,1.72754858375,1.72933731261,1.73112175534,1.73290195899,1.73467796901,1.73644982931,1.73821758236,1.73998126928,1.7417409299,1.7434966028,1.74524832544,1.74699613416,1.74874006425,1.75048015003,1.75221642485,1.75394892118,1.75567767064,1.75740270403,1.75912405138,1.76084174198,1.7625558044,1.76426626657,1.76597315574,1.76767649857,1.76937632114,1.77107264893,1.77276550692,1.77445491956,1.77614091079,1.77782350409,1.77950272249,1.78117858857,1.7828511245,1.78452035202,1.78618629251,1.78784896696,1.78950839601,1.79116459993,1.79281759867,1.79446741187,1.79611405882,1.79775755854,1.79939792974,1.80103519086,1.80266936006,1.80430045524,1.80592849403,1.80755349383,1.80917547179,1.81079444482,1.81241042962,1.81402344267,1.81563350021
14,0,0.559027213537,1.038555605,1.23690706707,1.32026131664,1.36603672399,1.39822126664,1.42220515258,1.44085932264,1.45585743186,1.46824214619,1.4786970404,1.48768879948,1.49554672338,1.50250962968,1.50875477359,1.51441635301,1.51959772885,1.52437971752,1.52882635303,1.53298897512,1.53690918385,1.54062101042,1.54415253607,1.54752711551,1.55076431293,1.55388062607,1.556890052,1.55980453344,1.56263431392,1.56538822252,1.568073904,1.57069800605,1.57326633254,1.57578396987,1.5782553915,1.58068454517,1.58307492579,1.58542963677,1.58775144185,1.59004280906,1.59230594811,1.59454284244,1.59675527664,1.59894486011,1.60111304747,1.60326115625,1.60539038227,1.60750181301,1.60959643937,1.61167516588,1.61373881973,1.6157881587,1.61782387816,1.61984661726,1.62185696441,1.62385546216,1.62584261154,1.62781887593,1.62978468449,1.63174043527,1.63368649797,1.63562321645,1.63755091093,1.63946988003,1.64138040257,1.64328273924,1.64517713403,1.64706381564,1.64894299866,1.65081488468,1.65267966332,1.65453751311,1.65638860238,1.65823308996,1.66007112593,1.66190285223,1.66372840326,1.66554790638,1.66736148247,1.66916924631,1.67097130703,1.67276776849,1.67455872963,1.6763442848,1.67812452403,1.67989953336,1.68166939502,1.68343418776,1.68519398699,1.68694886501,1.68869889122,1.69044413225,1.69218465218,1.69392051263,1.69565177293,1.69737849027,1.69910071978,1.70081851468,1.70253192636,1.70424100448,1.70594579708,1.70764635067,1.70934271028,1.71103491956,1.71272302084,1.7144070552,1.71608706254,1.71776308162,1.71943515013,1.72110330475,1.72276758115,1.72442801411,1.7260846375,1.72773748435,1.72938658688,1.73103197653,1.73267368402,1.73431173934,1.73594617182,1.73757701013,1.73920428233,1.74082801586,1.74244823762,1.74406497393,1.74567825059,1.74728809291,1.74889452569,1.75049757326,1.75209725951,1.75369360789,1.75528664141,1.75687638269,1.75846285398,1.7600460771,1.76162607355,1.76320286445,1.76477647059,1.76634691243,1.76791421011,1.76947838345,1.77103945197,1.77259743492,1.77415235125,1.77570421963,1.77725305848,1.77879888595,1.78034171994,1.78188157812,1.78341847791
15,0,0.311246209603,0.955487526633,1.23392287202,1.33807430884,1.38299032671,1.4141871808,1.43714312618,1.4547686564,1.46875603809,1.48015665319,1.48965782903,1.49772742108,1.50469453537,1.51079708119,1.51621104835,1.52106921258,1.52547346891,1.52950318748,1.53322101018,1.53667695636,1.539911385,1.54295716728,1.54584130379,1.54858614449,1.55121032025,1.553729462,1.55615676165,1.55850341358,1.56077896521,1.56299159754,1.56514835133,1.56725531067,1.56931775297,1.57134027224,1.57332688091,1.57528109451,1.57720600226,1.57910432639,1.58097847205,1.58283056951,1.58466251007,1.58647597662,1.58827246982,1.59005333052,1.59181975909,1.59357283216,1.59531351704,1.5970426843,1.59876111873,1.60046952886,1.60216855531,1.60385877818,1.60554072346,1.60721486868,1.60888164801,1.61054145661,1.6121946546,1.61384157056,1.61548250461,1.6171177312,1.61874750155,1.62037204587,1.62199157535,1.6236062839,1.62521634975,1.62682193688,1.62842319631,1.63002026724,1.63161327811,1.63320234753,1.63478758516,1.63636909244,1.63794696332,1.6395212849,1.64109213797,1.64265959757,1.64422373345,1.64578461052,1.64734228921,1.64889682587,1.65044827308,1.65199667995,1.65354209239,1.65508455338,1.65662410321,1.65816077963,1.65969461811,1.661225652,1.66275391266,1.66427942966,1.66580223087,1.66732234263,1.66883978984,1.67035459606,1.67186678364,1.67337637378,1.67488338663,1.67638784137,1.67788975627,1.67938914876,1.68088603549,1.6823804324,1.68387235475,1.68536181717,1.68684883374,1.68833341798,1.68981558292,1.69129534112,1.69277270473,1.69424768549,1.69572029475,1.69719054353,1.69865844255,1.70012400218,1.70158723256,1.70304814355,1.70450674475,1.70596304557,1.70741705519,1.70886878259,1.71031823658,1.7117654258,1.71321035871,1.71465304365,1.71609348881,1.71753170224,1.71896769188,1.72040146555,1.72183303099,1.72326239579,1.7246895675,1.72611455355,1.72753736129,1.72895799802,1.73037647093,1.73179278717,1.73320695382,1.7346189779,1.73602886636,1.73743662612,1.73884226403,1.7402457869,1.74164720149,1.74304651453,1.7444437327,1.74583886264,1.74723191095,1.74862288421,1.75001178895
16,0,0.352627892393,0.917652221329,1.17332393809,1.28772198809,1.34375595393,1.38325357532,1.41274695806,1.43571517905,1.45419212174,1.46944825941,1.48231865749,1.49337484211,1.5030210652,1.51155119362,1.51918384569,1.526084911,1.53238244567,1.53817679592,1.54354764335,1.54855901093,1.55326288653,1.55770188902,1.56191125953,1.56592036836,1.56975386967,1.57343259578,1.57697425718,1.58039399538,1.58370482342,1.58691797971,1.5900432142,1.59308902168,1.59606283297,1.59897117265,1.60181978993,1.60461376781,1.60735761456,1.61005534071,1.61271052425,1.61532636601,1.61790573679,1.62045121784,1.62296513556,1.62544959142,1.62790648787,1.6303375508,1.63274434907,1.6351283116,1.63749074225,1.63983283298,1.64215567531,1.6444602705,1.64674753853,1.64901832604,1.65127341338,1.65351352088,1.65573931445,1.65795141057,1.66015038075,1.66233675552,1.66451102806,1.66667365735,1.66882507116,1.67096566863,1.67309582264,1.67521588194,1.67732617315,1.67942700242,1.68151865713,1.68360140728,1.68567550683,1.68774119492,1.68979869697,1.69184822566,1.69388998188,1.69592415558,1.69795092652,1.69997046498,1.70198293244,1.70398848217,1.70598725976,1.70797940365,1.70996504561,1.71194431114,1.71391731992,1.71588418612,1.71784501881,1.71979992221,1.72174899604,1.72369233577,1.72563003287,1.72756217506,1.72948884651,1.73141012806,1.73332609742,1.73523682933,1.73714239571,1.73904286585,1.74093830654,1.74282878219,1.74471435499,1.746595085,1.74847103025,1.75034224688,1.75220878921,1.75407070985,1.75592805976,1.75778088837,1.75962924359,1.76147317197,1.76331271868,1.76514792763,1.7669788415,1.76880550183,1.77062794902,1.77244622243,1.77426036039,1.77607040027,1.77787637851,1.77967833067,1.78147629143,1.78327029469,1.78506037354,1.78684656033,1.78862888671,1.79040738359,1.79218208126,1.79395300935,1.79572019688,1.79748367228,1.79924346339,1.80099959754,1.8027521015,1.80450100155,1.80624632345,1.80798809251,1.80972633358,1.81146107105,1.81319232891,1.81492013071,1.81664449961,1.81836545838,1.82008302943,1.82179723478,1.82350809612,1.82521563479,1.82691987181,1.82862082786,1.83031852332
17,0,0.399318522404,0.923038515705,1.15361629519,1.25608590921,1.30931519859,1.34682370093,1.37482429586,1.39663194364,1.41418237597,1.42868346228,1.44092831444,1.45145921953,1.46065939129,1.46880715309,1.47610938008,1.48272291867,1.48876874505,1.49434158185,1.49951658663,1.50435410154,1.50890308918,1.5132036593,1.51728895475,1.52118657806,1.52491968374,1.5285078241,1.53196761066,1.53531323648,1.538556892,1.5417090989,1.54477898006,1.54777447942,1.55070254214,1.55356926312,1.55638001025,1.559139527,1.5618520185,1.56452122393,1.5671504777,1.5697427615,1.57230074853,1.57482684146,1.57732320497,1.57979179381,1.58223437705,1.58465255911,1.58704779808,1.58942142165,1.59177464109,1.59410856346,1.59642420242,1.59872248769,1.6010042734,1.60327034555,1.60552142858,1.60775819117,1.60998125154,1.61219118201,1.61438851321,1.61657373777,1.6187473137,1.62090966736,1.62306119617,1.62520227104,1.62733323858,1.6294544231,1.63156612838,1.63366863933,1.63576222345,1.63784713223,1.63992360228,1.64199185656,1.64405210532,1.64610454707,1.64814936943,1.65018674989,1.65221685656,1.6542398488,1.65625587783,1.6582650873,1.66026761376,1.66226358719,1.66425313139,1.66623636439,1.66821339882,1.67018434227,1.67214929757,1.67410836312,1.67606163314,1.67800919795,1.67995114414,1.68188755486,1.68381850999,1.68574408633,1.68766435777,1.68957939545,1.69148926794,1.69339404136,1.69529377951,1.69718854399,1.69907839435,1.70096338816,1.70284358113,1.7047190272,1.70658977863,1.70845588607,1.7103173987,1.71217436419,1.7140268289,1.71587483783,1.71771843477,1.7195576623,1.72139256186,1.72322317384,1.72504953755,1.72687169134,1.72868967261,1.73050351783,1.73231326264,1.73411894182,1.73592058936,1.7377182385,1.73951192172,1.74130167082,1.74308751691,1.74486949045,1.74664762128,1.74842193864,1.75019247118,1.751959247,1.75372229365,1.75548163819,1.75723730714,1.75898932658,1.76073772208,1.76248251879,1.76422374141,1.76596141424,1.76769556114,1.76942620561,1.77115337074,1.77287707927,1.77459735356,1.77631421566,1.77802768724,1.77973778967,1.781444544,1.78314797097,1.78484809101
18,0,0.40192669308,0.977262175455,1.21756772689,1.3104069118,1.36086034389,1.39631392132,1.42271418112,1.44322933776,1.45970682954,1.47329785033,1.48475727758,1.49460056646,1.50319148612,1.51079388771,1.5176036296,1.5237690085,1.5294042537,1.53459868522,1.53942307832,1.54393417942,1.54817797036,1.55219206698,1.55600750796,1.55965010692,1.56314148692,1.56649988071,1.56974075621,1.5728773099,1.57592085941,1.5788811584,1.58176665096,1.58458467867,1.58734165011,1.59004318047,1.59269420728,1.59529908676,1.59786167449,1.60038539322,1.6028732902,1.60532808578,1.60775221479,1.61014786196,1.61251699229,1.61486137715,1.61718261691,1.61948216049,1.62176132236,1.62402129734,1.62626317357,1.62848794386,1.63069651561,1.63288971963,1.63506831785,1.63723301018,1.63938444054,1.64152320232,1.64364984308,1.6457648689,1.64786874817,1.64996191499,1.65204477223,1.65411769431,1.65618102966,1.65823510289,1.66028021689,1.66231665457,1.66434468051,1.66636454248,1.66837647276,1.67038068935,1.67237739712,1.67436678877,1.67634904582,1.67832433939,1.68029283099,1.68225467324,1.6842100105,1.68615897946,1.68810170966,1.69003832404,1.69196893934,1.69389366657,1.69581261136,1.69772587432,1.69963355139,1.70153573415,1.70343251004,1.7053239627,1.70721017216,1.70909121509,1.71096716497,1.71283809233,1.71470406488,1.71656514771,1.71842140343,1.72027289232,1.72211967245,1.72396179982,1.72579932846,1.72763231054,1.7294607965,1.7312848351,1.73310447354,1.73491975752,1.73673073135,1.73853743797,1.74033991908,1.74213821515,1.74393236552,1.74572240841,1.74750838103,1.74929031959,1.75106825934,1.75284223465,1.75461227902,1.75637842514,1.7581407049,1.75989914946,1.76165378925,1.763404654,1.76515177282,1.76689517417,1.76863488589,1.77037093526,1.77210334901,1.77383215331,1.77555737385,1.77727903579,1.77899716384,1.78071178226,1.78242291483,1.78413058494,1.78583481556,1.78753562927,1.78923304826,1.79092709436,1.79261778904,1.79430515341,1.79598920829,1.79766997413,1.7993474711,1.80102171905,1.80269273756,1.80436054589,1.80602516306,1.80768660781,1.80934489862,1.8110000537,1.81265209106
19,0,0.382142505148,0.917168886316,1.15089639587,1.24891570956,1.2993546237,1.33478135728,1.3611464407,1.3816206584,1.39805315945,1.41159631289,1.42300582537,1.43279775057,1.44133629772,1.44888564675,1.45564190475,1.46175355861,1.46733498427,1.47247561559,1.47724631657,1.48170390305,1.48589441123,1.48985549943,1.49361823947,1.49720847064,1.50064783569,1.50395458223,1.50714418919,1.51022986087,1.51322292016,1.51613312389,1.51896891766,1.52173764312,1.5244457078,1.52709872493,1.52970162934,1.53225877393,1.53477401047,1.53725075754,1.53969205789,1.54210062713,1.54447889519,1.54682904176,1.54915302669,1.55145261617,1.55372940534,1.55598483789,1.55822022305,1.56043675044,1.56263550305,1.56481746856,1.56698354934,1.56913457118,1.57127129112,1.57339440419,1.57550454959,1.57760231598,1.57968824636,1.58176284228,1.5838265677,1.58587985236,1.5879230949,1.58995666557,1.59198090867,1.59399614486,1.59600267307,1.59800077239,1.59999070364,1.60197271091,1.60394702287,1.60591385402,1.60787340575,1.60982586741,1.6117714172,1.61371022301,1.6156424432,1.61756822727,1.61948771656,1.62140104478,1.62330833858,1.62520971805,1.62710529715,1.62899518414,1.63087948199,1.63275828871,1.63463169767,1.63649979792,1.63836267447,1.64022040854,1.6420730778,1.6439207566,1.64576351617,1.64760142481,1.64943454804,1.65126294884,1.65308668772,1.65490582289,1.65672041043,1.65853050434,1.66033615674,1.66213741789,1.66393433637,1.66572695911,1.6675153315,1.66929949751,1.67107949969,1.67285537931,1.67462717638,1.67639492975,1.67815867714,1.67991845522,1.68167429962,1.68342624503,1.68517432523,1.6869185731,1.6886590207,1.6903956993,1.69212863941,1.69385787079,1.69558342255,1.6973053231,1.69902360022,1.7007382811,1.70244939233,1.70415695995,1.70586100947,1.70756156586,1.70925865362,1.71095229677,1.71264251888,1.71432934306,1.71601279201,1.71769288802,1.719369653,1.72104310847,1.72271327558,1.72438017513,1.7260438276,1.72770425311,1.72936147149,1.73101550224,1.73266636457,1.73431407742,1.73595865943,1.73760012897,1.73923850416,1.74087380285,1.74250604267,1.74413524099,1.74576141494
20,0,0.398897672754,1.00327814647,1.23584508474,1.31517577409,1.36293727146,1.39648309008,1.42145940811,1.44087138297,1.45646973586,1.46934443551,1.48020961551,1.48955252029,1.49771674552,1.50495132471,1.51144098373,1.51732549205,1.52271243713,1.52768588942,1.53231242112,1.53664537475,1.54072794704,1.54459545386,1.54827701873,1.55179684834,1.55517520809,1.55842917642,1.56157323403,1.56461972858,1.56757924418,1.57046089773,1.57327257815,1.57602114103,1.57871256791,1.58135209745,1.58394433409,1.58649333843,1.58900270298,1.59147561568,1.59391491368,1.59632312889,1.59870252669,1.60105513913,1.60338279335,1.60568713599,1.60796965434,1.61023169464,1.61247447793,1.61469911391,1.61690661306,1.61909789715,1.62127380861,1.62343511867,1.62558253459,1.62771670603,1.62983823071,1.6319476594,1.63404550043,1.63613222362,1.63820826385,1.64027402426,1.64232987904,1.64437617602,1.64641323896,1.64844136961,1.65046084958,1.652471942,1.65447489309,1.65646993348,1.65845727947,1.66043713421,1.66240968867,1.66437512261,1.66633360543,1.66828529694,1.67023034808,1.67216890158,1.67410109251,1.67602704889,1.67794689215,1.6798607376,1.68176869484,1.68367086817,1.68556735692,1.68745825582,1.68934365525,1.69122364157,1.69309829734,1.6949677016,1.69683193005,1.69869105528,1.70054514695,1.70239427199,1.70423849472,1.70607787704,1.70791247855,1.70974235671,1.71156756692,1.71338816268,1.71520419564,1.71701571578,1.7188227714,1.72062540932,1.72242367485,1.72421761197,1.72600726331,1.72779267027,1.72957387308,1.73135091083,1.73312382155,1.73489264225,1.73665740899,1.73841815687,1.74017492015,1.74192773222,1.74367662568,1.74542163237,1.74716278338,1.74890010911,1.75063363929,1.75236340301,1.75408942872,1.75581174431,1.75753037708,1.7592453538,1.7609567007,1.76266444352,1.76436860752,1.76606921747,1.76776629772,1.76945987217,1.77114996431,1.77283659721,1.77451979358,1.77619957573,1.77787596564,1.77954898489,1.78121865477,1.78288499621,1.78454802984,1.78620777597,1.78786425463,1.78951748554,1.79116748815,1.79281428164,1.79445788492,1.79609831665,1.79773559523,1.79936973882,1.80100076536
21,0,0.457835968023,1.02852931005,1.26112266061,1.34810533797,1.3950515086,1.42797491277,1.45244352641,1.47142187436,1.4866374646,1.49916603845,1.50971252105,1.51875793044,1.52664149792,1.53360910384,1.53984313611,1.54548159141,1.55063068601,1.55537341118,1.5597754763,1.56388952425,1.56775817711,1.57141627327,1.57489253518,1.5782108294,1.5813911302,1.58445026475,1.58740249523,1.59025997783,1.59303312788,1.59573091242,1.59836108668,1.60093038627,1.60344468453,1.60590912207,1.6083282141,1.6107059397,1.61304581659,1.61535096385,1.61762415506,1.61986786317,1.62208429882,1.62427544302,1.62644307523,1.62858879744,1.630714055,1.63282015473,1.63490828047,1.63697950683,1.63903481105,1.64107508341,1.64310113645,1.64511371298,1.64711349319,1.64910110094,1.65107710932,1.65304204557,1.65499639548,1.6569406073,1.65887509521,1.66080024248,1.66271640422,1.66462390991,1.66652306563,1.66841415613,1.6702974466,1.67217318435,1.67404160031,1.67590291035,1.67775731651,1.67960500812,1.68144616279,1.68328094733,1.68510951861,1.68693202428,1.68874860347,1.69055938747,1.69236450024,1.69416405899,1.69595817466,1.69774695236,1.69953049175,1.70130888748,1.70308222948,1.70485060332,1.70661409046,1.70837276857,1.71012671174,1.71187599073,1.71362067319,1.71536082385,1.71709650469,1.71882777512,1.72055469216,1.72227731056,1.72399568293,1.72570985989,1.72741989017,1.72912582072,1.73082769682,1.73252556218,1.73421945901,1.73590942811,1.73759550896,1.73927773976,1.74095615755,1.74263079821,1.74430169656,1.74596888641,1.7476324006,1.74929227106,1.75094852886,1.75260120421,1.75425032656,1.75589592461,1.75753802634,1.75917665905,1.76081184938,1.76244362336,1.76407200643,1.76569702346,1.76731869878,1.7689370562,1.77055211904,1.77216391012,1.77377245184,1.77537776613,1.77697987452,1.77857879813,1.7801745577,1.78176717358,1.78335666578,1.78494305394,1.7865263574,1.78810659516,1.7896837859,1.79125794803,1.79282909964,1.79439725856,1.79596244236,1.79752466833,1.79908395352,1.80064031473,1.80219376852,1.80374433123,1.80529201898,1.80683684767,1.80837883299,1.80991799043,1.81145433527
22,0,0.382368046731,0.948401653508,1.18827951536,1.27980921887,1.32621000969,1.35861663885,1.38260364716,1.40113498781,1.41593548291,1.42807773353,1.43826363771,1.44697147857,1.45453807961,1.46120722275,1.4671594724,1.47253123949,1.47742735783,1.48192960918,1.48610264056,1.48999815794,1.49365795371,1.49711612861,1.5004007467,1.50353508469,1.50653858659,1.50942760125,1.512215958,1.51491542015,1.51753604538,1.52008647435,1.52257416357,1.52500557464,1.52738632896,1.529721335,1.53201489361,1.53427078552,1.53649234455,1.53868251908,1.5408439238,1.54297888365,1.54508947114,1.54717753815,1.54924474326,1.55129257518,1.55332237294,1.5553353434,1.5573325764,1.55931505795,1.56128368175,1.56323925924,1.56518252839,1.56711416148,1.56903477194,1.57094492032,1.57284511963,1.57473584009,1.57661751329,1.57849053591,1.58035527308,1.58221206128,1.58406121106,1.58590300937,1.5877377217,1.589565594,1.59138685437,1.59320171466,1.59501037184,1.59681300925,1.59860979776,1.60040089682,1.60218645535,1.60396661266,1.60574149915,1.60751123708,1.60927594115,1.61103571915,1.61279067243,1.61454089644,1.61628648113,1.6180275114,1.61976406745,1.62149622512,1.62322405622,1.6249476288,1.62666700744,1.62838225347,1.6300934252,1.63180057816,1.63350376522,1.63520303686,1.63689844123,1.6385900244,1.64027783043,1.64196190151,1.64364227812,1.64531899908,1.64699210172,1.64866162189,1.65032759415,1.65199005175,1.65364902679,1.65530455023,1.656956652,1.65860536104,1.66025070535,1.66189271207,1.66353140748,1.66516681712,1.66679896576,1.66842787749,1.67005357575,1.67167608332,1.67329542242,1.67491161471,1.67652468129,1.67813464279,1.67974151933,1.6813453306,1.68294609585,1.68454383391,1.68613856322,1.68773030186,1.68931906752,1.69090487759,1.69248774912,1.69406769883,1.69564474317,1.69721889829,1.69879018008,1.70035860416,1.7019241859,1.70348694044,1.70504688267,1.70660402728,1.70815838873,1.70970998129,1.71125881903,1.71280491581,1.71434828534,1.71588894113,1.71742689653,1.7189621647,1.72049475869,1.72202469134,1.72355197538,1.72507662339,1.72659864779,1.72811806088,1.72963487482
23,0,0.352109157089,0.921868061135,1.17593606692,1.28582602635,1.33413706512,1.36764929378,1.39242240828,1.41152720408,1.42675241846,1.43921138558,1.44963325339,1.45851524903,1.46620778326,1.47296463833,1.47897390087,1.48437774594,1.48928549557,1.49378247527,1.49793616457,1.50180055806,1.5054193152,1.50882807304,1.51205616962,1.51512794549,1.51806373861,1.52088065338,1.52359316099,1.52621357272,1.52875241597,1.53121873573,1.53362033779,1.53596398646,1.53825556633,1.54050021526,1.54270243457,1.54486618061,1.54699494134,1.54909180062,1.55115949254,1.55320044732,1.55521683041,1.55721057592,1.55918341514,1.56113690116,1.56307243005,1.56499125922,1.56689452328,1.56878324793,1.57065836199,1.57252070801,1.57437105144,1.57621008886,1.57803845509,1.57985672951,1.58166544167,1.58346507625,1.58525607744,1.58703885287,1.58881377709,1.59058119471,1.59234142314,1.59409475511,1.59584146092,1.59758179043,1.59931597485,1.60104422843,1.60276674986,1.60448372364,1.60619532126,1.60790170231,1.60960301544,1.61129939926,1.61299098317,1.61467788807,1.61636022707,1.61803810606,1.61971162431,1.62138087496,1.62304594549,1.62470691815,1.62636387035,1.62801687503,1.62966600097,1.6313113131,1.63295287279,1.63459073809,1.63622496397,1.63785560253,1.63948270323,1.64110631304,1.6427264766,1.64434323644,1.64595663304,1.64756670505,1.64917348933,1.65077702114,1.65237733418,1.65397446077,1.65556843184,1.65715927709,1.65874702507,1.66033170319,1.66191333786,1.6634919545,1.66506757763,1.66664023092,1.66820993722,1.66977671865,1.6713405966,1.6729015918,1.67445972432,1.67601501369,1.67756747882,1.67911713812,1.68066400951,1.68220811041,1.6837494578,1.68528806825,1.68682395792,1.68835714258,1.68988763766,1.69141545824,1.69294061906,1.69446313458,1.69598301895,1.69750028605,1.69901494948,1.70052702261,1.70203651856,1.70354345021,1.70504783024,1.70654967111,1.70804898509,1.70954578425,1.71104008048,1.71253188549,1.71402121085,1.71550806794,1.71699246799,1.71847442209,1.7199539412,1.72143103612,1.72290571754,1.724377996,1.72584788195,1.72731538568,1.72878051742,1.73024328724,1.73170370514
24,0,0.424790030117,0.951357620076,1.17843593155,1.27436137652,1.32177428253,1.35495843039,1.37956917207,1.39861653947,1.41385392613,1.4263727735,1.43688800396,1.44588724774,1.45371424373,1.46061802092,1.46678321064,1.4723494339,1.47742409849,1.4820910787,1.48641674341,1.49045423078,1.49424653601,1.49782877874,1.50122989298,1.5044739035,1.50758090174,1.51056780025,1.51344892184,1.51623646405,1.51894086843,1.52157111644,1.52413496843,1.52663915787,1.52908955034,1.5314912743,1.53384882939,1.53616617661,1.53844681361,1.54069383805,1.54291000104,1.54509775245,1.54725927942,1.54939653929,1.55151128781,1.55360510342,1.55567940814,1.55773548576,1.5597744975,1.56179749575,1.563805436,1.5657991873,1.56777954144,1.56974722101,1.57170288653,1.57364714271,1.575580544,1.57750359955,1.57941677757,1.58132050924,1.58321519218,1.58510119357,1.58697885292,1.58884848457,1.59071037993,1.59256480949,1.59441202462,1.59625225924,1.59808573127,1.59991264396,1.60173318711,1.60354753817,1.60535586324,1.60715831794,1.60895504828,1.61074619136,1.6125318761,1.61431222383,1.61608734887,1.61785735905,1.61962235621,1.6213824366,1.62313769128,1.62488820654,1.62663406419,1.62837534187,1.63011211338,1.63184444889,1.63357241523,1.63529607607,1.63701549217,1.63873072155,1.64044181966,1.64214883956,1.64385183206,1.64555084588,1.64724592776,1.64893712257,1.65062447346,1.65230802195,1.65398780801,1.65566387016,1.65733624557,1.65900497011,1.66067007845,1.66233160412,1.66398957955,1.66564403618,1.66729500446,1.66894251394,1.6705865933,1.67222727041,1.67386457236,1.67549852549,1.67712915546,1.67875648726,1.68038054525,1.68200135318,1.68361893425,1.68523331109,1.68684450583,1.68845254011,1.69005743508,1.69165921144,1.69325788949,1.69485348908,1.69644602969,1.69803553041,1.69962201,1.70120548682,1.70278597895,1.70436350412,1.70593807978,1.70750972305,1.70907845081,1.71064427964,1.71220722586,1.71376730556,1.71532453455,1.71687892846,1.71843050263,1.71997927223,1.72152525221,1.72306845729,1.72460890203,1.72614660078,1.7276815677,1.72921381678,1.73074336184,1.73227021653,1.73379439432
25,0,0.262072673259,0.888687906019,1.16164241765,1.26408320458,1.31204222344,1.34544171679,1.37008824402,1.38906802628,1.40417632224,1.41652904491,1.42685608645,1.43565454913,1.44327431586,1.44996847096,1.45592435109,1.46128338903,1.46615420123,1.47062145716,1.4747520339,1.47859937683,1.48220664668,1.48560902849,1.48883545096,1.49190988384,1.494852329,1.49767958586,1.5004058485,1.50304317604,1.50560186609,1.50809075384,1.5105174533,1.51288855312,1.51520977676,1.51748611406,1.51972193012,1.52192105577,1.5240868631,1.52622232895,1.52833008828,1.53041247949,1.53247158285,1.53450925328,1.53652714845,1.53852675288,1.54050939871,1.54247628367,1.54442848665,1.54636698121,1.54829264737,1.55020628194,1.55210860751,1.5540002804,1.5558818976,1.55775400294,1.55961709253,1.56147161954,1.56331799847,1.56515660895,1.56698779913,1.56881188865,1.57062917135,1.5724399177,1.5742443769,1.57604277884,1.57783533586,1.57962224426,1.58140368578,1.58317982879,1.5849508295,1.58671683299,1.5884779741,1.59023437835,1.59198616268,1.59373343613,1.59547630053,1.59721485106,1.59894917674,1.60067936098,1.60240548199,1.60412761317,1.6058458235,1.60756017786,1.60927073737,1.61097755962,1.612680699,1.61438020687,1.61607613183,1.61776851989,1.61945741468,1.62114285759,1.62282488797,1.62450354323,1.626178859,1.62785086927,1.62951960645,1.63118510152,1.63284738414,1.63450648268,1.63616242436,1.6378152353,1.63946494061,1.64111156442,1.64275513001,1.64439565978,1.64603317536,1.64766769768,1.64929924692,1.65092784268,1.65255350391,1.654176249,1.65579609583,1.65741306174,1.65902716364,1.66063841796,1.66224684073,1.66385244758,1.66545525376,1.66705527419,1.66865252345,1.67024701579,1.67183876518,1.67342778531,1.67501408961,1.67659769124,1.67817860314,1.67975683802,1.68133240836,1.68290532647,1.68447560443,1.68604325416,1.6876082874,1.68917071571,1.69073055051,1.69228780306,1.69384248446,1.6953946057,1.69694417761,1.69849121092,1.70003571621,1.70157770395,1.70311718452,1.70465416817,1.70618866504,1.7077206852,1.70925023859,1.71077733508,1.71230198444,1.71382419637,1.71534398045
26,0,0.294108169052,0.926936022041,1.20476545973,1.31105589685,1.35663302323,1.3882703674,1.41153779775,1.42939360357,1.44355734845,1.45509707321,1.46471080148,1.47287353798,1.47991932519,1.48608957367,1.49156281315,1.49647369744,1.50092553319,1.5049987667,1.50875687044,1.51225051172,1.51552055983,1.51860029121,1.52151703062,1.524293389,1.52694820851,1.52949729198,1.53195397177,1.5343295574,1.53663369099,1.5388746316,1.54105948445,1.54319438691,1.54528466048,1.54733493562,1.54934925489,1.55133115865,1.55328375661,1.55520978773,1.55711167081,1.5589915472,1.56085131707,1.56269267035,1.56451711314,1.56632599046,1.56812050573,1.5699017377,1.571670655,1.57342812889,1.57517494423,1.57691180921,1.57863936372,1.58035818678,1.58206880302,1.58377168845,1.58546727548,1.58715595739,1.58883809232,1.59051400675,1.59218399866,1.59384834031,1.59550728068,1.59716104775,1.59880985044,1.60045388041,1.60209331366,1.60372831196,1.60535902412,1.60698558717,1.60860812743,1.61022676142,1.61184159671,1.61345273276,1.61506026152,1.61666426816,1.61826483161,1.61986202504,1.62145591643,1.62304656891,1.62463404124,1.6262183881,1.62779966045,1.62937790583,1.63095316865,1.6325254904,1.63409490992,1.63566146357,1.63722518547,1.63878610765,1.6403442602,1.64189967145,1.64345236808,1.64500237526,1.64654971676,1.64809441506,1.64963649144,1.65117596609,1.65271285815,1.65424718585,1.65577896653,1.65730821671,1.65883495218,1.66035918802,1.66188093869,1.66340021802,1.66491703932,1.66643141538,1.6679433585,1.66945288057,1.67095999304,1.67246470701,1.67396703322,1.67546698208,1.6769645637,1.67845978792,1.67995266429,1.68144320217,1.68293141064,1.68441729862,1.6859008748,1.68738214771,1.68886112571,1.690337817,1.69181222964,1.69328437157,1.69475425058,1.69622187434,1.69768725046,1.69915038639,1.70061128952,1.70206996714,1.70352642648,1.70498067467,1.70643271877,1.7078825658,1.70933022268,1.71077569631,1.7122189935,1.71366012104,1.71509908565,1.71653589403,1.71797055281,1.7194030686,1.72083344797,1.72226169745,1.72368782353,1.72511183269,1.72653373136,1.72795352595,1.72937122284
27,0,0.465689594038,0.988936039606,1.20714943903,1.2947975028,1.34257039291,1.37613007056,1.4011159494,1.42053128119,1.43612658813,1.44899224646,1.45984298646,1.46916667412,1.47730748844,1.48451498696,1.49097435669,1.49682576919,1.50217716104,1.5071129056,1.51169983808,1.51599152982,1.52003137703,1.52385487003,1.52749128525,1.53096496382,1.53429628966,1.53750244596,1.54059800629,1.54359540078,1.54650528702,1.54933684744,1.55209802962,1.55479574169,1.55743601237,1.56002412276,1.56256471551,1.56506188574,1.56751925708,1.5699400457,1.57232711428,1.57468301788,1.57701004291,1.57931024054,1.58158545524,1.58383734949,1.58606742498,1.58827704104,1.59046743069,1.59263971454,1.594794913,1.59693395693,1.59905769705,1.60116691213,1.60326231634,1.60534456562,1.60741426342,1.60947196576,1.61151818571,1.61355339745,1.61557803979,1.61759251943,1.61959721383,1.62159247375,1.62357862562,1.62555597358,1.6275248014,1.62948537416,1.6314379398,1.63338273049,1.63531996391,1.63724984441,1.63917256403,1.64108830343,1.64299723282,1.64489951267,1.6467952945,1.64868472148,1.65056792906,1.65244504555,1.65431619256,1.65618148553,1.65804103412,1.65989494262,1.66174331029,1.66358623172,1.66542379715,1.66725609268,1.66908320064,1.67090519973,1.67272216533,1.67453416963,1.67634128191,1.67814356862,1.67994109365,1.68173391838,1.68352210192,1.68530570118,1.68708477101,1.68885936433,1.69062953221,1.692395324,1.69415678743,1.69591396865,1.69766691235,1.69941566184,1.70116025911,1.70290074489,1.70463715872,1.70636953903,1.70809792315,1.7098223474,1.71154284714,1.71325945678,1.71497220987,1.7166811391,1.71838627636,1.72008765279,1.72178529876,1.72347924397,1.72516951744,1.72685614753,1.72853916202,1.73021858806,1.73189445225,1.73356678066,1.73523559882,1.73690093177,1.73856280404,1.74022123974,1.74187626251,1.74352789556,1.74517616167,1.74682108326,1.74846268234,1.75010098054,1.75173599915,1.7533677591,1.754996281,1.75662158512,1.75824369142,1.75986261956,1.7614783889,1.76309101852,1.76470052724,1.76630693357,1.7679102558,1.76951051195,1.77110771979,1.77270189687,1.77429306048
28,0,0.421635192078,0.944261201849,1.17549167761,1.2822952871,1.33452872006,1.37101806858,1.39819044806,1.41929733546,1.43623710658,1.45019408909,1.46194575231,1.47202354135,1.48080289124,1.48855638118,1.49548653959,1.50174685374,1.5074556559,1.5127055541,1.51756999032,1.52210789714,1.52636706573,1.53038662223,1.53419887585,1.53783071651,1.5413046849,1.54463980067,1.54785221021,1.5509556978,1.5539620927,1.55688159573,1.55972304334,1.56249412267,1.56520154757,1.56785120386,1.57044826967,1.57299731566,1.57550238908,1.57796708441,1.58039460307,1.58278780415,1.58514924756,1.58748123104,1.5897858218,1.59206488393,1.59432010191,1.59655300114,1.59876496573,1.60095725398,1.60313101196,1.6052872854,1.60742703014,1.60955112129,1.61166036142,1.6137554877,1.61583717825,1.61790605786,1.619962703,1.6220076463,1.62404138059,1.62606436247,1.62807701557,1.63007973339,1.63207288196,1.63405680215,1.63603181181,1.63799820764,1.63995626697,1.64190624931,1.64384839777,1.64578294033,1.64771009107,1.64963005119,1.65154301,1.65344914582,1.65534862679,1.65724161163,1.65912825027,1.66100868454,1.66288304871,1.66475147001,1.66661406915,1.6684709607,1.6703222536,1.67216805143,1.67400845285,1.67584355187,1.67767343815,1.67949819731,1.68131791116,1.68313265792,1.6849425125,1.68674754662,1.68854782909,1.6903434259,1.69213440045,1.69392081367,1.69570272414,1.6974801883,1.69925326048,1.70102199308,1.70278643665,1.70454663999,1.70630265025,1.70805451302,1.70980227242,1.71154597115,1.71328565058,1.71502135082,1.71675311078,1.71848096822,1.72020495984,1.72192512127,1.72364148718,1.7253540913,1.72706296647,1.72876814467,1.73046965708,1.73216753407,1.73386180531,1.73555249975,1.73723964564,1.7389232706,1.74060340162,1.74228006511,1.74395328688,1.74562309223,1.74728950589,1.74895255212,1.75061225468,1.75226863686,1.75392172151,1.75557153106,1.75721808749,1.7588614124,1.76050152701,1.76213845216,1.76377220834,1.76540281566,1.76703029394,1.76865466266,1.77027594096,1.77189414772,1.77350930151,1.7751214206,1.77673052302,1.7783366265,1.77993974853,1.78153990635,1.78313711695
29,0,0.338483835383,0.993478030907,1.26470581395,1.35869843032,1.40515890094,1.4375366291,1.46144645095,1.47987294238,1.49455240169,1.50656420664,1.5166144334,1.52518402339,1.53261152959,1.53914187541,1.54495638393,1.55019196963,1.55495379672,1.5593238581,1.56336692891,1.56713478489,1.57066924713,1.574004416,1.57716833477,1.58018424515,1.58307154632,1.58584653577,1.58852298733,1.59111260638,1.59362539149,1.59606992397,1.59845360144,1.6007828275,1.60306316682,1.60529947263,1.60749599215,1.60965645425,1.61178414267,1.61388195747,1.61595246688,1.61799795111,1.62002043967,1.62202174314,1.62400348043,1.62596710212,1.62791391067,1.62984507782,1.63176165965,1.63366460979,1.63555479081,1.63743298421,1.63929989927,1.64115618062,1.64300241511,1.64483913774,1.64666683695,1.64848595928,1.65029691353,1.65210007444,1.65389578597,1.65568436425,1.65746610015,1.65924126166,1.66101009598,1.6627728314,1.66452967898,1.6662808341,1.66802647779,1.66976677803,1.6715018908,1.67323196117,1.67495712415,1.67667750555,1.67839322273,1.68010438531,1.68181109576,1.68351344998,1.68521153784,1.68690544362,1.68859524644,1.69028102072,1.69196283645,1.69364075958,1.69531485231,1.69698517335,1.69865177821,1.7003147194,1.70197404667,1.70362980719,1.70528204574,1.70693080489,1.70857612513,1.71021804505,1.71185660142,1.71349182936,1.71512376243,1.71675243274,1.71837787104,1.7200001068,1.72161916834,1.72323508285,1.72484787649,1.72645757443,1.72806420097,1.72966777954,1.73126833275,1.73286588248,1.73446044992,1.73605205558,1.73764071933,1.73922646049,1.74080929782,1.74238924954,1.74396633339,1.74554056668,1.74711196623,1.74868054849,1.7502463295,1.75180932496,1.75336955018,1.75492702018,1.75648174965,1.75803375298,1.7595830443,1.76112963744,1.76267354602,1.76421478338,1.76575336266,1.76728929676,1.7688225984,1.77035328006,1.77188135408,1.77340683259,1.77492972754,1.77645005075,1.77796781385,1.77948302833,1.78099570553,1.78250585667,1.78401349281,1.7855186249,1.78702126376,1.7885214201,1.79001910449,1.79151432742,1.79300709926,1.79449743027,1.79598533062,1.79747081039,1.79895387956
30,0,0.451848260865,1.01722347539,1.23311219224,1.30986352558,1.35618322512,1.38872358963,1.41296023639,1.43180663548,1.44695962048,1.45947534283,1.47004561857,1.47914236372,1.4870982984,1.49415452909,1.50048987079,1.50623959908,1.51150782671,1.51637589784,1.52090821763,1.52515638622,1.52916218493,1.53295976918,1.53657730311,1.54003819423,1.54336203759,1.54656534579,1.54966211915,1.5526642953,1.55558210665,1.55842436701,1.56119870305,1.56391174252,1.5665692683,1.56917634523,1.57173742515,1.57425643435,1.57673684671,1.57918174519,1.58159387377,1.58397568146,1.58632935976,1.58865687471,1.59095999435,1.59324031234,1.59549926837,1.59773816585,1.5999581872,1.60216040731,1.60434580515,1.606515274,1.60866963047,1.61080962238,1.61293593569,1.61504920075,1.61714999767,1.6192388612,1.62131628506,1.62338272575,1.62543860599,1.62748431779,1.62952022519,1.63154666673,1.63356395767,1.63557239198,1.63757224414,1.63956377076,1.64154721207,1.6435227932,1.64549072544,1.64745120733,1.64940442561,1.65135055617,1.65328976484,1.65522220818,1.65714803416,1.65906738274,1.66098038652,1.66288717121,1.66478785614,1.6666825547,1.66857137474,1.67045441895,1.67233178521,1.67420356691,1.67606985322,1.6779307294,1.67978627702,1.68163657421,1.68348169585,1.68532171379,1.68715669705,1.68898671195,1.69081182228,1.69263208948,1.69444757274,1.69625832914,1.69806441378,1.69986587985,1.70166277881,1.70345516041,1.70524307281,1.70702656266,1.70880567521,1.71058045433,1.71235094261,1.71411718142,1.71587921098,1.71763707039,1.7193907977,1.72114042998,1.72288600333,1.72462755294,1.72636511314,1.72809871743,1.72982839851,1.73155418833,1.73327611812,1.73499421841,1.73670851906,1.73841904931,1.74012583777,1.74182891249,1.74352830092,1.74522403,1.74691612614,1.74860461525,1.75028952276,1.75197087363,1.75364869237,1.75532300308,1.75699382942,1.75866119466,1.76032512169,1.76198563302,1.76364275078,1.76529649678,1.76694689246,1.76859395896,1.77023771709,1.77187818735,1.77351538994,1.77514934478,1.7767800715,1.77840758945,1.78003191774,1.78165307519,1.7832710804,1.7848859517,1.78649770719
31,0,0.378647877355,0.990465206565,1.23485567021,1.31933270918,1.36603034115,1.39870949597,1.42294820178,1.44171348257,1.45673268598,1.46908046287,1.47946037998,1.48835209018,1.49609355252,1.50292949968,1.50904129985,1.51456604945,1.51960917177,1.52425295925,1.52856250444,1.53258990442,1.5363772969,1.53995908918,1.54336361877,1.54661440741,1.54973111962,1.55273030343,1.55562596875,1.55843004319,1.56115273436,1.56380282011,1.56638788292,1.56891450026,1.57138840045,1.5738145908,1.57619746374,1.57854088506,1.5808482677,1.58312263377,1.58536666682,1.58758275622,1.58977303477,1.59193941098,1.59408359661,1.5962071304,1.59831139851,1.60039765229,1.60246702357,1.60452053809,1.60655912712,1.60858363774,1.61059484171,1.61259344342,1.61458008678,1.61655536137,1.61851980784,1.62047392274,1.62241816277,1.62435294861,1.62627866827,1.62819568016,1.63010431576,1.63200488209,1.63389766385,1.63578292543,1.63766091259,1.63953185416,1.64139596339,1.64325343929,1.64510446779,1.64694922282,1.64878786726,1.65062055384,1.6524474259,1.65426861818,1.65608425743,1.65789446304,1.65969934758,1.66149901732,1.66329357269,1.6650831087,1.66686771533,1.66864747789,1.67042247734,1.67219279062,1.67395849089,1.6757196478,1.67747632774,1.67922859405,1.68097650721,1.68272012503,1.68445950285,1.68619469365,1.68792574822,1.68965271533,1.6913756418,1.69309457264,1.69480955119,1.69652061916,1.69822781678,1.69993118286,1.70163075489,1.70332656907,1.70501866044,1.70670706293,1.70839180939,1.71007293167,1.7117504607,1.71342442649,1.7150948582,1.7167617842,1.7184252321,1.72008522876,1.72174180037,1.72339497248,1.72504476998,1.7266912172,1.72833433789,1.72997415527,1.73161069204,1.73324397041,1.73487401212,1.73650083849,1.73812447037,1.73974492824,1.74136223216,1.74297640182,1.74458745656,1.74619541538,1.74780029693,1.74940211954,1.75100090127,1.75259665984,1.75418941271,1.75577917707,1.75736596983,1.75894980767,1.760530707,1.76210868401,1.76368375467,1.7652559347,1.76682523963,1.76839168478,1.76995528527,1.77151605601,1.77307401175,1.77462916705,1.77618153626,1.77773113361,1.77927797313
32,0,0.213065487392,0.919100363848,1.23656253396,1.34134385673,1.38109572173,1.40847485275,1.42845232539,1.44366227381,1.45563228144,1.46530891784,1.47330933913,1.48005249381,1.48583226589,1.49086049756,1.49529343749,1.49924861298,1.50281593752,1.50606522454,1.50905139165,1.51181814098,1.51440061011,1.51682731326,1.51912158382,1.52130266075,1.52338651663,1.52538649592,1.52731381178,1.52917793649,1.53098691083,1.53274759123,1.53446584865,1.53614672964,1.53779458769,1.53941319099,1.54100581123,1.54257529727,1.54412413645,1.545654506,1.54716831615,1.54866724654,1.55015277712,1.5516262144,1.55308871376,1.55454129873,1.55598487736,1.55742025648,1.55884815386,1.56026920892,1.56168399185,1.56309301171,1.56449672334,1.56589553358,1.56728980654,1.56867986835,1.57006601132,1.57144849756,1.5728275622,1.57420341627,1.57557624922,1.57694623114,1.57831351479,1.57967823731,1.5810405219,1.58240047913,1.58375820825,1.58511379834,1.58646732925,1.58781887257,1.58916849241,1.59051624616,1.59186218509,1.593206355,1.59454879673,1.59588954663,1.59722863701,1.59856609653,1.59990195052,1.60123622136,1.60256892873,1.60390008986,1.60522971981,1.60655783166,1.60788443669,1.60920954458,1.61053316358,1.61185530063,1.61317596149,1.6144951509,1.61581287264,1.61712912967,1.61844392419,1.61975725774,1.62106913127,1.62237954519,1.62368849948,1.6249959937,1.62630202704,1.6276065984,1.62890970641,1.63021134948,1.63151152582,1.63281023346,1.63410747033,1.63540323423,1.63669752287,1.63799033393,1.63928166501,1.64057151369,1.64185987756,1.64314675419,1.64443214118,1.64571603613,1.64699843672,1.64827934063,1.64955874562,1.65083664949,1.65211305014,1.65338794551,1.65466133363,1.65593321259,1.6572035806,1.65847243594,1.65973977696,1.66100560214,1.66226991001,1.66353269924,1.66479396857,1.66605371683,1.66731194296,1.66856864601,1.6698238251,1.67107747946,1.67232960842,1.67358021141,1.67482928793,1.67607683762,1.67732286018,1.6785673554,1.67981032319,1.68105176352,1.68229167647,1.68353006221,1.68476692097,1.68600225311,1.68723605902,1.68846833923,1.68969909431,1.69092832491,1.69215603179
33,0,0.354393953584,0.941749108798,1.18774288226,1.28239742391,1.33542199682,1.37280597539,1.40073218151,1.42249883572,1.4400315494,1.4545316939,1.46678801199,1.4773397442,1.48656791638,1.49474924204,1.50208938738,1.50874427521,1.51483416558,1.52045321878,1.52567614584,1.53056293099,1.53516224745,1.53951396933,1.54365104633,1.54760092177,1.55138661835,1.55502757871,1.55854032287,1.56193896729,1.56523563815,1.56844080312,1.57156353967,1.57461175347,1.57759235751,1.58051141962,1.58337428497,1.58618567801,1.588949788,1.59167034094,1.5943506604,1.5969937192,1.59960218337,1.6021784499,1.60472467906,1.60724282227,1.60973464625,1.61220175386,1.61464560236,1.61706751921,1.61946871598,1.62185030051,1.6242132876,1.62655860846,1.62888711903,1.63119960734,1.63349680007,1.63577936835,1.63804793298,1.64030306899,1.64254530983,1.64477515107,1.64699305367,1.64919944704,1.65139473167,1.65357928161,1.6557534466,1.65791755409,1.66007191104,1.66221680551,1.66435250816,1.6664792736,1.6685973416,1.6707069382,1.67280827675,1.67490155882,1.67698697505,1.67906470595,1.68113492259,1.68319778726,1.6852534541,1.6873020696,1.68934377317,1.69137869757,1.69340696934,1.69542870925,1.6974440326,1.69945304961,1.70145586572,1.70345258191,1.7054432949,1.7074280975,1.70940707876,1.71138032424,1.71334791619,1.71530993373,1.71726645307,1.71921754761,1.72116328815,1.72310374299,1.72503897809,1.72696905719,1.72889404192,1.7308139919,1.73272896486,1.73463901674,1.73654420175,1.73844457249,1.74034018,1.74223107385,1.74411730221,1.74599891191,1.7478759485,1.74974845632,1.75161647854,1.75348005723,1.75533923337,1.75719404697,1.75904453702,1.76089074161,1.76273269793,1.7645704423,1.76640401024,1.76823343647,1.77005875495,1.77187999894,1.77369720096,1.77551039288,1.77731960593,1.7791248707,1.7809262172,1.78272367484,1.78451727249,1.78630703846,1.78809300057,1.78987518612,1.79165362192,1.79342833433,1.79519934924,1.79696669211,1.79873038798,1.80049046147,1.8022469368,1.80399983782,1.805749188,1.80749501043,1.80923732787,1.81097616273,1.81271153708,1.81444347269,1.81617199099
34,0,0.429331443453,1.05468838682,1.29683868412,1.3774169139,1.4225178587,1.45402040752,1.4773456938,1.49537478163,1.50978355672,1.52161378596,1.53154694402,1.54004723971,1.54744148002,1.55396612525,1.55979626607,1.56506414166,1.56987135298,1.57429713986,1.57840412495,1.5822423836,1.58585238139,1.58926712958,1.59251379027,1.59561488786,1.59858923462,1.6014526456,1.60421849653,1.60689816327,1.60950137094,1.61203647346,1.61451067914,1.61693023388,1.619300571,1.62162643436,1.62391198037,1.62616086262,1.62837630274,1.6305611498,1.63271793049,1.63484889149,1.63695603564,1.63904115264,1.6411058455,1.64315155316,1.64517957005,1.64719106296,1.6491870857,1.65116859184,1.65313644585,1.65509143277,1.65703426677,1.65896559859,1.66088602216,1.6627960804,1.66469627035,1.66658704775,1.66846883106,1.67034200505,1.67220692405,1.67406391476,1.67591327881,1.67775529509,1.67959022178,1.68141829817,1.68323974636,1.68505477273,1.68686356932,1.68866631499,1.69046317658,1.69225430988,1.69403986053,1.69581996487,1.69759475064,1.69936433771,1.70112883865,1.70288835934,1.70464299943,1.70639285289,1.70813800834,1.70987854953,1.71161455563,1.71334610164,1.71507325862,1.71679609399,1.71851467181,1.72022905298,1.72193929551,1.72364545464,1.72534758311,1.72704573125,1.72873994721,1.73043027706,1.73211676493,1.73379945315,1.73547838234,1.73715359154,1.73882511832,1.74049299882,1.74215726789,1.74381795914,1.74547510501,1.74712873687,1.74877888504,1.75042557889,1.75206884686,1.75370871656,1.75534521474,1.75697836742,1.75860819987,1.76023473669,1.76185800181,1.76347801856,1.76509480967,1.76670839734,1.76831880321,1.76992604843,1.7715301537,1.77313113923,1.77472902481,1.77632382984,1.7779155733,1.77950427381,1.78108994963,1.78267261867,1.78425229854,1.78582900651,1.78740275956,1.78897357439,1.79054146742,1.79210645481,1.79366855246,1.79522777603,1.79678414095,1.79833766242,1.79988835542,1.80143623474,1.80298131495,1.80452361043,1.80606313537,1.8075999038,1.80913392953,1.81066522625,1.81219380746,1.81371968649,1.81524287656,1.81676339068,1.81828124177,1.81979644258,1.82130900573
35,0,0.406662717196,0.985201959279,1.22577673099,1.31987525126,1.36908874769,1.40361901968,1.42929088624,1.44920708991,1.46517648717,1.47832595506,1.48939423032,1.49888560365,1.50715585744,1.51446296688,1.52099836335,1.52690693955,1.53230026053,1.53726552839,1.54187181133,1.54617446295,1.55021831599,1.55404002876,1.5576698348,1.56113286509,1.56445015949,1.56763944906,1.57071576732,1.57369193236,1.5765789304,1.57938622329,1.582121997,1.58479336369,1.58740652717,1.58996691917,1.59247931221,1.59494791355,1.59737644387,1.59976820337,1.60212612762,1.60445283487,1.60675066646,1.60902172117,1.61126788485,1.61349085584,1.61569216692,1.61787320432,1.62003522431,1.6221793675,1.6243066715,1.62641808188,1.62851446186,1.63059660082,1.6326652218,1.63472098812,1.63676450929,1.6387963462,1.64081701576,1.64282699506,1.64482672502,1.64681661374,1.64879703943,1.65076835304,1.6527308807,1.65468492583,1.65663077105,1.65856868,1.66049889886,1.66242165778,1.66433717221,1.66624564405,1.66814726272,1.67004220615,1.67193064165,1.6738127267,1.67568860972,1.67755843074,1.679422322,1.68128040851,1.68313280858,1.68497963432,1.68682099201,1.68865698257,1.69048770189,1.69231324116,1.69413368724,1.69594912287,1.69775962702,1.69956527505,1.70136613901,1.70316228782,1.70495378747,1.70674070119,1.70852308964,1.71030101104,1.71207452135,1.71384367438,1.71560852189,1.71736911378,1.71912549812,1.72087772132,1.72262582815,1.7243698619,1.72610986443,1.72784587623,1.72957793653,1.73130608334,1.73303035353,1.73475078285,1.73646740606,1.7381802569,1.7398893682,1.74159477189,1.74329649906,1.74499457999,1.7466890442,1.74837992048,1.75006723691,1.75175102092,1.75343129928,1.75510809819,1.75678144324,1.75845135946,1.76011787138,1.76178100297,1.76344077777,1.76509721879,1.76675034864,1.76840018946,1.770046763,1.7716900906,1.77333019322,1.77496709144,1.77660080549,1.77823135526,1.7798587603,1.78148303985,1.78310421283,1.78472229788,1.78633731334,1.78794927727,1.78955820746,1.79116412145,1.79276703652,1.7943669697,1.79596393781,1.7975579574,1.79914904483,1.80073721623,1.80232248752
36,0,0.200225494643,0.977885690803,1.28008894824,1.35156755254,1.39319651498,1.42194556421,1.44299524212,1.45908820761,1.47181376083,1.48215606551,1.490756425,1.49804996814,1.50434180325,1.50985178785,1.5147420374,1.51913446588,1.52312232858,1.52677802708,1.53015851329,1.53330910961,1.53626625992,1.53905954321,1.54171316972,1.54424710724,1.54667793957,1.54901952785,1.55128352545,1.55347978236,1.5556166657,1.55770131565,1.55973985137,1.5617375378,1.56369892165,1.56562794296,1.56752802697,1.56940216046,1.57125295518,1.57308270105,1.57489341081,1.57668685773,1.57846460756,1.58022804571,1.58197840044,1.58371676269,1.58544410317,1.587161287,1.58886908646,1.59056819196,1.59225922158,1.59394272941,1.59561921279,1.59728911868,1.5989528492,1.60061076654,1.60226319726,1.60391043608,1.60555274924,1.60719037746,1.60882353858,1.61045242989,1.6120772302,1.61369810172,1.61531519168,1.61692863381,1.61853854966,1.6201450498,1.62174823485,1.62334819642,1.62494501802,1.62653877576,1.6281295391,1.62971737141,1.63130233059,1.63288446956,1.63446383669,1.63604047625,1.63761442877,1.63918573139,1.64075441815,1.6423205203,1.64388406651,1.64544508313,1.64700359442,1.64855962268,1.6501131885,1.65166431084,1.65321300724,1.6547592939,1.65630318583,1.65784469696,1.65938384022,1.66092062765,1.66245507047,1.66398717915,1.6655169635,1.66704443272,1.66856959546,1.67009245987,1.67161303364,1.67313132407,1.67464733808,1.67616108228,1.67767256297,1.67918178618,1.68068875771,1.68219348314,1.68369596789,1.68519621717,1.68669423607,1.68819002954,1.68968360243,1.69117495947,1.69266410531,1.69415104454,1.69563578166,1.69711832114,1.6985986674,1.70007682482,1.70155279775,1.70302659054,1.70449820749,1.70596765291,1.7074349311,1.70890004637,1.71036300301,1.71182380534,1.71328245768,1.71473896436,1.71619332972,1.71764555813,1.71909565396,1.72054362163,1.72198946555,1.72343319017,1.72487479996,1.72631429942,1.72775169305,1.7291869854,1.73062018105,1.73205128458,1.73348030062,1.73490723382,1.73633208883,1.73775487037,1.73917558315,1.74059423193,1.74201082147,1.74342535657,1.74483784205
37,0,0.425665997264,0.989633309928,1.22460291042,1.31812451542,1.3636551649,1.39542257811,1.41891105745,1.43703636588,1.45149512624,1.46334228825,1.47326811261,1.4817428864,1.48909775047,1.49557233303,1.5013440891,1.50654705385,1.51128421323,1.51563588908,1.5196655589,1.52342398009,1.52695216708,1.53028357609,1.53344573232,1.53646145815,1.53934981157,1.5421268111,1.54480600157,1.54739889975,1.54991534843,1.55236380001,1.5547515452,1.55708489897,1.55936935242,1.56160969776,1.56381013168,1.56597434134,1.56810557609,1.57020670785,1.57228028193,1.57432856005,1.57635355698,1.57835707174,1.58034071436,1.58230592887,1.58425401307,1.58618613571,1.58810335128,1.59000661301,1.59189678405,1.59377464738,1.5956409144,1.59749623252,1.59934119184,1.60117633104,1.60300214257,1.60481907726,1.60662754844,1.60842793554,1.61022058737,1.61200582499,1.61378394429,1.61555521833,1.61731989941,1.61907822089,1.62083039895,1.62257663401,1.62431711217,1.62605200637,1.62778147755,1.62950567565,1.6312247405,1.63293880265,1.63464798414,1.63635239918,1.63805215476,1.63974735123,1.64143808278,1.64312443798,1.64480650014,1.64648434778,1.6481580549,1.6498276914,1.65149332331,1.65315501314,1.65481282006,1.6564668002,1.65811700684,1.6597634906,1.66140629963,1.6630454798,1.66468107483,1.66631312644,1.66794167451,1.66956675714,1.67118841085,1.67280667062,1.67442156999,1.67603314121,1.67764141526,1.67924642194,1.68084818998,1.68244674706,1.68404211992,1.68563433437,1.68722341536,1.68880938707,1.69039227289,1.69197209552,1.69354887698,1.69512263864,1.69669340131,1.6982611852,1.69982601001,1.70138789492,1.70294685864,1.70450291942,1.70605609508,1.70760640306,1.70915386037,1.7106984837,1.71224028935,1.71377929332,1.71531551128,1.7168489586,1.71837965038,1.71990760141,1.72143282627,1.72295533925,1.72447515443,1.72599228565,1.72750674654,1.7290185505,1.73052771076,1.73203424035,1.73353815211,1.73503945871,1.73653817264,1.73803430625,1.7395278717,1.74101888103,1.74250734611,1.7439932787,1.74547669039,1.74695759266,1.74843599686,1.74991191421,1.75138535582,1.75285633269,1.75432485568
38,0,0.373977728895,0.920997177052,1.15081560137,1.24101906359,1.29304645971,1.32979082043,1.35728979434,1.37876466867,1.39609649861,1.41045911667,1.42262337669,1.43311643333,1.44231088377,1.45047740752,1.45781725558,1.46448305973,1.47059258779,1.47623808698,1.48149278239,1.48641549228,1.49105396684,1.49544734382,1.49962798156,1.50362284577,1.50745457146,1.5111422854,1.51470224934,1.51814836806,1.52149259393,1.52474525178,1.52791530166,1.53101055282,1.53403783918,1.53700316396,1.53991181974,1.54276848844,1.54557732525,1.54834202916,1.55106590269,1.5537519026,1.55640268315,1.55902063306,1.56160790738,1.56416645484,1.56669804159,1.56920427175,1.57168660533,1.57414637381,1.57658479385,1.57900297924,1.58140195148,1.58378264906,1.58614593566,1.5884926075,1.59082339968,1.59313899206,1.59544001427,1.59772705034,1.60000064279,1.60226129628,1.60450948088,1.6067456351,1.60897016849,1.61118346404,1.61338588043,1.61557775392,1.61775940014,1.61993111575,1.62209317989,1.62424585549,1.62638939052,1.62852401909,1.63064996246,1.63276742997,1.63487661991,1.63697772026,1.63907090942,1.6411563569,1.64323422387,1.64530466373,1.64736782266,1.64942384003,1.65147284888,1.65351497631,1.65555034384,1.65757906778,1.65960125952,1.66161702583,1.66362646917,1.6656296879,1.66762677653,1.66961782594,1.67160292363,1.67358215381,1.67555559768,1.67752333355,1.67948543699,1.68144198099,1.68339303609,1.6853386705,1.68727895024,1.68921393923,1.69114369941,1.69306829081,1.69498777169,1.69690219857,1.69881162635,1.7007161084,1.70261569656,1.7045104413,1.7064003917,1.70828559559,1.71016609953,1.71204194892,1.71391318803,1.71577986002,1.71764200706,1.71949967027,1.72135288988,1.72320170514,1.72504615446,1.7268862754,1.7287221047,1.73055367832,1.73238103147,1.73420419863,1.73602321359,1.73783810947,1.73964891873,1.74145567321,1.74325840414,1.74505714219,1.74685191744,1.74864275944,1.75042969721,1.75221275925,1.75399197359,1.75576736776,1.75753896884,1.75930680346,1.76107089782,1.76283127769,1.76458796842,1.766340995,1.768090382,1.76983615363,1.77157833374,1.77331694582,1.775052013
39,0,0.237935370269,0.885973615872,1.18840291025,1.30964384259,1.36190254246,1.39838814811,1.42536696917,1.44617599886,1.46275991612,1.47632963745,1.48767854861,1.4973478997,1.50571927506,1.51306914002,1.51960246951,1.52547426195,1.53080374317,1.53568400232,1.54018868522,1.54437674149,1.54829585411,1.55198495801,1.55547611747,1.5587959442,1.5619666816,1.56500704306,1.5679328666,1.57075763094,1.57349286581,1.57614848077,1.57873303071,1.58125393167,1.58371763739,1.58612978464,1.58849531353,1.59081856754,1.59310337727,1.5953531307,1.59757083252,1.59975915442,1.60192047784,1.60405693047,1.60617041756,1.60826264883,1.61033516163,1.6123893411,1.6144264375,1.61644758144,1.61845379711,1.6204460138,1.62242507611,1.62439175281,1.62634674477,1.62829069183,1.63022417898,1.63214774177,1.63406187118,1.63596701788,1.6378635961,1.63975198701,1.64163254184,1.64350558455,1.64537141434,1.64723030787,1.6490825212,1.65092829161,1.65276783923,1.6546013685,1.65642906945,1.65825111896,1.66006768179,1.6618789116,1.66368495185,1.66548593658,1.66728199119,1.6690732331,1.67085977237,1.67264171226,1.67441914977,1.67619217606,1.67796087696,1.67972533328,1.68148562126,1.68324181284,1.68499397599,1.686742175,1.68848647074,1.69022692089,1.69196358016,1.69369650049,1.69542573129,1.69715131952,1.69887330993,1.70059174519,1.70230666601,1.70401811126,1.70572611813,1.70743072221,1.70913195759,1.71082985696,1.71252445172,1.71421577202,1.71590384685,1.71758870415,1.71927037081,1.72094887279,1.72262423512,1.72429648201,1.72596563688,1.72763172236,1.72929476042,1.73095477234,1.73261177876,1.73426579976,1.73591685482,1.73756496292,1.73921014252,1.74085241163,1.74249178777,1.74412828807,1.74576192925,1.74739272763,1.74902069919,1.75064585955,1.75226822401,1.75388780755,1.75550462487,1.75711869037,1.75873001819,1.76033862221,1.76194451607,1.76354771317,1.76514822671,1.76674606964,1.76834125474,1.76993379458,1.77152370154,1.77311098783,1.77469566548,1.77627774637,1.77785724221,1.77943416457,1.78100852485,1.78258033433,1.78414960416,1.78571634535,1.78728056878,1.78884228521,1.79040150529
40,0,0.467676043729,0.996890574101,1.21709850172,1.30676379028,1.35547114971,1.38971910455,1.41523861347,1.43508321711,1.45103361263,1.46419949609,1.4753085998,1.4848578932,1.49319813788,1.50058378025,1.50720372131,1.51320100917,1.51868584604,1.52374441611,1.52844502076,1.53284243219,1.53698104036,1.54089716564,1.5446207836,1.54817682882,1.55158619243,1.55486649398,1.55803268463,1.56109752307,1.5640719542,1.56696541294,1.56978606964,1.57254102989,1.57523649805,1.57787791204,1.580470055,1.58301714829,1.58552292938,1.58799071732,1.59042346807,1.59282382144,1.59519414109,1.5975365487,1.59985295332,1.60214507659,1.60441447462,1.60666255683,1.60889060247,1.61109977483,1.61329113386,1.61546564708,1.61762419924,1.61976760079,1.62189659536,1.6240118664,1.62611404306,1.62820370537,1.6302813889,1.6323475889,1.63440276398,1.63644733946,1.63848171025,1.64050624362,1.6425212815,1.6445271427,1.64652412482,1.64851250603,1.65049254663,1.65246449052,1.65442856651,1.65638498946,1.65833396144,1.66027567262,1.66221030223,1.66413801937,1.66605898373,1.6679733463,1.66988124999,1.67178283019,1.67367821531,1.67556752727,1.67745088193,1.6793283895,1.68120015494,1.68306627826,1.6849268549,1.68678197598,1.6886317286,1.69047619608,1.6923154582,1.69414959142,1.69597866908,1.69780276157,1.69962193655,1.70143625904,1.70324579166,1.70505059468,1.70685072621,1.70864624232,1.71043719709,1.71222364282,1.71400563003,1.71578320762,1.7175564229,1.71932532174,1.72108994859,1.72285034655,1.72460655749,1.72635862205,1.72810657973,1.72985046896,1.73159032711,1.73332619058,1.73505809481,1.73678607435,1.7385101629,1.74023039331,1.74194679768,1.74365940734,1.74536825291,1.7470733643,1.7487747708,1.75047250103,1.75216658304,1.75385704425,1.75554391156,1.75722721133,1.75890696938,1.76058321105,1.76225596121,1.76392524423,1.76559108408,1.76725350429,1.76891252795,1.77056817779,1.77222047613,1.77386944491,1.77551510575,1.77715747988,1.77879658821,1.78043245133,1.78206508951,1.7836945227,1.78532077058,1.78694385252,1.78856378761,1.7901805947,1.79179429234,1.79340489885,1.79501243228
41,0,0.490614450253,0.979953514511,1.1888738356,1.2803305698,1.32925526474,1.36371363289,1.38942954416,1.4094551579,1.42557172143,1.43889010324,1.45013934291,1.45981766863,1.46827698862,1.47577276883,1.48249480736,1.48858693852,1.49416005326,1.49930094004,1.50407843167,1.50854776919,1.51275375755,1.51673308566,1.52051605754,1.52412790145,1.527589772,1.53091952581,1.53413232801,1.537241131,1.54025705549,1.54318969639,1.54604737001,1.54883731543,1.55156585935,1.55423855206,1.55686028012,1.55943536028,1.56196761814,1.5644604543,1.56691690037,1.5693396664,1.57173118138,1.57409362783,1.57642897158,1.57873898732,1.58102528074,1.58328930775,1.58553239114,1.58775573514,1.58996043812,1.59214750379,1.59431785096,1.59647232221,1.59861169149,1.60073667091,1.60284791668,1.60494603447,1.60703158412,1.60910508391,1.61116701427,1.61321782124,1.61525791946,1.61728769489,1.6193075073,1.62131769246,1.62331856414,1.62531041591,1.6272935228,1.62926814274,1.63123451792,1.63319287606,1.63514343144,1.63708638597,1.6390219301,1.64095024368,1.6428714967,1.64478585003,1.64669345602,1.64859445918,1.65048899664,1.65237719868,1.65425918923,1.65613508624,1.65800500209,1.65986904399,1.66172731424,1.66357991062,1.66542692661,1.66726845169,1.66910457158,1.67093536846,1.67276092119,1.6745813055,1.67639659417,1.67820685722,1.68001216202,1.68181257351,1.68360815426,1.68539896466,1.687185063,1.6889665056,1.69074334692,1.69251563963,1.69428343473,1.69604678163,1.69780572821,1.69956032093,1.70131060487,1.70305662381,1.7047984203,1.70653603568,1.70826951021,1.70999888303,1.71172419229,1.71344547514,1.71516276781,1.71687610562,1.71858552305,1.72029105376,1.72199273061,1.72369058573,1.72538465051,1.72707495565,1.72876153121,1.73044440658,1.73212361057,1.73379917136,1.7354711166,1.73713947339,1.73880426828,1.74046552733,1.74212327613,1.74377753975,1.74542834287,1.74707570967,1.74871966396,1.75036022909,1.75199742805,1.75363128345,1.75526181749,1.75688905205,1.75851300865,1.76013370848,1.76175117238,1.7633654209,1.76497647427,1.76658435242,1.768189075,1.76979066138,1.77138913063
42,0,0.413722718428,1.01358378205,1.24428658299,1.32223852669,1.36891104072,1.40165102538,1.42599830883,1.44490001073,1.46007222022,1.47258283704,1.4831312029,1.49219424179,1.50010810945,1.50711632819,1.51339944648,1.5190940045,1.52430505031,1.52911462743,1.53358766866,1.53777617491,1.54172223332,1.54546023338,1.54901851843,1.55242063301,1.55568627643,1.55883203999,1.56187198268,1.56481808496,1.56768060959,1.57046839082,1.5731890679,1.5758492749,1.57845479605,1.5810106936,1.58352141371,1.58599087452,1.58842253986,1.59081948117,1.59318442978,1.59551982121,1.59782783288,1.60011041632,1.6023693248,1.60460613708,1.60682227791,1.60901903579,1.61119757838,1.61335896592,1.61550416297,1.61763404861,1.61974942554,1.6218510279,1.62393952833,1.62601554409,1.62807964255,1.63013234603,1.63217413613,1.63420545752,1.63622672143,1.63823830867,1.64024057238,1.64223384052,1.64421841801,1.64619458882,1.64816261767,1.65012275171,1.65207522193,1.65402024453,1.6559580221,1.65788874469,1.65981259083,1.66172972839,1.66364031546,1.66554450102,1.66744242566,1.66933422223,1.67122001634,1.67309992694,1.67497406679,1.67684254285,1.67870545674,1.68056290509,1.68241497986,1.6842617687,1.68610335517,1.68793981907,1.68977123667,1.6915976809,1.69341922161,1.69523592574,1.69704785751,1.69885507856,1.70065764814,1.70245562324,1.70424905872,1.70603800744,1.70782252036,1.70960264668,1.7113784339,1.71314992795,1.71491717325,1.7166802128,1.71843908828,1.72019384007,1.72194450736,1.7236911282,1.72543373955,1.72717237735,1.72890707653,1.73063787114,1.7323647943,1.7340878783,1.73580715464,1.73752265404,1.73923440648,1.74094244127,1.74264678703,1.74434747173,1.74604452277,1.74773796693,1.74942783045,1.75111413902,1.75279691782,1.75447619154,1.75615198439,1.75782432014,1.75949322209,1.76115871316,1.76282081582,1.76447955219,1.76613494398,1.76778701256,1.76943577894,1.7710812638,1.77272348747,1.77436246999,1.77599823108,1.77763079018,1.77926016642,1.78088637868,1.78250944554,1.78412938536,1.78574621621,1.78735995594,1.78897062215,1.79057823221,1.79218280326,1.79378435224,1.79538289587
43,0,0.313986858594,0.958143977979,1.2180136535,1.3030245009,1.3489979682,1.38104824322,1.40473212859,1.42300154345,1.43757283924,1.44951245393,1.45951767263,1.46806324176,1.47548321706,1.48201917595,1.48784989994,1.49311033868,1.49790411414,1.50231199256,1.50639776203,1.51021239591,1.51379705702,1.51718530137,1.52040471872,1.52347817048,1.5264247351,1.52926043806,1.53199882143,1.53465139223,1.53722797863,1.53973701498,1.54218577177,1.5445805423,1.54692679529,1.5492293003,1.55149223144,1.55371925357,1.55591359432,1.55807810447,1.56021530895,1.56232744984,1.56441652312,1.56648430982,1.56853240282,1.57056222977,1.57257507296,1.57457208635,1.57655431042,1.5785226851,1.58047806094,1.58242120899,1.58435282933,1.5862735587,1.58818397706,1.59008461351,1.59197595146,1.59385843317,1.59573246386,1.59759841533,1.59945662913,1.60130741949,1.60315107585,1.60498786514,1.60681803389,1.60864181003,1.61045940456,1.61227101305,1.61407681699,1.61587698499,1.61767167389,1.61946102975,1.62124518874,1.62302427797,1.62479841624,1.62656771467,1.62833227736,1.63009220191,1.63184757998,1.63359849767,1.63534503605,1.63708727146,1.63882527588,1.64055911731,1.64228886,1.64401456477,1.64573628923,1.64745408801,1.64916801301,1.65087811356,1.65258443659,1.65428702684,1.65598592697,1.65768117771,1.65937281802,1.66106088516,1.66274541485,1.66442644132,1.66610399747,1.6677781149,1.66944882402,1.67111615412,1.67278013343,1.67444078922,1.67609814782,1.67775223468,1.67940307446,1.68105069103,1.68269510755,1.6843363465,1.68597442972,1.68760937843,1.6892412133,1.69086995446,1.69249562152,1.69411823362,1.69573780943,1.69735436721,1.69896792481,1.70057849966,1.70218610888,1.70379076918,1.70539249699,1.70699130839,1.70858721918,1.71018024488,1.71177040071,1.71335770165,1.71494216245,1.71652379758,1.71810262132,1.71967864772,1.72125189063,1.72282236369,1.72439008036,1.72595505392,1.72751729746,1.72907682392,1.73063364606,1.7321877765,1.7337392277,1.73528801198,1.73683414152,1.73837762837,1.73991848443,1.74145672149,1.74299235122,1.74452538517,1.74605583477,1.74758371134,1.74910902609
44,0,0.401520792533,0.993119622882,1.22480401901,1.30600630473,1.35220260406,1.38455460044,1.40857174771,1.42718413212,1.44209738315,1.45437253522,1.46470418786,1.47356585445,1.481291156,1.48812167929,1.49423646071,1.49977083603,1.50482887775,1.5094918276,1.51382395096,1.5178766868,1.5216916444,1.52530280317,1.5287381517,1.53202092535,1.53517055223,1.53820338421,1.54113326779,1.54397199386,1.54672965527,1.54941493328,1.55203532887,1.55459735066,1.55710666865,1.55956824076,1.56198641755,1.56436502931,1.56670745896,1.56901670318,1.5712954241,1.57354599301,1.57577052763,1.57797092384,1.58014888296,1.58230593519,1.58444345976,1.58656270247,1.58866479084,1.59075074734,1.59282150092,1.59487789708,1.59692070673,1.598950634,1.60096832304,1.60297436413,1.60496929901,1.60695362564,1.60892780243,1.61089225202,1.61284736457,1.61479350084,1.61673099482,1.61866015612,1.62058127219,1.62249461021,1.62440041886,1.62629892988,1.62819035952,1.6300749098,1.63195276968,1.63382411616,1.63568911516,1.63754792248,1.6394006845,1.64124753901,1.64308861577,1.64492403717,1.64675391878,1.6485783698,1.65039749359,1.65221138805,1.65402014603,1.65582385567,1.65762260071,1.65941646084,1.66120551195,1.66298982636,1.66476947311,1.66654451814,1.66831502449,1.6700810525,1.67184265998,1.67359990237,1.67535283288,1.67710150263,1.67884596077,1.68058625462,1.68232242975,1.6840545301,1.68578259809,1.68750667467,1.68922679941,1.69094301062,1.69265534537,1.69436383957,1.69606852805,1.69776944461,1.69946662206,1.70116009229,1.7028498863,1.70453603426,1.70621856556,1.7078975088,1.7095728919,1.71124474207,1.71291308589,1.71457794929,1.71623935764,1.71789733573,1.71955190781,1.72120309761,1.72285092837,1.72449542288,1.72613660344,1.72777449194,1.72940910985,1.73104047825,1.73266861781,1.73429354888,1.7359152914,1.73753386501,1.73914928902,1.7407615824,1.74237076385,1.74397685174,1.7455798642,1.74717981905,1.74877673387,1.75037062597,1.75196151243,1.75354941008,1.75513433552,1.75671630512,1.75829533507,1.75987144129,1.76144463956,1.76301494541,1.7645823742,1.76614694111,1.76770866113
45,0,0.398513779145,0.978477996196,1.22717945241,1.32742228185,1.37741071826,1.41249504883,1.43858040166,1.45881441425,1.47503325716,1.48838149096,1.49960986021,1.50923112364,1.51760722171,1.52500072348,1.53160656178,1.53757234755,1.54301178978,1.54801380523,1.5526488502,1.55697341427,1.56103326887,1.56486585473,1.56850206271,1.57196757991,1.57528391979,1.5784692191,1.5815388608,1.58450596547,1.58738178237,1.59017600308,1.59289701501,1.59555210761,1.59814764124,1.60068918634,1.60318163866,1.6056293153,1.60803603506,1.610405186,1.61273978259,1.61504251406,1.61731578572,1.61956175416,1.62178235752,1.62397934155,1.62615428205,1.62830860441,1.63044360052,1.63256044349,1.63466020058,1.63674384451,1.63881226329,1.64086626903,1.64290660562,1.64493395552,1.6469489458,1.64895215351,1.65094411043,1.65292530733,1.65489619775,1.65685720141,1.65880870721,1.66075107603,1.66268464311,1.6646097203,1.66652659801,1.66843554708,1.67033682032,1.67223065405,1.6741172694,1.6759968735,1.67786966065,1.67973581324,1.68159550274,1.68344889045,1.68529612835,1.68713735971,1.68897271979,1.69080233639,1.69262633037,1.6944448162,1.69625790233,1.69806569168,1.69986828195,1.70166576604,1.70345823232,1.70524576496,1.70702844417,1.70880634651,1.71057954508,1.71234810975,1.71411210737,1.71587160196,1.71762665485,1.71937732491,1.72112366861,1.72286574024,1.72460359201,1.72633727413,1.72806683501,1.72979232129,1.73151377794,1.73323124843,1.73494477471,1.73665439736,1.73836015565,1.74006208759,1.74176023002,1.74345461865,1.74514528814,1.74683227213,1.74851560331,1.75019531345,1.75187143346,1.75354399343,1.75521302266,1.75687854969,1.75854060237,1.76019920785,1.76185439264,1.76350618263,1.7651546031,1.76679967879,1.76844143388,1.77007989202,1.7717150764,1.77334700968,1.77497571411,1.77660121147,1.77822352313,1.77984267006,1.78145867282,1.78307155162,1.78468132629,1.78628801633,1.78789164088,1.78949221879,1.79108976857,1.79268430845,1.79427585637,1.79586442996,1.79745004662,1.79903272346,1.80061247735,1.80218932491,1.80376328253,1.80533436636,1.80690259233,1.80846797617,1.81003053336
46,0,0.29356752888,0.951593296773,1.23444876276,1.33640555088,1.38653632957,1.42159213535,1.44756257075,1.4676365145,1.48367200187,1.49682585284,1.50785594788,1.51727929384,1.52546038169,1.53266330017,1.5390838603,1.544870145,1.55013607503,1.55497061143,1.5594441474,1.56361304136,1.56752289173,1.5712109418,1.57470787235,1.57803915563,1.58122609072,1.5842866039,1.58723587381,1.59008682424,1.59285051592,1.5955364606,1.59815287461,1.60070688496,1.60320469802,1.6056517384,1.6080527638,1.61041196069,1.61273302427,1.61501922566,1.61727346865,1.61949833771,1.62169613891,1.62386893485,1.62601857456,1.62814671928,1.63025486465,1.63234435992,1.63441642467,1.63647216329,1.63851257766,1.64053857828,1.64255099396,1.64455058036,1.64653802757,1.64851396674,1.65047897596,1.65243358553,1.65437828254,1.65631351503,1.65823969569,1.66015720514,1.66206639484,1.6639675898,1.66586109087,1.66774717694,1.66962610679,1.67149812089,1.67336344291,1.67522228114,1.67707482977,1.67892127008,1.68076177142,1.68259649223,1.68442558088,1.68624917645,1.68806740949,1.68988040262,1.69168827117,1.69349112374,1.69528906265,1.69708218445,1.69887058032,1.70065433647,1.70243353446,1.70420825159,1.70597856114,1.70774453267,1.70950623229,1.71126372287,1.71301706427,1.71476631355,1.71651152514,1.71825275099,1.71999004081,1.72172344211,1.72345300042,1.72517875937,1.72690076082,1.72861904499,1.73033365053,1.73204461461,1.73375197305,1.73545576036,1.73715600984,1.73885275364,1.74054602283,1.74223584743,1.74392225655,1.74560527834,1.74728494013,1.7489612684,1.7506342889,1.75230402661,1.75397050586,1.7556337503,1.75729378297,1.75895062632,1.76060430223,1.76225483207,1.76390223669,1.76554653647,1.76718775132,1.76882590072,1.77046100373,1.77209307902,1.77372214489,1.77534821926,1.77697131971,1.7785914635,1.78020866756,1.78182294853,1.78343432275,1.78504280629,1.78664841494,1.78825116424,1.78985106951,1.79144814579,1.79304240792,1.79463387052,1.79622254798,1.79780845451,1.79939160411,1.8009720106,1.80254968761,1.8041246486,1.80569690686,1.8072664755,1.8088333675,1.81039759564,1.81195917261
47,0,0.442220272524,1.00521664001,1.2431790291,1.33706179138,1.38428954388,1.41734288221,1.44185550431,1.46082594581,1.47600091722,1.48846770693,1.49893852067,1.50789913765,1.51569199299,1.52256517167,1.52870260533,1.53424338594,1.53929451424,1.54393954654,1.54824459998,1.552262611,1.55603641143,1.55960098731,1.56298516241,1.56621286984,1.56930412423,1.57227577333,1.57514208498,1.57791520977,1.58060554894,1.58322204918,1.58577244071,1.58826343078,1.59070086201,1.59308984272,1.59543485484,1.59773984365,1.6000082929,1.60224328786,1.6044475686,1.60662357507,1.60877348553,1.61089924932,1.61300261497,1.61508515438,1.61714828364,1.61919328115,1.62122130323,1.62323339777,1.62523051617,1.62721352372,1.62918320874,1.63114029065,1.63308542702,1.63501921986,1.63694222112,1.6388549376,1.64075783537,1.64265134359,1.64453585802,1.64641174407,1.64827933964,1.65013895753,1.65199088771,1.65383539933,1.65567274251,1.65750314996,1.65932683848,1.66114401028,1.66295485414,1.66475954658,1.66655825278,1.66835112753,1.67013831602,1.67191995459,1.67369617142,1.67546708715,1.67723281543,1.67899346347,1.68074913249,1.68249991815,1.68424591098,1.68598719672,1.68772385667,1.68945596799,1.69118360399,1.6929068344,1.69462572561,1.69634034087,1.69805074053,1.69975698221,1.701459121,1.70315720958,1.70485129842,1.70654143588,1.70822766837,1.70991004044,1.71158859494,1.71326337308,1.71493441452,1.71660175751,1.71826543894,1.7199254944,1.72158195832,1.72323486394,1.72488424347,1.72653012809,1.72817254801,1.72981153256,1.73144711019,1.73307930854,1.73470815448,1.73633367416,1.73795589302,1.73957483585,1.74119052681,1.74280298946,1.7444122468,1.7460183213,1.74762123488,1.74922100901,1.75081766466,1.75241122238,1.75400170227,1.75558912403,1.75717350699,1.75875487006,1.76033323185,1.76190861057,1.76348102414,1.76505049016,1.7666170259,1.76818064837,1.76974137428,1.77129922009,1.77285420199,1.7744063359,1.77595563754,1.77750212237,1.77904580563,1.78058670235,1.78212482735,1.78366019524,1.78519282044,1.78672271719,1.78824989953,1.78977438135,1.79129617633,1.79281529801,1.79433175976
48,0,0.356123625394,0.917094494387,1.16636964132,1.27714218917,1.32993061339,1.36697195215,1.39455003743,1.41596584571,1.43314710886,1.44729672916,1.45920452778,1.46941049381,1.47829616481,1.48613859618,1.49314367403,1.49946745302,1.50523026137,1.51052628136,1.51543021258,1.52000200366,1.52429027499,1.5283348356,1.53216856174,1.53581881764,1.53930854345,1.54265709733,1.54588091412,1.54899402525,1.55200847268,1.55493464114,1.5577815268,1.56055695592,1.5632677641,1.56591994397,1.56851876767,1.57106888887,1.57357442831,1.57603904565,1.57846600033,1.58085820316,1.58321826024,1.58554851067,1.58785105876,1.59012780189,1.59238045454,1.59461056913,1.59681955414,1.5990086899,1.60117914241,1.60333197546,1.60546816124,1.60758858974,1.60969407701,1.61178537248,1.61386316546,1.6159280909,1.61798073451,1.62002163738,1.62205130003,1.62407018608,1.62607872557,1.62807731786,1.63006633431,1.63204612066,1.63401699921,1.63597927074,1.63793321628,1.63987909872,1.64181716425,1.64374764368,1.64567075363,1.64758669765,1.64949566717,1.65139784243,1.65329339334,1.65518248017,1.65706525431,1.65894185888,1.66081242931,1.66267709388,1.66453597423,1.66638918578,1.66823683821,1.67007903576,1.67191587766,1.67374745843,1.67557386818,1.67739519289,1.6792115147,1.68102291209,1.68282946018,1.68463123089,1.68642829312,1.68822071297,1.69000855389,1.69179187683,1.69357074038,1.69534520091,1.69711531272,1.6988811281,1.7006426975,1.70240006959,1.70415329137,1.70590240829,1.70764746425,1.70938850178,1.71112556205,1.71285868494,1.71458790913,1.71631327214,1.71803481042,1.71975255936,1.72146655335,1.72317682585,1.72488340943,1.72658633577,1.72828563578,1.72998133955,1.73167347644,1.73336207509,1.73504716348,1.73672876891,1.73840691806,1.74008163705,1.74175295137,1.74342088601,1.7450854654,1.74674671349,1.74840465372,1.75005930908,1.75171070212,1.75335885493,1.75500378921,1.75664552624,1.75828408695,1.75991949185,1.76155176113,1.76318091462,1.76480697182,1.7664299519,1.76804987373,1.76966675588,1.77128061662,1.77289147394,1.77449934556,1.77610424894,1.77770620127,1.77930521952,1.78090132039
49,0,0.31915140153,0.926796992108,1.18587980593,1.28507249359,1.3373862616,1.37414373923,1.40150712704,1.42276107391,1.43982172399,1.45388354953,1.46573009141,1.47589655921,1.48476078431,1.49259690063,1.49960845795,1.50594961869,1.51173916109,1.5170699851,1.52201571979,1.52663541289,1.53097692107,1.53507940166,1.53897517141,1.54269111162,1.54624974341,1.54967005974,1.55296817578,1.55615784201,1.55925085263,1.56225737309,1.56518620487,1.56804500092,1.57084044209,1.5735783825,1.57626397002,1.5789017466,1.58149573229,1.58404949586,1.58656621455,1.58904872469,1.59149956483,1.59392101264,1.59631511657,1.59868372309,1.60102850024,1.60335095802,1.60565246614,1.60793426945,1.61019750147,1.6124431962,1.61467229851,1.61688567333,1.61908411368,1.62126834783,1.62343904565,1.6255968242,1.62774225274,1.62987585723,1.63199812425,1.63410950462,1.63621041656,1.6383012486,1.64038236209,1.6424540936,1.64451675697,1.64657064522,1.64861603224,1.65065317439,1.65268231183,1.65470366988,1.65671746013,1.6587238815,1.66072312122,1.66271535571,1.66470075137,1.66667946533,1.66865164609,1.6706174342,1.67257696274,1.67453035792,1.6764777395,1.67841922128,1.68035491145,1.68228491298,1.68420932401,1.6861282381,1.68804174456,1.68994992871,1.69185287215,1.69375065297,1.69564334596,1.69753102285,1.69941375245,1.70129160085,1.70316463156,1.7050329057,1.70689648208,1.70875541738,1.71060976624,1.7124595814,1.71430491375,1.71614581252,1.71798232528,1.71981449808,1.72164237551,1.72346600079,1.72528541582,1.72710066125,1.72891177658,1.73071880015,1.73252176926,1.73432072018,1.7361156882,1.73790670773,1.73969381224,1.74147703441,1.7432564061,1.7450319584,1.74680372166,1.74857172555,1.75033599906,1.75209657054,1.75385346771,1.75560671773,1.75735634716,1.75910238205,1.7608448479,1.76258376972,1.76431917205,1.76605107895,1.76777951403,1.7695045005,1.77122606112,1.77294421826,1.77465899393,1.77637040975,1.77807848696,1.7797832465,1.78148470893,1.78318289452,1.7848778232,1.78656951463,1.78825798813,1.78994326278,1.79162535736,1.79330429039,1.79498008012,1.79665274457,1.79832230149
50,0,0.468616098345,0.96218876801,1.17814506061,1.27569701631,1.32627248112,1.36188181851,1.38844475437,1.40911858381,1.42574626685,1.43947735439,1.45106638652,1.46102908804,1.4697297691,1.47743292707,1.4843350884,1.49058519874,1.49629809788,1.50156367027,1.50645320784,1.51102392742,1.5153222379,1.51938614237,1.52324703063,1.52693103485,1.53046006741,1.53385262418,1.53712441273,1.54028884819,1.54335744802,1.54634014881,1.54924556243,1.55208118459,1.5548535657,1.55756845168,1.56023090078,1.56284538082,1.56541585075,1.5679458292,1.57043845246,1.57289652369,1.57532255487,1.57771880265,1.58008729919,1.58242987864,1.58474820015,1.58704376768,1.58931794733,1.59157198243,1.59380700668,1.59602405577,1.59822407748,1.60040794069,1.60257644322,1.60473031888,1.60687024366,1.60899684122,1.61111068783,1.61321231672,1.61530222203,1.61738086229,1.61944866358,1.62150602233,1.6235533079,1.62559086484,1.62761901496,1.62963805922,1.63164827942,1.63364993969,1.63564328797,1.63762855716,1.63960596639,1.64157572198,1.64353801845,1.64549303935,1.64744095811,1.64938193875,1.65131613651,1.65324369855,1.65516476443,1.65707946668,1.65898793126,1.66089027802,1.66278662106,1.66467706915,1.66656172606,1.66844069086,1.67031405825,1.67218191882,1.67404435928,1.67590146272,1.67775330883,1.67959997409,1.68144153197,1.68327805308,1.68510960536,1.68693625424,1.68875806274,1.69057509163,1.69238739957,1.69419504317,1.69599807716,1.69779655445,1.69959052624,1.70138004211,1.7031651501,1.70494589676,1.70672232727,1.70849448549,1.71026241401,1.71202615423,1.71378574638,1.71554122964,1.71729264212,1.71904002095,1.72078340232,1.7225228215,1.7242583129,1.72598991011,1.72771764592,1.72944155235,1.73116166071,1.7328780016,1.73459060496,1.73629950009,1.73800471565,1.73970627974,1.74140421985,1.74309856296,1.74478933549,1.74647656338,1.74816027206,1.74984048649,1.75151723119,1.75319053021,1.7548604072,1.75652688539,1.75818998762,1.75984973635,1.76150615366,1.76315926126,1.76480908054,1.76645563254,1.76809893797,1.76973901723,1.77137589042,1.77300957732,1.77464009745,1.77626747002,1.777891714
51,0,0.52316503809,1.05834849595,1.26585335799,1.34227003025,1.38682945556,1.41809086511,1.44134327296,1.45939988213,1.4738985487,1.48585834495,1.49594654992,1.50461816738,1.51219386698,1.51890592821,1.52492654738,1.53038593656,1.53538426678,1.53999976649,1.54429434456,1.54831757692,1.55210958558,1.55570315251,1.55912529479,1.56239845424,1.56554140683,1.56856996567,1.57149752995,1.57433551762,1.57709370945,1.57978052468,1.58240324368,1.58496818886,1.58748087276,1.58994611993,1.59236816787,1.59475075091,1.59709717053,1.59941035433,1.60169290586,1.60394714681,1.60617515301,1.60837878504,1.61055971461,1.61271944718,1.61485934147,1.61698062639,1.61908441576,1.62117172102,1.62324346246,1.62530047897,1.62734353662,1.6293733362,1.63139051988,1.63339567706,1.63538934963,1.63737203653,1.6393441979,1.6413062587,1.64325861202,1.64520162195,1.64713562621,1.64906093852,1.65097785065,1.65288663438,1.65478754315,1.65668081363,1.65856666713,1.66044531079,1.66231693882,1.66418173344,1.66603986591,1.66789149729,1.66973677932,1.67157585505,1.67340885954,1.67523592041,1.67705715843,1.67887268797,1.6806826175,1.68248704996,1.68428608318,1.68607981021,1.68786831968,1.68965169603,1.69143001986,1.69320336815,1.69497181447,1.69673542926,1.69849427995,1.70024843124,1.70199794516,1.70374288135,1.70548329709,1.70721924754,1.7089507858,1.71067796305,1.71240082867,1.71411943032,1.71583381405,1.71754402441,1.71925010447,1.72095209598,1.72265003939,1.7243439739,1.72603393758,1.7277199674,1.72940209929,1.73108036817,1.73275480804,1.73442545199,1.73609233225,1.73775548026,1.73941492668,1.7410707014,1.74272283366,1.74437135197,1.74601628422,1.74765765771,1.7492954991,1.75092983451,1.75256068954,1.75418808923,1.75581205815,1.75743262039,1.75904979956,1.76066361886,1.76227410103,1.76388126845,1.76548514305,1.76708574642,1.76868309977,1.77027722396,1.77186813952,1.77345586663,1.77504042516,1.77662183469,1.77820011448,1.77977528352,1.78134736051,1.78291636389,1.78448231183,1.78604522224,1.78760511281,1.78916200097,1.79071590393,1.79226683865,1.79381482191,1.79535987024,1.79690199999
52,0,0.340177859821,0.949227775408,1.20835037657,1.30712736593,1.3548114766,1.38807897243,1.41267257054,1.43164603349,1.44677660625,1.45916955392,1.46954817161,1.47840532533,1.4860881021,1.4928477022,1.49887017322,1.50429605696,1.50923335075,1.51376629387,1.51796146645,1.52187211186,1.52554125723,1.52900400355,1.53228923154,1.53542088934,1.5384189764,1.54130030368,1.54407908693,1.54676741406,1.54937561651,1.55191256667,1.55438591787,1.55680229935,1.55916747565,1.56148647775,1.56376371149,1.5660030478,1.56820789803,1.57038127724,1.57252585758,1.57464401342,1.57673785985,1.57880928537,1.58085998004,1.58289145956,1.58490508609,1.58690208623,1.58888356661,1.59085052745,1.59280387441,1.59474442891,1.59667293718,1.59859007827,1.60049647099,1.60239268016,1.60427922203,1.60615656914,1.60802515462,1.60988537603,1.61173759873,1.61358215892,1.61541936642,1.61724950703,1.61907284472,1.62088962364,1.62270006984,1.62450439284,1.6263027871,1.62809543331,1.62988249952,1.63166414224,1.63344050735,1.63521173102,1.63697794049,1.63873925474,1.6404957852,1.64224763634,1.64399490616,1.64573768675,1.64747606472,1.6492101216,1.65093993423,1.65266557512,1.65438711276,1.6561046119,1.65781813384,1.65952773667,1.66123347549,1.66293540263,1.66463356782,1.66632801842,1.66801879952,1.66970595415,1.67138952336,1.67306954642,1.67474606086,1.67641910267,1.6780887063,1.67975490487,1.68141773016,1.68307721273,1.68473338203,1.68638626641,1.68803589321,1.68968228885,1.69132547885,1.69296548787,1.69460233983,1.69623605787,1.69786666446,1.69949418139,1.70111862984,1.70274003041,1.70435840313,1.70597376753,1.70758614263,1.70919554698,1.7108019987,1.71240551547,1.7140061146,1.71560381298,1.71719862719,1.71879057344,1.72037966762,1.72196592531,1.7235493618,1.7251299921,1.72670783095,1.72828289284,1.72985519202,1.73142474249,1.73299155805,1.73455565228,1.73611703854,1.73767573003,1.73923173972,1.74078508044,1.74233576481,1.74388380533,1.7454292143,1.74697200388,1.7485121861,1.75004977281,1.75158477576,1.75311720654,1.75464707663,1.75617439739,1.75769918003,1.75922143568,1.76074117533
53,0,0.309905927601,1.02687774902,1.31342314465,1.39522383992,1.43569469064,1.46369208159,1.48421965101,1.49992996017,1.51236206952,1.52247021426,1.53087694967,1.53800518853,1.54415182425,1.54953104677,1.55430097819,1.55858066955,1.56246129396,1.56601372076,1.56929376354,1.57234589276,1.57520591111,1.57790291337,1.58046074345,1.58289909223,1.58523433478,1.58748017593,1.58964815316,1.59174803191,1.5937881191,1.59577551364,1.59771630824,1.59961575288,1.60147838828,1.60330815538,1.60510848572,1.60688237641,1.60863245268,1.61036102015,1.61207010896,1.61376151094,1.61543681113,1.6170974147,1.61874456982,1.62037938738,1.62200285783,1.6236158658,1.62521920268,1.62681357752,1.6283996266,1.62997792165,1.63154897709,1.6331132564,1.63467117765,1.63622311838,1.63776941993,1.63931039124,1.64084631219,1.64237743661,1.64390399491,1.64542619641,1.64694423149,1.64845827339,1.64996847992,1.65147499495,1.65297794972,1.65447746405,1.65597364742,1.65746659992,1.65895641315,1.66044317096,1.66192695018,1.66340782128,1.66488584889,1.66636109236,1.66783360622,1.66930344063,1.67077064172,1.67223525198,1.67369731057,1.6751568536,1.67661391441,1.67806852379,1.67952071024,1.6809705001,1.6824179178,1.68386298599,1.68530572571,1.68674615649,1.68818429654,1.68962016281,1.69105377112,1.69248513625,1.69391427205,1.69534119147,1.6967659067,1.69818842919,1.69960876972,1.70102693848,1.70244294511,1.70385679873,1.70526850802,1.70667808121,1.70808552619,1.70949085046,1.71089406124,1.71229516543,1.71369416969,1.71509108044,1.71648590388,1.71787864602,1.71926931268,1.72065790954,1.72204444214,1.72342891586,1.72481133599,1.72619170773,1.72757003615,1.72894632628,1.73032058303,1.73169281129,1.73306301588,1.73443120155,1.73579737302,1.737161535,1.73852369212,1.73988384902,1.74124201031,1.74259818056,1.74395236436,1.74530456626,1.74665479081,1.74800304256,1.74934932605,1.75069364582,1.75203600642,1.75337641238,1.75471486826,1.7560513786,1.75738594797,1.75871858092,1.76004928203,1.76137805588,1.76270490705,1.76402984016,1.76535285981,1.76667397061,1.7679931772,1.76931048422,1.77062589632
54,0,0.322395557827,0.893316790606,1.15276302023,1.27139788322,1.33035578601,1.37198716132,1.40314885483,1.4274711656,1.44707862707,1.46329971747,1.47700852763,1.48880390675,1.49910986733,1.508234958,1.51640895666,1.52380640231,1.53056216923,1.53678205841,1.54255017274,1.5479341608,1.55298901462,1.55775986579,1.56228407502,1.56659281451,1.57071228103,1.57466463622,1.57846874293,1.58214074717,1.58569454212,1.58914214099,1.59249397895,1.5957591592,1.59894565496,1.60206047608,1.60510980749,1.60809912464,1.61103329036,1.61391663647,1.6167530329,1.61954594641,1.62229849069,1.62501346932,1.62769341266,1.63034060975,1.63295713583,1.63554487627,1.63810554748,1.64064071503,1.64315180966,1.64564014124,1.64810691108,1.65055322286,1.65298009216,1.65538845505,1.65777917563,1.66015305276,1.66251082608,1.66485318139,1.66718075542,1.66949414016,1.67179388675,1.67408050894,1.67635448623,1.67861626671,1.68086626962,1.68310488769,1.68533248922,1.68754941999,1.689756005,1.69195255007,1.69413934326,1.6963166562,1.69848474526,1.70064385269,1.70279420761,1.70493602693,1.7070695162,1.70919487038,1.71131227459,1.71342190472,1.71552392808,1.71761850392,1.71970578399,1.721785913,1.72385902905,1.72592526406,1.72798474414,1.73003758994,1.73208391699,1.73412383597,1.73615745305,1.73818487009,1.74020618493,1.74222149159,1.74423088051,1.74623443873,1.74823225005,1.75022439526,1.75221095226,1.75419199624,1.75616759977,1.75813783301,1.76010276377,1.76206245765,1.76401697815,1.76596638678,1.76791074315,1.76985010505,1.77178452854,1.77371406807,1.77563877649,1.77755870517,1.77947390405,1.7813844217,1.78329030539,1.78519160115,1.7870883538,1.78898060704,1.79086840346,1.7927517846,1.794630791,1.79650546224,1.79837583697,1.80024195294,1.80210384706,1.80396155542,1.8058151133,1.80766455524,1.80950991504,1.81135122581,1.81318851994,1.81502182922,1.81685118477,1.81867661712,1.82049815619,1.82231583137,1.82412967146,1.82593970475,1.82774595903,1.82954846157,1.83134723917,1.83314231818,1.83493372446,1.83672148349,1.83850562028,1.84028615945,1.84206312523,1.84383654144,1.84560643156
55,0,0.334264210597,0.918147664392,1.17264371909,1.27598228775,1.32827341634,1.36502322708,1.39238323136,1.41363374288,1.43068911319,1.44474312889,1.45657915032,1.46673243984,1.47558098581,1.48339912009,1.49039059998,1.49670978966,1.50247565634,1.50778127339,1.51270042714,1.51729230704,1.52160489694,1.52567746821,1.52954243967,1.53322678409,1.5367531046,1.54014046777,1.54340505489,1.54656067597,1.54961917882,1.55259077732,1.55548431671,1.55830748956,1.56106701262,1.56376877262,1.56641794708,1.56901910493,1.57157629081,1.57409309594,1.57657271807,1.57901801227,1.58143153426,1.58381557745,1.58617220471,1.58850327575,1.59081047079,1.59309531102,1.59535917642,1.59760332133,1.59982888799,1.60203691843,1.60422836495,1.60640409929,1.60856492079,1.61071156354,1.61284470276,1.61496496048,1.61707291053,1.61916908309,1.62125396864,1.6233280216,1.62539166351,1.62744528593,1.62948925307,1.63152390409,1.63354955521,1.63556650167,1.63757501939,1.63957536656,1.64156778509,1.64355250184,1.64552972984,1.64749966932,1.64946250871,1.65141842551,1.65336758711,1.65531015152,1.65724626807,1.65917607801,1.66109971508,1.66301730607,1.66492897126,1.66683482486,1.66873497549,1.67062952644,1.67251857613,1.67440221837,1.67628054265,1.67815363446,1.6800215755,1.68188444393,1.6837423146,1.68559525925,1.68744334665,1.68928664286,1.69112521133,1.69295911305,1.69478840674,1.69661314893,1.69843339409,1.70024919478,1.70206060172,1.7038676639,1.70567042868,1.70746894186,1.70926324777,1.71105338937,1.71283940829,1.71462134489,1.71639923835,1.71817312673,1.719943047,1.72170903511,1.72347112603,1.72522935381,1.72698375161,1.72873435174,1.7304811857,1.73222428424,1.73396367734,1.73569939431,1.73743146377,1.73915991368,1.74088477142,1.74260606373,1.74432381683,1.74603805636,1.74774880745,1.74945609473,1.75115994234,1.75286037396,1.75455741283,1.75625108174,1.75794140307,1.75962839883,1.76131209061,1.76299249965,1.76466964681,1.76634355263,1.7680142373,1.76968172068,1.77134602234,1.77300716153,1.7746651572,1.77632002805,1.77797179247,1.7796204686,1.78126607432,1.78290862725,1.78454814479
56,0,0.415627735723,0.967826851449,1.19790088119,1.28401362186,1.32981262728,1.36183903984,1.38557743408,1.40394403902,1.41863601856,1.43070887201,1.44085338633,1.44954033819,1.45710131739,1.46377636075,1.46974329411,1.47513648884,1.48005923591,1.4845921343,1.48879891379,1.49273056191,1.49642830353,1.49992578773,1.50325071688,1.50642607652,1.50947107519,1.51240187068,1.51523213688,1.51797351044,1.52063594567,1.52322799895,1.52575705813,1.52822952899,1.53065098777,1.53302630655,1.53535975714,1.53765509733,1.53991564311,1.54214432924,1.54434376044,1.54651625464,1.54866387981,1.55078848547,1.55289172956,1.55497510161,1.55703994274,1.55908746292,1.56111875594,1.56313481249,1.56513653149,1.56712473009,1.56910015237,1.571063477,1.57301532403,1.57495626082,1.57688680733,1.57880744079,1.58071859989,1.5826206884,1.58451407856,1.58639911394,1.58827611213,1.59014536706,1.59200715114,1.59386171715,1.59570929996,1.59755011807,1.59938437498,1.60121226051,1.60303395186,1.60484961471,1.6066594041,1.60846346532,1.61026193469,1.6120549402,1.61384260225,1.61562503413,1.61740234263,1.61917462851,1.62094198693,1.62270450788,1.62446227652,1.62621537358,1.62796387564,1.62970785541,1.63144738203,1.63318252131,1.63491333591,1.63663988564,1.63836222755,1.6400804162,1.64179450374,1.64350454016,1.64521057332,1.64691264918,1.64861081186,1.65030510378,1.65199556575,1.65368223708,1.65536515564,1.657044358,1.65871987946,1.66039175412,1.662060015,1.66372469403,1.66538582218,1.66704342945,1.66869754497,1.67034819703,1.67199541313,1.67363922001,1.67527964368,1.6769167095,1.67855044217,1.68018086578,1.68180800386,1.68343187934,1.68505251468,1.6866699318,1.68828415216,1.68989519676,1.69150308616,1.69310784051,1.69470947956,1.69630802269,1.6979034889,1.69949589686,1.70108526489,1.70267161099,1.70425495288,1.70583530794,1.70741269331,1.70898712584,1.7105586221,1.71212719843,1.71369287093,1.71525565545,1.71681556763,1.71837262286,1.71992683636,1.72147822312,1.72302679795,1.72457257544,1.72611557003,1.72765579595,1.72919326729,1.73072799795,1.73226000166,1.73378929201,1.73531588242
57,0,0.434584124745,1.00481475446,1.23736853376,1.32328468516,1.36929744305,1.40150192285,1.42539134136,1.44388791867,1.45869308912,1.47086548433,1.48109824864,1.4898639732,1.49749567174,1.50423451756,1.51025925699,1.51570501669,1.52067571444,1.52525247473,1.52949947198,1.53346807301,1.53719982861,1.54072866985,1.54408254456,1.54728465315,1.55035439324,1.55330808978,1.55615956509,1.55892058817,1.56160123182,1.56421015883,1.56675485293,1.56924180661,1.57167667472,1.5740644008,1.57640932179,1.57871525501,1.58098557095,1.58322325443,1.58543095616,1.58761103649,1.58976560255,1.59189654006,1.59400554052,1.59609412461,1.59816366239,1.60021539075,1.60225042861,1.60426979007,1.606274396,1.60826508401,1.6102426174,1.61220769285,1.61416094733,1.61610296409,1.61803427806,1.61995538057,1.62186672358,1.62376872341,1.62566176414,1.62754620053,1.62942236076,1.6312905488,1.63315104656,1.63500411583,1.63685000003,1.63868892578,1.64052110432,1.64234673279,1.64416599538,1.64597906442,1.6477861013,1.64958725734,1.65138267461,1.65317248663,1.65495681901,1.6567357901,1.65850951147,1.66027808846,1.66204162063,1.66380020215,1.66555392223,1.66730286545,1.66904711208,1.67078673838,1.67252181689,1.67425241668,1.67597860356,1.67770044032,1.67941798693,1.68113130072,1.68284043652,1.68454544688,1.68624638216,1.68794329069,1.68963621888,1.69132521136,1.69301031108,1.69469155939,1.69636899616,1.69804265985,1.69971258761,1.70137881532,1.7030413777,1.70470030836,1.70635563984,1.70800740372,1.7096556306,1.71130035023,1.71294159148,1.71457938246,1.71621375048,1.71784472216,1.71947232343,1.72109657956,1.7227175152,1.72433515443,1.72594952076,1.72756063715,1.72916852607,1.73077320949,1.73237470893,1.73397304545,1.7355682397,1.73716031191,1.73874928192,1.7403351692,1.74191799288,1.74349777172,1.74507452416,1.74664826834,1.74821902206,1.74978680287,1.751351628,1.75291351443,1.75447247888,1.7560285378,1.75758170741,1.75913200371,1.76067944243,1.76222403913,1.76376580913,1.76530476754,1.76684092929,1.7683743091,1.76990492153,1.77143278092,1.77295790147,1.77448029719,1.77599998193
58,0,0.419555585819,1.00099514811,1.24474295563,1.34002429506,1.38597586467,1.41803625661,1.44173919424,1.46002719502,1.47461270447,1.48656065767,1.49656793891,1.50510940599,1.51251945689,1.51904010349,1.524850585,1.53008629786,1.53485128407,1.53922669666,1.54327667574,1.54705251296,1.55059565786,1.55393992427,1.55711313369,1.56013835587,1.56303485668,1.56581883044,1.5685039715,1.57110192442,1.57362264178,1.57607467069,1.57846538393,1.58080116781,1.58308757571,1.58532945435,1.58753104833,1.58969608696,1.59182785684,1.59392926287,1.5960028796,1.59805099478,1.60007564636,1.60207865407,1.60406164644,1.60602608408,1.60797327967,1.60990441533,1.61182055758,1.61372267048,1.61561162695,1.61748821878,1.61935316534,1.62120712126,1.62305068316,1.6248843956,1.62670875641,1.62852422126,1.63033120787,1.63213009968,1.63392124912,1.63570498053,1.63748159278,1.63925136166,1.6410145419,1.64277136911,1.64452206148,1.64626682127,1.64800583623,1.64973928081,1.65146731731,1.65319009688,1.65490776046,1.6566204396,1.65832825723,1.66003132837,1.6617297607,1.66342365522,1.66511310669,1.66679820418,1.66847903145,1.67015566737,1.67182818631,1.67349665843,1.67516115003,1.6768217238,1.6784784391,1.68013135219,1.68178051644,1.68342598256,1.68506779875,1.68670601091,1.68834066276,1.68997179601,1.6915994505,1.6932236643,1.69484447385,1.69646191405,1.69807601836,1.69968681892,1.70129434659,1.70289863106,1.70449970093,1.70609758374,1.70769230607,1.70928389358,1.71087237107,1.71245776255,1.71404009124,1.71561937967,1.71719564968,1.71876892246,1.72033921864,1.72190655824,1.72347096077,1.72503244522,1.72659103011,1.72814673351,1.72969957303,1.73124956592,1.732796729,1.73434107875,1.73588263129,1.73742140241,1.7389574076,1.74049066203,1.74202118059,1.74354897791,1.74507406833,1.74659646599,1.74811618476,1.74963323828,1.75114763999,1.75265940313,1.75416854071,1.75567506559,1.75717899042,1.75868032768,1.76017908969,1.76167528861,1.76316893643,1.76466004499,1.76614862602,1.76763469107,1.76911825157,1.77059931883,1.77207790402,1.7735540182,1.77502767232,1.7764988772,1.77796764354
59,0,0.274588277422,0.936128774576,1.20947318391,1.29350833054,1.3380609108,1.36903472014,1.39185916709,1.40941631871,1.42338063239,1.43479170639,1.44432873595,1.4524537734,1.45949166935,1.46567714125,1.47118373904,1.47614234293,1.48065335472,1.48479495397,1.48862882325,1.49220420175,1.49556080878,1.49873098729,1.50174129885,1.50461372651,1.5073665929,1.5100152689,1.51257272614,1.51504997182,1.51745639378,1.51980003668,1.52208782451,1.52432574123,1.52651897825,1.52867205566,1.53078892235,1.53287303919,1.53492744845,1.53695483207,1.53895756063,1.5409377349,1.54289722102,1.54483768053,1.54676059606,1.54866729336,1.55055896027,1.5524366631,1.55430136084,1.55615391748,1.55799511272,1.55982565137,1.56164617154,1.56345725181,1.56525941759,1.56705314669,1.56883887418,1.57061699682,1.57238787687,1.5741518455,1.5759092059,1.57766023589,1.57940519046,1.58114430382,1.58287779141,1.58460585162,1.58632866732,1.58804640732,1.58975922755,1.59146727226,1.59317067502,1.59486955966,1.59656404108,1.59825422605,1.59994021385,1.60162209693,1.60329996146,1.60497388786,1.60664395124,1.60831022187,1.60997276552,1.61163164386,1.61328691475,1.61493863255,1.61658684842,1.6182316105,1.61987296421,1.62151095241,1.62314561563,1.62477699218,1.62640511841,1.62803002877,1.62965175599,1.63127033118,1.63288578399,1.63449814267,1.63610743419,1.63771368433,1.63931691775,1.6409171581,1.64251442805,1.64410874937,1.64570014302,1.64728862918,1.64887422728,1.65045695609,1.65203683376,1.65361387783,1.65518810531,1.65675953266,1.6583281759,1.65989405056,1.66145717177,1.66301755427,1.6645752124,1.66613016017,1.66768241126,1.66923197904,1.67077887659,1.67232311673,1.67386471199,1.67540367471,1.67694001694,1.67847375058,1.68000488727,1.6815334385,1.68305941556,1.68458282957,1.68610369148,1.68762201211,1.68913780212,1.69065107201,1.69216183219,1.69367009292,1.69517586434,1.69667915648,1.69817997927,1.69967834251,1.70117425594,1.70266772918,1.70415877176,1.70564739313,1.70713360265,1.7086174096,1.7100988232,1.71157785257,1.71305450678,1.71452879481,1.71600072559,1.71747030798,1.71893755077
60,0,0.492116661374,0.966972516902,1.17011790609,1.25977925419,1.31186473901,1.34884489477,1.37666112545,1.39848927655,1.41618728403,1.43091668304,1.44344165685,1.45428576759,1.46381976601,1.47231350033,1.47996798842,1.48693598181,1.49333557349,1.49925945083,1.50478133821,1.50996057755,1.51484544549,1.51947559594,1.52388388524,1.52809775458,1.53214028987,1.53603104331,1.53978667696,1.54342147136,1.54694773125,1.55037611161,1.55371588175,1.55697514064,1.56016099364,1.56327969844,1.56633678627,1.56933716306,1.57228519437,1.57518477692,1.57803939923,1.58085219318,1.58362597801,1.58636329805,1.58906645519,1.59173753688,1.59437844039,1.59699089394,1.599576475,1.60213662641,1.60467267042,1.60718582105,1.60967719498,1.6121478212,1.61459864949,1.61703055795,1.61944435978,1.62184080919,1.62422060678,1.62658440432,1.62893280897,1.6312663872,1.63358566819,1.63589114696,1.63818328719,1.6404625237,1.64272926484,1.64498389449,1.64722677399,1.64945824382,1.65167862525,1.65388822164,1.65608731986,1.65827619141,1.66045509351,1.66262427012,1.66478395288,1.66693436186,1.66907570643,1.6712081859,1.67333199024,1.6754473006,1.67755428994,1.67965312352,1.68174395936,1.68382694869,1.68590223638,1.68796996129,1.69003025664,1.69208325032,1.69412906521,1.69616781945,1.69819962672,1.70022459647,1.70224283414,1.70425444142,1.70625951639,1.70825815374,1.71025044496,1.71223647845,1.71421633974,1.71619011157,1.7181578741,1.72011970494,1.72207567936,1.72402587035,1.72597034874,1.72790918331,1.72984244086,1.73177018632,1.73369248281,1.73560939176,1.73752097292,1.73942728449,1.74132838317,1.7432243242,1.74511516144,1.74700094742,1.74888173341,1.75075756942,1.75262850433,1.75449458584,1.7563558606,1.75821237419,1.7600641712,1.76191129523,1.76375378895,1.76559169414,1.76742505168,1.76925390165,1.77107828329,1.77289823507,1.77471379468,1.77652499912,1.77833188465,1.78013448685,1.78193284064,1.78372698031,1.78551693952,1.78730275132,1.7890844482,1.79086206205,1.79263562423,1.79440516558,1.79617071641,1.79793230652,1.79968996523,1.80144372138,1.80319360338,1.80493963915,1.80668185619
61,0,0.379999752098,0.96284456002,1.20889302621,1.30314522301,1.35058529201,1.38376075355,1.40834488439,1.4273564235,1.44255335423,1.45502967404,1.46550178077,1.4744581736,1.4822431056,1.48910590567,1.49523137264,1.50075921179,1.50579686241,1.51042819672,1.51471956041,1.51872405535,1.52248463272,1.52603636389,1.52940813273,1.53262391351,1.53570374788,1.5386644999,1.54152044564,1.54428373786,1.54696477539,1.5495724991,1.55211463086,1.55459786771,1.55702804076,1.55941024591,1.56174895206,1.56404809113,1.56631113335,1.56854115044,1.57074086901,1.57291271576,1.57505885593,1.5771812261,1.57928156242,1.58136142469,1.58342221733,1.58546520738,1.5874915402,1.58950225309,1.59149828723,1.59348049803,1.59544966432,1.59740649636,1.5993516429,1.60128569744,1.60320920375,1.60512266076,1.60702652696,1.60892122421,1.61080714124,1.61268463671,1.61455404199,1.61641566362,1.61826978553,1.62011667106,1.62195656471,1.62378969382,1.62561626996,1.62743649033,1.62925053888,1.63105858747,1.63286079679,1.63465731728,1.63644828994,1.63823384708,1.64001411298,1.64178920451,1.64355923169,1.6453242982,1.64708450187,1.64883993509,1.65059068521,1.6523368349,1.65407846249,1.65581564227,1.65754844478,1.65927693705,1.66100118287,1.66272124298,1.66443717528,1.66614903504,1.66785687503,1.66956074573,1.67126069546,1.67295677048,1.67464901519,1.67633747218,1.67802218238,1.67970318516,1.68138051839,1.68305421858,1.68472432093,1.68639085939,1.68805386678,1.68971337483,1.69136941421,1.69302201465,1.69467120495,1.69631701304,1.69795946604,1.69959859028,1.70123441137,1.70286695421,1.70449624305,1.7061223015,1.70774515259,1.70936481878,1.71098132197,1.71259468359,1.71420492455,1.7158120653,1.71741612587,1.71901712584,1.7206150844,1.72221002035,1.72380195214,1.72539089784,1.72697687521,1.72855990168,1.73013999435,1.73171717005,1.73329144533,1.73486283643,1.73643135937,1.73799702989,1.73955986351,1.7411198755,1.7426770809,1.74423149455,1.74578313108,1.74733200491,1.74887813027,1.75042152119,1.75196219153,1.75350015498,1.75503542505,1.75656801509,1.75809793827,1.75962520765,1.76114983609
62,0,0.4374269518,0.963418171511,1.18770457418,1.28044221908,1.32712589044,1.35979948698,1.38403325274,1.40279137405,1.41780024681,1.43013433827,1.44049734837,1.44936918574,1.45708810117,1.46389911652,1.46998387008,1.47547970342,1.48049225889,1.48510402317,1.48938026035,1.49337321877,1.4971251695,1.50067063753,1.50403806432,1.50725106366,1.51032938162,1.51328963872,1.51614590937,1.51891017872,1.52159270574,1.52420231431,1.52674662813,1.52923226175,1.53166497681,1.53404981064,1.53639118277,1.53869298344,1.54095864776,1.54319121787,1.54539339551,1.54756758651,1.54971593867,1.55184037411,1.55394261695,1.5560242172,1.5580865713,1.56013093993,1.56215846343,1.56417017529,1.56616701389,1.56814983272,1.57011940944,1.5720764538,1.57402161458,1.5759554858,1.57787861217,1.57979149392,1.58169459108,1.58358832737,1.58547309356,1.58734925053,1.58921713204,1.59107704712,1.59292928231,1.59477410361,1.59661175829,1.59844247645,1.60026647251,1.60208394649,1.60389508524,1.60570006344,1.60749904466,1.60929218219,1.61107961986,1.6128614928,1.61463792807,1.6164090453,1.61817495724,1.61993577028,1.62169158488,1.62344249607,1.62518859377,1.62692996319,1.62866668518,1.63039883646,1.63212649,1.63384971521,1.63556857818,1.63728314196,1.63899346669,1.64069960982,1.64240162631,1.64409956873,1.64579348748,1.64748343087,1.64916944526,1.65085157521,1.65252986357,1.65420435156,1.65587507891,1.65754208391,1.65920540351,1.66086507342,1.66252112811,1.66417360097,1.6658225243,1.66746792941,1.66910984665,1.67074830546,1.67238333446,1.67401496143,1.67564321341,1.67726811669,1.67888969688,1.68050797895,1.68212298722,1.68373474543,1.68534327676,1.68694860386,1.68855074883,1.69014973333,1.69174557852,1.69333830512,1.69492793343,1.69651448335,1.69809797438,1.69967842563,1.70125585589,1.70283028358,1.7044017268,1.70597020332,1.70753573064,1.70909832593,1.71065800611,1.71221478781,1.7137686874,1.71531972102,1.71686790454,1.71841325363,1.7199557837,1.72149550997,1.72303244743,1.72456661088,1.72609801493,1.72762667397,1.72915260225,1.73067581379,1.73219632248,1.73371414203,1.73522928596
63,0,0.403795943408,0.990102170868,1.24025924783,1.33649029471,1.38155813945,1.41296639015,1.43615931819,1.45403138625,1.46826676386,1.47991259438,1.48965397408,1.49795762297,1.50515212955,1.51147524097,1.51710299066,1.52216831597,1.52677333889,1.53099768999,1.53490428549,1.53854342103,1.54195572667,1.54517433522,1.54822649713,1.55113479933,1.55391809641,1.55659222986,1.55917058938,1.56166455496,1.56408384812,1.56643681307,1.56873064365,1.5709715676,1.57316499713,1.57531565289,1.57742766635,1.57950466501,1.58154984355,1.58356602353,1.58555570381,1.58752110313,1.58946419637,1.59138674546,1.59329032585,1.59517634927,1.59704608329,1.5989006683,1.60074113214,1.60256840296,1.60438332027,1.6061866447,1.60797906655,1.60976121322,1.61153365584,1.61329691508,1.61505146626,1.61679774391,1.61853614582,1.62026703661,1.62199075092,1.62370759627,1.62541785563,1.62712178965,1.62881963873,1.63051162485,1.63219795322,1.63387881376,1.63555438244,1.63722482246,1.63889028541,1.64055091217,1.64220683387,1.64385817266,1.64550504247,1.64714754966,1.64878579366,1.65041986747,1.65204985822,1.65367584761,1.65529791232,1.6569161244,1.65853055163,1.66014125785,1.66174830323,1.66335174455,1.66495163547,1.66654802673,1.66814096639,1.66973049997,1.6713166707,1.67289951963,1.6744790858,1.67605540638,1.67762851679,1.67919845084,1.68076524081,1.68232891758,1.6838895107,1.68544704849,1.68700155813,1.6885530657,1.6901015963,1.69164717408,1.69318982228,1.69472956336,1.69626641895,1.69780040999,1.69933155673,1.70085987877,1.7023853951,1.70390812416,1.70542808385,1.70694529154,1.70845976417,1.7099715182,1.71148056969,1.71298693428,1.71449062726,1.71599166353,1.7174900577,1.71898582401,1.72047897644,1.72196952867,1.72345749411,1.72494288591,1.72642571697,1.72790599999,1.7293837474,1.73085897147,1.73233168423,1.73380189755,1.73526962311,1.7367348724,1.73819765676,1.73965798738,1.74111587528,1.74257133134,1.74402436632,1.74547499082,1.74692321533,1.74836905021,1.74981250571,1.75125359195,1.75269231896,1.75412869666,1.75556273485,1.75699444327,1.75842383153,1.75985090916,1.76127568561
64,0,0.227444081465,0.929574514489,1.22611432329,1.31580124067,1.36316120718,1.39610930004,1.42040222944,1.43909733101,1.45397173878,1.46612930732,1.47629153682,1.48494947683,1.4924485159,1.49903831955,1.50490357032,1.51018360423,1.51498535616,1.51939212904,1.52346967647,1.52727051055,1.53083700958,1.53420369714,1.53739893851,1.54044622025,1.54336512729,1.54617209711,1.54888100809,1.5515036425,1.55405005418,1.55652886273,1.55894749075,1.56131235638,1.5636290306,1.56590236652,1.56813660625,1.57033546968,1.57250222856,1.57463976873,1.5767506425,1.57883711294,1.58090119159,1.58294467051,1.58496914975,1.58697606096,1.58896668765,1.59094218277,1.59290358387,1.59485182635,1.59678775491,1.59871213363,1.60062565475,1.60252894639,1.60442257932,1.60630707296,1.60818290065,1.61005049434,1.61191024868,1.61376252479,1.61560765345,1.61744593804,1.61927765719,1.62110306704,1.62292240339,1.6247358835,1.62654370785,1.62834606159,1.63014311591,1.63193502929,1.6337219486,1.63550401007,1.63728134024,1.63905405674,1.64082226907,1.64258607925,1.64434558245,1.64610086752,1.64785201754,1.64959911024,1.65134221846,1.65308141052,1.65481675056,1.65654829887,1.65827611222,1.66000024407,1.66172074485,1.6634376622,1.66515104115,1.66686092433,1.66856735214,1.6702703629,1.67196999305,1.67366627721,1.67535924836,1.67704893795,1.67873537599,1.68041859117,1.68209861093,1.68377546158,1.68544916833,1.68711975539,1.68878724606,1.69045166275,1.69211302705,1.69377135979,1.69542668111,1.69707901046,1.69872836667,1.700374768,1.70201823215,1.70365877632,1.70529641721,1.7069311711,1.70856305381,1.71019208078,1.71181826708,1.71344162743,1.7150621762,1.71667992746,1.71829489499,1.71990709229,1.72151653259,1.72312322887,1.72472719389,1.72632844019,1.72792698008,1.72952282569,1.73111598896,1.73270648163,1.73429431531,1.73587950142,1.73746205123,1.73904197587,1.74061928633,1.74219399345,1.74376610799,1.74533564053,1.74690260157,1.74846700151,1.7500288506,1.75158815903,1.75314493688,1.75469919411,1.75625094064,1.75780018626,1.7593469407,1.76089121359,1.7624330145,1.76397235292,1.76550923826
65,0,0.396989614385,0.989452528309,1.22614798297,1.31313091189,1.36360462429,1.39917046318,1.4257272769,1.44642027615,1.46308490179,1.476865769,1.48851404172,1.49854305878,1.50731539892,1.51509427547,1.52207524521,1.52840651014,1.53420233241,1.53955214273,1.54452687328,1.54918345337,1.55356806054,1.55771851067,1.56166604138,1.5654366607,1.56905217941,1.57253101017,1.5758887923,1.57913888495,1.58229275977,1.58536031594,1.58835013494,1.59126968792,1.59412550563,1.59692331845,1.59966817254,1.60236452659,1.60501633286,1.60762710538,1.61019997764,1.61273775146,1.61524293878,1.61771779728,1.62016436103,1.62258446691,1.62497977739,1.62735180034,1.62970190619,1.63203134299,1.63434124948,1.63663266662,1.6389065477,1.64116376721,1.64340512879,1.64563137211,1.6478431791,1.65004117939,1.65222595528,1.65439804602,1.65655795174,1.65870613698,1.66084303376,1.66296904445,1.66508454425,1.66718988354,1.66928538988,1.67137136993,1.67344811108,1.67551588304,1.67757493917,1.67962551781,1.68166784337,1.68370212742,1.68572856962,1.6877473586,1.68975867278,1.69176268107,1.69375954356,1.69574941212,1.69773243101,1.69970873732,1.70167846154,1.70364172791,1.70559865491,1.70754935557,1.70949393785,1.71143250497,1.71336515567,1.7152919845,1.7172130821,1.7191285354,1.72103842785,1.72294283965,1.7248418479,1.72673552678,1.72862394777,1.73050717972,1.73238528904,1.73425833986,1.73612639407,1.73798951154,1.73984775013,1.74170116586,1.74354981299,1.74539374409,1.74723301014,1.7490676606,1.7508977435,1.75272330549,1.75454439191,1.75636104686,1.75817331325,1.75998123285,1.76178484637,1.76358419345,1.76537931277,1.76717024206,1.76895701812,1.77073967692,1.77251825356,1.77429278238,1.77606329693,1.77782983004,1.77959241382,1.78135107972,1.78310585852,1.7848567804,1.78660387492,1.78834717105,1.79008669721,1.7918224813,1.79355455066,1.79528293217,1.7970076522,1.79872873665,1.80044621098,1.80216010022,1.80387042895,1.80557722137,1.80728050126,1.80898029203,1.81067661671,1.81236949799,1.81405895818,1.81574501927,1.81742770292,1.81910703047,1.82078302293,1.82245570105,1.82412508525
66,0,0.309909221396,0.961853991583,1.23815428186,1.33719151351,1.38321433704,1.4152409572,1.4388550291,1.45702401338,1.47147389985,1.48327741789,1.49313612411,1.50152775627,1.50878851774,1.51516155927,1.5208268342,1.52592017684,1.53054588439,1.53478524307,1.53870244414,1.54234877514,1.54576564451,1.54898680053,1.55203998344,1.55494817202,1.55773053581,1.56040317031,1.5629796707,1.56547158344,1.56788876506,1.57023966931,1.57253157872,1.57477079272,1.57696278127,1.57911231119,1.58122355069,1.58330015606,1.58534534429,1.5873619538,1.5893524958,1.59131919761,1.59326403959,1.59518878654,1.59709501463,1.59898413449,1.60085741115,1.6027159812,1.60456086774,1.60639299329,1.60821319113,1.61002221512,1.61182074835,1.61360941074,1.61538876567,1.61715932587,1.61892155866,1.62067589046,1.62242271094,1.6241623766,1.62589521403,1.62762152273,1.62934157773,1.63105563186,1.63276391778,1.63446664987,1.63616402589,1.6378562284,1.63954342619,1.64122577543,1.64290342077,1.64457649638,1.64624512677,1.64790942766,1.64956950667,1.65122546403,1.65287739314,1.65452538119,1.65616950959,1.65780985445,1.65944648705,1.66107947415,1.66270887837,1.66433475853,1.6659571699,1.6675761645,1.66919179135,1.67080409666,1.67241312407,1.67401891483,1.67562150797,1.67722094047,1.6788172474,1.68041046206,1.68200061611,1.68358773968,1.68517186149,1.68675300891,1.68833120812,1.68990648412,1.69147886086,1.6930483613,1.69461500745,1.69617882049,1.69773982076,1.69929802786,1.70085346068,1.70240613745,1.70395607579,1.70550329274,1.70704780479,1.70858962794,1.7101287777,1.71166526915,1.71319911694,1.71473033533,1.71625893822,1.71778493915,1.71930835135,1.72082918774,1.72234746094,1.72386318331,1.72537636695,1.72688702373,1.72839516527,1.72990080299,1.7314039481,1.73290461163,1.73440280442,1.73589853713,1.73739182027,1.73888266418,1.74037107908,1.74185707501,1.74334066192,1.7448218496,1.74630064775,1.74777706592,1.74925111358,1.75072280009,1.75219213469,1.75365912655,1.75512378475,1.75658611825,1.75804613596,1.75950384669,1.76095925919,1.76241238212,1.76386322406,1.76531179355,1.76675809905
67,0,0.303062378466,0.931743248966,1.20493856638,1.31013135468,1.36086817133,1.3963457219,1.42262806814,1.44294337684,1.4591723834,1.47248592867,1.48365100869,1.49319080289,1.50147412269,1.50876816524,1.51527103058,1.52113252097,1.52646787113,1.53136706149,1.5359012866,1.54012754244,1.54409193995,1.54783213845,1.5513791593,1.55475875579,1.55799246057,1.56109839532,1.56409190315,1.56698604703,1.56979200616,1.57251939355,1.5751765125,1.57777056503,1.58030782251,1.58279376598,1.58523320243,1.58763036143,1.58998897604,1.59231235074,1.59460341875,1.59686479063,1.59909879563,1.60130751695,1.60349282205,1.60565638862,1.60779972707,1.60992419993,1.6120310387,1.61412135857,1.61619617117,1.61825639583,1.62030286936,1.62233635473,1.62435754867,1.62636708839,1.62836555754,1.63035349148,1.63233138196,1.63429968134,1.63625880622,1.63820914088,1.64015104014,1.64208483211,1.64401082054,1.64592928699,1.64784049275,1.6497446806,1.65164207638,1.65353289039,1.65541731875,1.65729554448,1.65916773862,1.66103406118,1.66289466201,1.66474968159,1.66659925177,1.66844349644,1.67028253212,1.67211646851,1.67394540901,1.67576945119,1.67758868721,1.67940320419,1.68121308459,1.68301840655,1.68481924416,1.68661566777,1.68840774425,1.69019553717,1.69197910712,1.6937585118,1.6955338063,1.69730504322,1.69907227285,1.70083554332,1.7025949007,1.70435038919,1.7061020512,1.70784992747,1.70959405715,1.71133447793,1.71307122611,1.71480433668,1.7165338434,1.71825977887,1.71998217461,1.72170106109,1.72341646782,1.72512842339,1.72683695553,1.72854209115,1.73024385635,1.73194227654,1.73363737642,1.73532918001,1.73701771073,1.73870299138,1.74038504423,1.74206389098,1.74373955284,1.74541205052,1.74708140428,1.74874763394,1.7504107589,1.75207079813,1.75372777027,1.75538169356,1.75703258588,1.75868046482,1.76032534761,1.76196725119,1.76360619221,1.76524218702,1.76687525173,1.76850540217,1.77013265392,1.77175702234,1.77337852252,1.77499716938,1.77661297759,1.77822596163,1.77983613576,1.78144351409,1.7830481105,1.78464993873,1.78624901231,1.78784534463,1.78943894891,1.79102983821,1.79261802545
68,0,0.281551364876,0.937344043977,1.21131207358,1.30804276876,1.35878450579,1.39436720383,1.42080254734,1.44129359486,1.4577080719,1.47120973666,1.48256162102,1.49228466953,1.50074645567,1.50821352978,1.51488370218,1.52090670321,1.52639782842,1.53144719881,1.53612619587,1.54049202745,1.54459102767,1.54846108163,1.55213343347,1.55563405288,1.55898468046,1.56220363635,1.56530645204,1.56830636878,1.57121473401,1.57404131936,1.57679457744,1.57948185085,1.58210954317,1.5846832599,1.58720792514,1.58968787876,1.5921269577,1.59452856435,1.59689572427,1.5992311352,1.60153720866,1.60381610566,1.60606976722,1.60829994067,1.61050820235,1.6126959773,1.61486455634,1.6170151109,1.61914870611,1.62126631211,1.62336881405,1.62545702094,1.62753167332,1.62959345021,1.63164297509,1.63368082135,1.6357075171,1.63772354936,1.63972936796,1.6417253889,1.6437119974,1.64568955068,1.64765838038,1.6496187948,1.65157108089,1.65351550605,1.65545231977,1.65738175507,1.65930402988,1.66121934825,1.6631279014,1.66502986879,1.66692541898,1.6688147105,1.67069789257,1.67257510584,1.67444648298,1.6763121493,1.67817222326,1.68002681694,1.68187603655,1.68371998278,1.6855587512,1.68739243264,1.68922111344,1.69104487584,1.69286379818,1.69467795517,1.69648741815,1.69829225528,1.70009253177,1.70188831002,1.70367964982,1.70546660852,1.70724924117,1.70902760065,1.71080173778,1.71257170149,1.7143375389,1.71609929543,1.71785701486,1.71961073951,1.72136051021,1.72310636648,1.72484834653,1.72658648739,1.7283208249,1.73005139385,1.73177822799,1.73350136007,1.73522082194,1.73693664455,1.73864885802,1.74035749167,1.74206257406,1.74376413301,1.74546219569,1.74715678858,1.74884793753,1.75053566783,1.75222000414,1.75390097063,1.75557859091,1.75725288811,1.75892388486,1.76059160335,1.76225606533,1.7639172921,1.7655753046,1.76723012334,1.76888176848,1.7705302598,1.77217561676,1.77381785846,1.7754570037,1.77709307096,1.77872607843,1.780356044,1.78198298529,1.78360691965,1.78522786418,1.7868458357,1.78846085084,1.79007292594,1.79168207714,1.79328832037,1.79489167131,1.79649214548,1.79808975817
69,0,0.354115930447,1.02176969534,1.26315067345,1.33953672786,1.38747479988,1.42109934338,1.44610367404,1.46551599302,1.4810992934,1.49395048114,1.50478778017,1.51410091735,1.52223502199,1.52944008177,1.5359014131,1.54175914313,1.54712106543,1.552071357,1.55667663082,1.56099022675,1.56505531042,1.56890714838,1.57257480344,1.57608241501,1.57945017789,1.58269509881,1.5858315872,1.58887192089,1.59182661625,1.59470472495,1.59751407345,1.60026145775,1.60295280268,1.60559329311,1.60818748245,1.61073938303,1.61325254163,1.615730103,1.61817486345,1.62058931625,1.62297569028,1.62533598308,1.62767198912,1.62998532417,1.6322774463,1.63454967406,1.63680320231,1.63903911591,1.64125840178,1.64346195941,1.64565061001,1.64782510472,1.64998613169,1.65213432242,1.65427025738,1.65639447094,1.65850745577,1.66060966684,1.66270152486,1.66478341943,1.66685571189,1.66891873776,1.67097280909,1.67301821642,1.67505523066,1.67708410473,1.67910507505,1.68111836291,1.68312417568,1.68512270792,1.6871141424,1.68909865103,1.69107639568,1.69304752893,1.69501219479,1.69697052935,1.6989226613,1.70086871255,1.70280879863,1.7047430292,1.70667150843,1.7085943354,1.71051160443,1.7124234054,1.71432982406,1.71623094228,1.71812683833,1.72001758709,1.72190326026,1.72378392658,1.72565965201,1.72753049989,1.72939653109,1.73125780419,1.73311437557,1.7349662996,1.73681362868,1.73865641342,1.74049470269,1.74232854376,1.74415798236,1.74598306275,1.74780382786,1.74962031928,1.75143257738,1.75324064137,1.75504454935,1.75684433836,1.75864004444,1.76043170267,1.76221934724,1.76400301146,1.76578272784,1.76755852808,1.76933044314,1.77109850327,1.77286273803,1.77462317634,1.77637984646,1.7781327761,1.77988199235,1.78162752179,1.78336939043,1.78510762382,1.78684224699,1.78857328452,1.79030076052,1.79202469869,1.79374512231,1.79546205424,1.79717551698,1.79888553264,1.80059212296,1.80229530937,1.80399511292,1.80569155437,1.80738465415,1.80907443238,1.8107609089,1.81244410325,1.81412403472,1.81580072231,1.81747418476,1.81914444057,1.82081150798,1.82247540501,1.82413614944,1.82579375882,1.82744825048
70,0,0.378322678493,0.929087577807,1.17200489778,1.27701529514,1.33132907001,1.36963020255,1.39823976882,1.42053234146,1.43847950292,1.4533121164,1.46583878869,1.47661266616,1.48602481986,1.49435941109,1.50182775063,1.50859012022,1.5147702011,1.52046487707,1.52575105449,1.53069050681,1.5353333801,1.5397207716,1.54388665501,1.54785933721,1.55166257396,1.555316434,1.55883797513,1.56224177801,1.5655403715,1.56874457408,1.57186377008,1.57490613466,1.57787881823,1.58078809859,1.58363950706,1.5864379337,1.58918771545,1.59189271035,1.59455636033,1.59718174449,1.5997716246,1.60232848395,1.60485456082,1.60735187727,1.60982226406,1.61226738224,1.61468874199,1.61708771897,1.61946556874,1.62182343931,1.62416238221,1.6264833623,1.62878726632,1.63107491059,1.63334704775,1.63560437281,1.6378475285,1.64007711008,1.64229366961,1.64449771981,1.6466897375,1.64887016668,1.65103942136,1.65319788802,1.65534592796,1.65748387928,1.65961205877,1.66173076364,1.66384027297,1.66594084919,1.6680327393,1.67011617604,1.67219137896,1.67425855535,1.67631790119,1.67836960188,1.68041383306,1.68245076123,1.6844805444,1.68650333269,1.68851926881,1.6905284886,1.69253112144,1.69452729071,1.6965171141,1.69850070407,1.70047816808,1.70244960898,1.70441512521,1.70637481112,1.70832875722,1.71027705036,1.71221977398,1.71415700827,1.71608883041,1.71801531468,1.71993653264,1.72185255331,1.72376344325,1.72566926676,1.72757008592,1.72946596077,1.73135694939,1.733243108,1.73512449106,1.73700115134,1.73887314003,1.7407405068,1.74260329986,1.74446156605,1.74631535093,1.74816469876,1.75000965263,1.75185025449,1.7536865452,1.75551856458,1.75734635145,1.75916994366,1.76098937818,1.76280469108,1.76461591761,1.76642309218,1.76822624848,1.77002541941,1.77182063719,1.77361193334,1.77539933873,1.77718288358,1.77896259751,1.78073850957,1.78251064822,1.78427904137,1.78604371644,1.78780470029,1.78956201934,1.7913156995,1.79306576625,1.79481224459,1.79655515913,1.79829453405,1.80003039313,1.80176275976,1.80349165695,1.80521710736,1.80693913328,1.80865775666,1.81037299913,1.81208488198,1.81379342619
71,0,0.39599896204,0.949760727222,1.18928181787,1.2876285729,1.33954795364,1.37610606889,1.40337790648,1.42460385851,1.44167554652,1.45577296658,1.46767070029,1.47789820892,1.48682953223,1.49473624991,1.5018201641,1.50823422871,1.5140963815,1.51949893743,1.52451512066,1.52920370233,1.53361235488,1.53778011834,1.54173924091,1.54551657091,1.54913462244,1.55261240038,1.55596604544,1.55920934343,1.56235413067,1.56541061937,1.56838766076,1.57129295928,1.57413324805,1.57691443359,1.57964171575,1.58231968765,1.58495241948,1.58754352887,1.59009624051,1.5926134367,1.59509770045,1.5975513523,1.59997648204,1.60237497591,1.60474854024,1.60709872181,1.60942692566,1.61173443062,1.61402240279,1.61629190747,1.6185439196,1.62077933295,1.62299896824,1.62520358035,1.62739386469,1.62957046285,1.63173396768,1.63388492778,1.63602385151,1.63815121061,1.64026744344,1.64237295787,1.6444681339,1.64655332601,1.64862886531,1.65069506144,1.6527522043,1.65480056565,1.65684040057,1.65887194867,1.66089543538,1.66291107297,1.66491906153,1.6669195899,1.66891283649,1.67089897,1.67287815015,1.67485052828,1.67681624795,1.67877544547,1.68072825039,1.68267478596,1.68461516954,1.68654951297,1.68847792296,1.69040050139,1.69231734562,1.69422854879,1.69613420004,1.69803438481,1.699929185,1.70181867923,1.70370294302,1.70558204893,1.7074560668,1.70932506386,1.71118910485,1.71304825225,1.71490256628,1.71675210514,1.71859692503,1.72043708032,1.72227262358,1.72410360574,1.72593007612,1.72775208254,1.7295696714,1.73138288772,1.73319177522,1.7349963764,1.73679673257,1.73859288394,1.74038486963,1.74217272774,1.74395649541,1.74573620882,1.7475119033,1.7492836133,1.75105137244,1.75281521361,1.75457516889,1.75633126968,1.7580835467,1.75983202996,1.76157674889,1.76331773228,1.76505500832,1.76678860468,1.76851854845,1.77024486621,1.77196758402,1.77368672748,1.77540232171,1.77711439137,1.77882296069,1.78052805348,1.78222969314,1.78392790268,1.78562270471,1.78731412151,1.78900217497,1.79068688664,1.79236827774,1.79404636916,1.79572118149,1.79739273501,1.79906104967,1.80072614519,1.80238804096
72,0,0.368882963604,0.914865532463,1.15586358255,1.25842153546,1.31055497642,1.34722242267,1.3745435561,1.39578203817,1.41284271287,1.42691358234,1.43877431415,1.44895772318,1.45784012664,1.46569468773,1.47272433047,1.47908281564,1.48488866802,1.49023463343,1.49519425399,1.49982653626,1.50417932684,1.50829179418,1.51219628027,1.51591970098,1.51948461789,1.52291006789,1.52621221187,1.52940484659,1.53249981226,1.53550731954,1.5384362139,1.54129419077,1.54408797187,1.5468234505,1.54950581194,1.55213963381,1.5547289701,1.55727742188,1.55978819707,1.56226416108,1.56470788011,1.56712165805,1.56950756822,1.57186748068,1.57420308587,1.57651591504,1.57880735807,1.58107867897,1.58333102944,1.58556546077,1.58778293427,1.58998433048,1.59217045728,1.59434205709,1.59649981323,1.59864435558,1.60077626564,1.60289608099,1.60500429932,1.60710138205,1.60918775751,1.61126382387,1.61332995173,1.61538648645,1.61743375031,1.61947204437,1.62150165024,1.62352283166,1.62553583585,1.6275408949,1.62953822687,1.63152803691,1.63351051821,1.63548585291,1.63745421287,1.63941576051,1.64137064938,1.64331902487,1.64526102474,1.64719677969,1.64912641379,1.65105004496,1.65296778539,1.65487974192,1.65678601634,1.65868670578,1.66058190297,1.66247169655,1.66435617128,1.66623540831,1.6681094854,1.66997847711,1.67184245501,1.67370148783,1.67555564165,1.67740498004,1.67924956421,1.68108945313,1.68292470366,1.68475537068,1.68658150719,1.68840316438,1.69022039178,1.6920332373,1.69384174735,1.6956459669,1.69744593954,1.69924170757,1.70103331205,1.70282079288,1.70460418883,1.70638353761,1.70815887591,1.70993023948,1.7116976631,1.71346118071,1.7152208254,1.71697662944,1.71872862434,1.72047684087,1.72222130912,1.72396205847,1.72569911768,1.72743251486,1.72916227756,1.73088843272,1.73261100677,1.73433002559,1.73604551454,1.73775749852,1.73946600194,1.74117104876,1.74287266252,1.7445708663,1.74626568282,1.74795713438,1.7496452429,1.75133002995,1.75301151673,1.75468972412,1.75636467264,1.75803638252,1.75970487365,1.76137016564,1.7630322778,1.76469122916,1.76634703849,1.76799972426,1.76964930471
73,0,0.382668168247,1.04440052472,1.30139352093,1.38068787478,1.4246477615,1.45526653076,1.47787312046,1.49529733835,1.50918393023,1.52055446973,1.53007666431,1.53820495609,1.54525899569,1.551469857,1.55700848358,1.56200385916,1.56655498597,1.5707389987,1.57461679252,1.57823700883,1.58163891063,1.58485449128,1.58791004405,1.59082734615,1.59362456274,1.59631694492,1.59891737402,1.60143679017,1.60388453253,1.60626861155,1.60859592859,1.61087245414,1.61310337342,1.61529320608,1.6174459052,1.61956493939,1.62165336154,1.62371386636,1.62574883892,1.62776039572,1.62975041958,1.63172058938,1.63367240552,1.6356072118,1.6375262142,1.63943049718,1.64132103778,1.64319871786,1.64506433478,1.64691861069,1.64876220077,1.6505957003,1.65241965103,1.65423454672,1.65604083804,1.65783893692,1.6596292204,1.66141203405,1.66318769503,1.6649564948,1.66671870153,1.66847456231,1.67022430505,1.67196814023,1.6737062625,1.67543885205,1.67716607592,1.67888808911,1.68060503561,1.68231704938,1.68402425515,1.68572676923,1.68742470015,1.68911814936,1.69080721174,1.69249197619,1.69417252605,1.69584893956,1.69752129026,1.69918964734,1.70085407598,1.70251463767,1.70417139044,1.70582438919,1.70747368583,1.70911932959,1.71076136714,1.71239984283,1.7140347988,1.71566627519,1.71729431026,1.71891894049,1.72054020075,1.72215812439,1.72377274333,1.72538408817,1.72699218828,1.72859707187,1.73019876606,1.731797297,1.73339268985,1.73498496892,1.73657415766,1.73816027877,1.73974335421,1.74132340525,1.74290045253,1.74447451607,1.74604561533,1.74761376924,1.74917899621,1.75074131418,1.75230074066,1.7538572927,1.75541098699,1.75696183982,1.75850986712,1.7600550845,1.76159750722,1.76313715027,1.76467402832,1.76620815579,1.76773954684,1.76926821537,1.77079417504,1.77231743931,1.7738380214,1.77535593435,1.77687119099,1.77838380397,1.77989378577,1.78140114868,1.78290590485,1.78440806625,1.78590764473,1.78740465198,1.78889909954,1.79039099884,1.79188036117,1.7933671977,1.79485151948,1.79633333745,1.79781266243,1.79928950515,1.80076387622,1.80223578615,1.80370524537,1.8051722642,1.80663685287
74,0,0.386601081477,0.908637046312,1.13555361178,1.23219881774,1.28283000119,1.31841899764,1.34492687929,1.36553017956,1.38208150832,1.39573547572,1.40724932358,1.41714020512,1.42577314615,1.43341295135,1.44025621793,1.44645182554,1.45211447057,1.45733385251,1.46218105851,1.46671309419,1.47097615879,1.47500805209,1.47883996959,1.48249785959,1.4860034615,1.48937510925,1.49262835917,1.49577648543,1.49883087417,1.5018013398,1.50469638048,1.50752338607,1.51028880841,1.51299830162,1.51565683832,1.51826880649,1.52083809051,1.52336813935,1.52586202412,1.528322487,1.53075198282,1.53315271466,1.53552666436,1.53787561885,1.54020119285,1.54250484854,1.54478791266,1.54705159143,1.54929698357,1.55152509174,1.55373683251,1.55593304523,1.55811449984,1.5602819037,1.56243590775,1.56457711192,1.56670606993,1.56882329364,1.57092925687,1.57302439882,1.57510912722,1.577183821,1.57924883289,1.58130449156,1.58335110371,1.58538895589,1.58741831611,1.5894394354,1.59145254911,1.59345787817,1.59545563024,1.59744600066,1.59942917345,1.60140532214,1.6033746105,1.60533719333,1.60729321705,1.60924282032,1.61118613458,1.61312328454,1.61505438869,1.61697955965,1.61889890463,1.62081252575,1.62272052038,1.62462298147,1.62651999779,1.62841165425,1.63029803208,1.63217920912,1.63405525996,1.63592625621,1.6377922666,1.63965335722,1.64150959164,1.64336103103,1.64520773435,1.64704975845,1.64888715818,1.65071998649,1.65254829457,1.65437213192,1.65619154643,1.6580065845,1.65981729106,1.66162370972,1.66342588275,1.66522385124,1.66701765506,1.66880733302,1.67059292283,1.67237446121,1.67415198393,1.67592552582,1.67769512085,1.67946080214,1.68122260204,1.6829805521,1.68473468317,1.68648502539,1.68823160823,1.68997446051,1.69171361044,1.69344908566,1.69518091321,1.69690911961,1.69863373083,1.70035477238,1.70207226924,1.70378624595,1.70549672659,1.70720373482,1.70890729386,1.71060742656,1.71230415535,1.7139975023,1.71568748912,1.71737413715,1.71905746742,1.72073750062,1.7224142571,1.72408775693,1.72575801988,1.72742506541,1.72908891273,1.73074958075,1.73240708813,1.73406145327,1.73571269432
75,0,0.384065083847,0.969662212488,1.21859444371,1.31793753595,1.36021649363,1.38955805156,1.41113381469,1.42768921525,1.44081993896,1.45151699345,1.46042799834,1.4679936189,1.47452372104,1.48024222307,1.48531470391,1.48986603808,1.49399202085,1.49776724245,1.50125054942,1.50448891197,1.5075202136,1.51037529667,1.51307948473,1.51565373061,1.51811549295,1.52047941271,1.52275784068,1.52496125262,1.5270985788,1.5291774677,1.53120449846,1.53318535338,1.53512495879,1.53702760073,1.53889702065,1.54073649472,1.54254890024,1.54433677113,1.54610234478,1.54784760168,1.54957429897,1.55128399915,1.55297809454,1.55465782836,1.55632431274,1.55797854445,1.55962141836,1.5612537392,1.56287623182,1.56448955011,1.56609428478,1.56769097026,1.56928009069,1.57086208521,1.57243735268,1.57400625581,1.57556912477,1.57712626054,1.5786779377,1.5802244071,1.58176589809,1.58330262061,1.58483476699,1.58636251366,1.58788602254,1.58940544245,1.59092091025,1.59243255191,1.59394048353,1.59544481218,1.59694563666,1.59844304829,1.59993713149,1.60142796442,1.60291561947,1.60440016376,1.60588165959,1.60736016483,1.6088357333,1.61030841509,1.61177825684,1.61324530206,1.61470959138,1.61617116275,1.61763005167,1.61908629137,1.62053991303,1.62199094589,1.62343941744,1.62488535352,1.62632877848,1.62776971528,1.62920818559,1.63064420991,1.63207780764,1.63350899716,1.63493779594,1.63636422054,1.63778828677,1.63921000968,1.64062940364,1.64204648237,1.64346125902,1.6448737462,1.64628395601,1.64769190008,1.64909758962,1.65050103544,1.65190224796,1.65330123729,1.65469801319,1.65609258515,1.65748496237,1.6588751538,1.66026316816,1.66164901395,1.66303269947,1.66441423282,1.66579362194,1.6671708746,1.66854599843,1.66991900092,1.6712898894,1.67265867113,1.67402535322,1.6753899427,1.67675244648,1.67811287141,1.67947122422,1.6808275116,1.68218174014,1.68353391638,1.68488404679,1.68623213778,1.6875781957,1.68892222688,1.69026423756,1.69160423396,1.69294222226,1.69427820858,1.69561219904,1.69694419968,1.69827421655,1.69960225564,1.70092832293,1.70225242436,1.70357456585,1.7048947533,1.70621299258
76,0,0.463383572252,0.951865624539,1.16576398363,1.26405710507,1.31413511376,1.349337837,1.37557469909,1.39597644891,1.41237031581,1.42589587929,1.437301022,1.44709683637,1.45564429861,1.46320543831,1.46997491125,1.47610021575,1.48169505179,1.48684839214,1.49163078932,1.49609885316,1.50029848868,1.50426727653,1.50803624917,1.51163123398,1.51507388139,1.51838246064,1.52157248191,1.52465718744,1.52764794239,1.53055454854,1.53338549785,1.53614817891,1.53884904602,1.54149375855,1.5440872965,1.54663405676,1.5491379337,1.55160238702,1.55403049908,1.55642502352,1.55878842676,1.56112292343,1.56343050681,1.56571297505,1.56797195383,1.570208916,1.57242519864,1.57462201797,1.57680048233,1.57896160364,1.58110630736,1.58323544139,1.5853497838,1.58745004977,1.58953689769,1.5916109346,1.59367272103,1.59572277529,1.59776157737,1.59978957235,1.60180717352,1.60381476515,1.60581270499,1.60780132655,1.60978094106,1.61175183942,1.61371429376,1.615668559,1.6176148742,1.61955346383,1.62148453885,1.6234082978,1.62532492767,1.62723460483,1.62913749576,1.6310337578,1.63292353977,1.63480698262,1.63668421994,1.6385553785,1.64042057869,1.64227993496,1.64413355624,1.64598154626,1.64782400394,1.64966102363,1.65149269549,1.65331910569,1.65514033665,1.65695646733,1.65876757339,1.66057372741,1.66237499905,1.66417145527,1.66596316043,1.66775017646,1.66953256302,1.67131037759,1.67308367563,1.67485251065,1.67661693434,1.67837699667,1.68013274597,1.681884229,1.68363149108,1.68537457611,1.68711352667,1.68884838409,1.69057918848,1.69230597882,1.69402879302,1.69574766793,1.69746263944,1.69917374246,1.70088101105,1.70258447838,1.70428417682,1.70598013794,1.70767239257,1.70936097082,1.71104590213,1.71272721525,1.71440493833,1.7160790989,1.7177497239,1.71941683972,1.72108047224,1.72274064677,1.72439738818,1.72605072082,1.7277006686,1.72934725499,1.73099050303,1.73263043533,1.73426707414,1.73590044128,1.73753055825,1.73915744614,1.74078112574,1.74240161748,1.74401894147,1.7456331175,1.74724416507,1.74885210338,1.75045695134,1.75205872759,1.75365745049,1.75525313815,1.75684580842
77,0,0.308740618846,0.989885767357,1.26957943351,1.36240320584,1.40297353122,1.43101868324,1.45156265447,1.46726912275,1.47968374464,1.48976491347,1.49813792945,1.50522758409,1.51133209455,1.51666660576,1.52138994241,1.52562168082,1.52945339217,1.53295625092,1.53618630665,1.53918821377,1.54199791919,1.54464463129,1.5471522837,1.54954063829,1.55182612628,1.55402249685,1.55614132231,1.55819239533,1.56018404388,1.56212338289,1.564016517,1.56586870478,1.56768449278,1.56946782557,1.57122213644,1.57295042276,1.57465530875,1.57633909806,1.57800381799,1.57965125686,1.58128299569,1.58290043517,1.58450481865,1.58609725193,1.58767872016,1.58925010253,1.59081218486,1.59236567059,1.59391119031,1.59544931008,1.59698053863,1.59850533379,1.600024108,1.60153723326,1.6030450454,1.60454784792,1.60604591536,1.60753949626,1.60902881585,1.61051407836,1.61199546916,1.61347315657,1.61494729359,1.61641801937,1.6178854605,1.61934973228,1.62081093975,1.62226917866,1.62372453634,1.62517709247,1.62662691983,1.62807408488,1.62951864835,1.63096066579,1.63240018799,1.63383726144,1.63527192872,1.63670422882,1.63813419748,1.63956186748,1.64098726887,1.64241042925,1.64383137398,1.64525012636,1.6466667078,1.64808113804,1.64949343522,1.65090361609,1.6523116961,1.6537176895,1.65512160949,1.65652346827,1.65792327716,1.65932104663,1.66071678646,1.66211050571,1.66350221287,1.66489191582,1.66627962198,1.66766533829,1.66904907127,1.67043082708,1.67181061153,1.67318843011,1.67456428805,1.67593819033,1.6773101417,1.6786801467,1.68004820972,1.68141433496,1.6827785265,1.68414078827,1.68550112411,1.68685953776,1.68821603287,1.68957061301,1.69092328171,1.69227404243,1.69362289859,1.69496985356,1.6963149107,1.69765807333,1.69899934477,1.70033872832,1.70167622726,1.70301184488,1.70434558447,1.70567744932,1.70700744274,1.70833556802,1.7096618285,1.71098622751,1.7123087684,1.71362945454,1.71494828933,1.71626527618,1.71758041852,1.7188937198,1.72020518352,1.72151481316,1.72282261227,1.72412858439,1.72543273311,1.72673506203,1.72803557478,1.72933427502,1.73063116642,1.7319262527,1.73321953758
78,0,0.30506164642,0.97639014574,1.24950417399,1.33421752745,1.37631820069,1.4054954772,1.4269278905,1.4433618844,1.4563916854,1.46700617574,1.47585081415,1.48336428269,1.48985469864,1.49554446421,1.50059785235,1.50513861425,1.50926157761,1.51304049712,1.51653349527,1.51978691257,1.5228380827,1.52571736617,1.52844966257,1.53105555049,1.53355215693,1.53595382807,1.53827265184,1.5405188689,1.54270119863,1.54482709985,1.5469029807,1.54893436894,1.55092605086,1.55288218541,1.55480639837,1.55670186054,1.55857135292,1.56041732139,1.56224192264,1.56404706309,1.56583443181,1.56760552862,1.56936168808,1.57110410008,1.57283382747,1.57455182143,1.57625893459,1.57795593251,1.5796435037,1.58132226825,1.58299278547,1.58465556053,1.58631105031,1.58795966857,1.58960179044,1.59123775649,1.59286787621,1.59449243121,1.596111678,1.59772585044,1.59933516203,1.6009398078,1.60253996615,1.60413580038,1.60572746015,1.6073150827,1.60889879407,1.61047871003,1.6120549371,1.61362757332,1.61519670904,1.61676242758,1.61832480588,1.619883915,1.62143982068,1.6229925838,1.62454226073,1.62608890381,1.62763256159,1.62917327924,1.63071109875,1.63224605927,1.63377819727,1.63530754684,1.6368341398,1.63835800596,1.63987917323,1.6413976678,1.64291351428,1.64442673582,1.64593735421,1.64744539001,1.64895086266,1.65045379053,1.65195419103,1.65345208069,1.65494747522,1.65644038956,1.65793083797,1.65941883407,1.66090439089,1.66238752089,1.66386823607,1.66534654793,1.66682246757,1.66829600568,1.6697671726,1.67123597832,1.67270243253,1.67416654465,1.67562832381,1.67708777891,1.67854491864,1.67999975148,1.6814522857,1.68290252941,1.68435049057,1.68579617698,1.68723959629,1.68868075606,1.69011966369,1.69155632651,1.69299075174,1.69442294649,1.69585291781,1.69728067267,1.69870621796,1.7001295605,1.70155070707,1.70296966437,1.70438643906,1.70580103776,1.70721346704,1.70862373342,1.71003184339,1.71143780341,1.71284161989,1.71424329924,1.71564284782,1.71704027197,1.71843557799,1.71982877219,1.72121986084,1.72260885018,1.72399574645,1.72538055586,1.72676328462,1.7281439389,1.72952252488
79,0,0.27448850701,0.925589992892,1.19828589122,1.2957781996,1.34848630933,1.38549616344,1.41302997416,1.43440348373,1.45155046457,1.4656760632,1.47757061695,1.48777383719,1.49666663357,1.50452530051,1.51155493727,1.51791083787,1.52371261969,1.529053813,1.53400852559,1.53863617202,1.54298489227,1.54709406379,1.55099617521,1.55471824246,1.5582828924,1.5617092011,1.56501334897,1.56820913761,1.57130840105,1.57432133563,1.57725676645,1.58012236428,1.58292482309,1.58567000637,1.58836306825,1.5910085545,1.59361048696,1.59617243461,1.59869757359,1.60118873808,1.60364846365,1.60607902437,1.60848246454,1.61086062611,1.6132151723,1.61554760808,1.61785929796,1.62015148153,1.62242528697,1.62468174293,1.62692178896,1.6291462847,1.63135601793,1.63355171176,1.635734031,1.63790358773,1.64006094635,1.64220662803,1.64434111474,1.64646485274,1.64857825585,1.65068170829,1.65277556726,1.65486016524,1.65693581214,1.65900279714,1.66106139044,1.66311184476,1.6651543968,1.66718926846,1.66921666805,1.67123679132,1.6732498224,1.67525593472,1.67725529178,1.6792480479,1.68123434888,1.6832143326,1.68518812961,1.68715586363,1.68911765205,1.69107360631,1.69302383237,1.69496843102,1.69690749828,1.69884112566,1.70076940049,1.70269240618,1.70461022243,1.70652292555,1.70843058857,1.71033328152,1.71223107156,1.71412402318,1.71601219836,1.71789565669,1.71977445553,1.72164865014,1.7235182938,1.72538343791,1.72724413208,1.72910042426,1.73095236082,1.73279998663,1.73464334513,1.73648247841,1.7383174273,1.74014823142,1.7419749292,1.74379755804,1.74561615424,1.74743075315,1.74924138916,1.75104809577,1.75285090561,1.75464985053,1.75644496156,1.75823626901,1.76002380248,1.76180759088,1.76358766247,1.7653640449,1.76713676522,1.76890584989,1.77067132486,1.77243321552,1.77419154677,1.77594634303,1.77769762824,1.77944542591,1.7811897591,1.78293065047,1.78466812227,1.78640219638,1.78813289429,1.78986023715,1.79158424574,1.79330494052,1.79502234164,1.79673646892,1.79844734188,1.80015497975,1.80185940148,1.80356062574,1.80525867095,1.80695355524,1.80864529653,1.81033391246,1.81201942047
80,0,0.380928251641,1.02738877565,1.25760152007,1.3204597884,1.35835914816,1.38459727896,1.40386432703,1.41864275461,1.43037086411,1.4399392368,1.44792817853,1.45473144047,1.46062513795,1.46580826108,1.47042756356,1.47459343121,1.47839032357,1.48188383398,1.48512557762,1.48815664689,1.49101009957,1.49371278027,1.49628667367,1.49874992335,1.50111760834,1.50340234149,1.50561473525,1.50776376762,1.50985707219,1.5119011698,1.51390165491,1.51586334665,1.51779041194,1.51968646653,1.52155465827,1.5233977362,1.52521810813,1.52701788881,1.52879894044,1.53056290688,1.53231124265,1.53404523759,1.53576603789,1.53747466417,1.53917202694,1.54085893998,1.54253613189,1.54420425605,1.54586389938,1.54751558989,1.54915980326,1.5507969687,1.55242747397,1.55405166988,1.55566987418,1.55728237511,1.55888943436,1.5604912899,1.5620881583,1.56368023693,1.56526770583,1.56685072943,1.56842945808,1.57000402938,1.5715745694,1.57314119377,1.57470400869,1.57626311175,1.57781859277,1.57937053447,1.58091901314,1.58246409923,1.58400585782,1.58554434916,1.58707962905,1.58861174923,1.59014075778,1.59166669937,1.59318961559,1.59470954524,1.59622652449,1.59774058718,1.59925176497,1.60076008755,1.60226558276,1.60376827681,1.60526819436,1.60676535867,1.60825979171,1.60975151427,1.61124054604,1.61272690572,1.61421061111,1.61569167913,1.61717012596,1.61864596703,1.62011921714,1.62158989048,1.62305800068,1.62452356086,1.62598658367,1.62744708132,1.62890506563,1.63036054803,1.63181353965,1.63326405128,1.63471209341,1.6361576763,1.63760080993,1.63904150408,1.64047976831,1.641915612,1.64334904432,1.64478007432,1.64620871087,1.64763496271,1.64905883844,1.65048034657,1.65189949546,1.6533162934,1.65473074858,1.65614286908,1.65755266292,1.65896013805,1.66036530233,1.66176816357,1.66316872952,1.66456700786,1.66596300624,1.66735673223,1.66874819338,1.6701373972,1.67152435113,1.67290906261,1.67429153901,1.67567178769,1.67704981596,1.67842563113,1.67979924044,1.68117065114,1.68253987042,1.68390690548,1.68527176347,1.68663445152,1.68799497675,1.68935334625,1.69070956709,1.69206364631,1.69341559095
81,0,0.262924888325,0.996133138666,1.26469411885,1.33966129377,1.38560131219,1.41763842889,1.44132372473,1.45960525843,1.47419671265,1.48616262942,1.49619891279,1.5047792808,1.51223700866,1.51881307156,1.52468577965,1.52998970905,1.53482818243,1.539281724,1.54341392439,1.54727559475,1.55090776378,1.55434387586,1.55761142751,1.56073320182,1.56372821124,1.56661242546,1.56939933924,1.57210041943,1.57472545998,1.57728286608,1.57977988338,1.58222278398,1.58461701852,1.58696734116,1.58927791294,1.5915523876,1.5937939834,1.59600554324,1.5981895854,1.60034834654,1.60248381811,1.6045977775,1.60669181468,1.60876735508,1.61082567929,1.61286794009,1.61489517725,1.6169083303,1.6189082498,1.62089570705,1.62287140267,1.62483597415,1.62679000239,1.62873401762,1.63066850451,1.63259390671,1.63451063097,1.63641905067,1.63831950906,1.64021232212,1.6420977811,1.64397615481,1.64584769168,1.64771262157,1.64957115746,1.65142349691,1.6532698234,1.65511030757,1.65694510828,1.6587743736,1.66059824174,1.66241684183,1.66423029467,1.66603871339,1.6678422041,1.66964086639,1.67143479386,1.67322407461,1.67500879161,1.67678902314,1.67856484309,1.68033632134,1.68210352401,1.68386651377,1.68562535004,1.68738008929,1.68913078518,1.6908774888,1.69262024884,1.69435911176,1.6960941219,1.69782532169,1.69955275173,1.70127645093,1.70299645661,1.7047128046,1.70642552936,1.70813466405,1.7098402406,1.71154228981,1.71324084141,1.71493592411,1.7166275657,1.71831579307,1.72000063226,1.72168210854,1.72336024643,1.72503506977,1.72670660172,1.72837486482,1.73003988103,1.73170167174,1.73336025784,1.73501565969,1.73666789719,1.73831698982,1.73996295658,1.74160581611,1.74324558666,1.74488228611,1.74651593198,1.74814654148,1.7497741315,1.75139871863,1.75302031916,1.75463894913,1.75625462429,1.75786736017,1.75947717204,1.76108407494,1.76268808371,1.76428921295,1.76588747708,1.76748289031,1.76907546667,1.77066522001,1.77225216401,1.77383631216,1.77541767781,1.77699627416,1.77857211423,1.78014521092,1.78171557698,1.78328322502,1.78484816752,1.78641041683,1.78796998518,1.78952688468,1.79108112732
82,0,0.29829045788,0.916402225926,1.18597919015,1.29511564823,1.34783891047,1.38480021349,1.41224823556,1.43351305956,1.45053686517,1.46453001594,1.47628622701,1.48634746872,1.49509619957,1.50280979625,1.50969412501,1.5159050287,1.52156251962,1.52676041251,1.53157301928,1.53605989949,1.54026929416,1.54424064892,1.54800649573,1.55159387514,1.55502542436,1.55832021902,1.56149443091,1.56456184684,1.56753428139,1.57042190804,1.57323352653,1.57597678052,1.57865833564,1.5812840263,1.58385897718,1.58638770443,1.58887420037,1.59132200471,1.59373426467,1.59611378599,1.59846307635,1.60078438249,1.60307972204,1.60535091092,1.60759958697,1.60982723047,1.61203518195,1.61422465762,1.616396763,1.61855250472,1.62069280095,1.62281849058,1.62493034125,1.62702905656,1.62911528231,1.63118961222,1.63325259283,1.63530472801,1.63734648288,1.63937828742,1.6414005396,1.64341360828,1.64541783571,1.6474135399,1.64940101667,1.65138054153,1.65335237138,1.65531674603,1.65727388962,1.65922401186,1.66116730919,1.6631039658,1.66503415461,1.66695803811,1.66887576917,1.67078749176,1.67269334159,1.67459344673,1.67648792818,1.67837690033,1.68026047149,1.68213874426,1.68401181597,1.685879779,1.68774272116,1.68960072597,1.69145387295,1.69330223787,1.69514589303,1.69698490744,1.69881934707,1.70064927501,1.70247475167,1.70429583492,1.70611258029,1.70792504106,1.70973326842,1.7115373116,1.71333721798,1.71513303319,1.7169248012,1.71871256445,1.7204963639,1.72227623913,1.7240522284,1.72582436876,1.72759269605,1.72935724504,1.73111804942,1.7328751419,1.73462855423,1.73637831728,1.73812446107,1.73986701477,1.74160600684,1.74334146495,1.74507341611,1.74680188664,1.74852690225,1.75024848802,1.75196666847,1.75368146756,1.75539290872,1.75710101489,1.7588058085,1.76050731156,1.7622055456,1.76390053173,1.76559229068,1.76728084277,1.76896620793,1.77064840577,1.77232745551,1.77400337607,1.77567618603,1.77734590368,1.77901254699,1.78067613367,1.78233668112,1.7839942065,1.7856487267,1.78730025837,1.78894881792,1.79059442151,1.79223708509,1.79387682439,1.79551365493,1.79714759202,1.79877865078
83,0,0.451758933172,0.987189237124,1.21496402082,1.30872572421,1.35936463939,1.39504589517,1.42168398802,1.44243371515,1.4591367716,1.47294205275,1.48460376412,1.49463747252,1.50340743002,1.51117813328,1.51814614098,1.52446044934,1.53023595851,1.53556261775,1.54051178496,1.54514074226,1.54949596189,1.55361550775,1.55753082754,1.56126810831,1.56484931427,1.56829299011,1.5716148894,1.57482847052,1.57794529161,1.5809753275,1.5839272261,1.586808517,1.58962578252,1.5923847987,1.59509065216,1.59774783755,1.60036033914,1.6029316995,1.60546507762,1.60796329813,1.61042889338,1.61286413937,1.61527108658,1.61765158666,1.62000731533,1.62233979238,1.62465039897,1.62694039279,1.62921092126,1.63146303315,1.63369768877,1.63591576895,1.63811808297,1.64030537561,1.64247833336,1.64463758997,1.64678373136,1.64891730005,1.6510387991,1.6531486956,1.65524742387,1.65733538828,1.6594129658,1.66148050834,1.6635383448,1.66558678297,1.66762611121,1.66965660005,1.67167850351,1.67369206047,1.67569749576,1.67769502124,1.67968483677,1.68166713111,1.68364208268,1.68560986035,1.68757062409,1.68952452558,1.69147170881,1.6934123106,1.69534646105,1.69727428404,1.69919589759,1.70111141425,1.70302094148,1.70492458196,1.70682243384,1.70871459109,1.71060114374,1.71248217806,1.71435777686,1.71622801965,1.71809298284,1.71995273993,1.72180736165,1.72365691616,1.72550146912,1.7273410839,1.72917582167,1.73100574153,1.73283090058,1.7346513541,1.73646715555,1.73827835675,1.7400850079,1.74188715771,1.74368485342,1.74547814091,1.74726706475,1.74905166828,1.75083199364,1.75260808184,1.7543799728,1.75614770543,1.75791131764,1.75967084639,1.76142632776,1.76317779695,1.76492528834,1.7666688355,1.76840847127,1.77014422774,1.77187613629,1.77360422766,1.77532853192,1.77704907852,1.77876589632,1.7804790136,1.78218845808,1.78389425697,1.78559643692,1.78729502414,1.78899004431,1.79068152269,1.79236948405,1.79405395277,1.79573495279,1.79741250765,1.7990866405,1.80075737411,1.80242473089,1.80408873288,1.80574940181,1.80740675903,1.80906082559,1.81071162224,1.81235916941,1.81400348722,1.81564459553
84,0,0.508719559949,0.993810110141,1.20032017524,1.28977408174,1.33221636971,1.36176533731,1.38358202996,1.40039422066,1.41378818858,1.4247496836,1.43392330387,1.44174796281,1.4485325237,1.45450035721,1.45981677656,1.46460656744,1.46896554757,1.47296839936,1.47667410425,1.48012979251,1.48337352125,1.48643631231,1.48934366953,1.4921167236,1.4947731064,1.49732762626,1.49979279467,1.5021792411,1.50449604237,1.5067509864,1.50895078484,1.51110124581,1.51320741499,1.5152736917,1.51730392479,1.5193014924,1.52126936852,1.52321017891,1.5251262482,1.52701963974,1.52889218947,1.53074553485,1.53258113957,1.53440031476,1.53620423736,1.53799396586,1.53977045405,1.54153456296,1.54328707118,1.54502868396,1.54676004119,1.54848172433,1.55019426256,1.55189813821,1.55359379153,1.55528162492,1.55696200669,1.55863527438,1.56030173778,1.56196168153,1.56361536751,1.56526303694,1.56690491231,1.56854119905,1.57017208707,1.57179775214,1.57341835714,1.57503405317,1.57664498053,1.57825126971,1.57985304214,1.581450411,1.58304348183,1.58463235326,1.58621711746,1.58779786071,1.58937466387,1.59094760279,1.5925167487,1.59408216856,1.59564392543,1.59720207868,1.59875668435,1.60030779537,1.60185546176,1.60339973088,1.60494064761,1.60647825452,1.60801259205,1.60954369864,1.6110716109,1.6125963637,1.61411799033,1.61563652258,1.61715199082,1.61866442418,1.62017385052,1.62168029661,1.62318378815,1.62468434984,1.62618200547,1.62767677796,1.62916868941,1.63065776118,1.6321440139,1.63362746753,1.63510814141,1.63658605429,1.63806122436,1.63953366928,1.64100340624,1.64247045196,1.6439348227,1.64539653434,1.64685560236,1.64831204186,1.64976586762,1.65121709407,1.65266573533,1.65411180525,1.65555531737,1.65699628499,1.65843472114,1.65987063864,1.66130405006,1.66273496776,1.6641634039,1.66558937045,1.66701287917,1.66843394167,1.66985256938,1.67126877357,1.67268256536,1.67409395571,1.67550295544,1.67690957525,1.67831382569,1.6797157172,1.6811152601,1.68251246457,1.68390734071,1.6852998985,1.68669014782,1.68807809843,1.68946376002,1.69084714218,1.6922282544,1.6936071061,1.6949837066
85,0,0.455787358604,0.962534318542,1.18580281104,1.28800135142,1.33840365807,1.37370143662,1.39996950756,1.42036343998,1.43672459133,1.45020110509,1.46154630728,1.47127487956,1.47975023422,1.4872360926,1.49392830684,1.49997523338,1.50549119433,1.51056561687,1.51526938689,1.51965935899,1.52378161744,1.52767387319,1.53136725207,1.53488764691,1.53825675223,1.54149286507,1.54461151092,1.5476259377,1.55054750891,1.55338601904,1.55614994848,1.55884667102,1.56148262376,1.56406344713,1.56659410096,1.56907896111,1.57152190041,1.57392635676,1.57629539062,1.57863173385,1.58093783126,1.58321587615,1.58546784086,1.587695503,1.58990046817,1.5920841896,1.59424798526,1.59639305278,1.59852048241,1.60063126848,1.60272631941,1.60480646652,1.60687247184,1.60892503497,1.61096479921,1.61299235698,1.61500825462,1.61701299671,1.61900704994,1.62099084648,1.62296478715,1.62492924409,1.62688456334,1.62883106701,1.63076905534,1.63269880851,1.63462058832,1.63653463963,1.63844119176,1.64034045972,1.64223264531,1.64411793814,1.6459965166,1.64786854864,1.64973419262,1.65159359794,1.65344690577,1.65529424956,1.65713575567,1.65897154379,1.66080172747,1.6626264145,1.66444570729,1.6662597033,1.66806849526,1.66987217159,1.67167081661,1.67346451081,1.67525333112,1.67703735112,1.67881664122,1.6805912689,1.68236129887,1.68412679321,1.68588781157,1.68764441127,1.68939664747,1.69114457327,1.69288823984,1.69462769652,1.69636299093,1.69809416903,1.69982127529,1.70154435267,1.70326344277,1.70497858587,1.70668982103,1.70839718608,1.71010071779,1.71180045182,1.71349642283,1.71518866453,1.71687720969,1.71856209024,1.72024333724,1.72192098099,1.723595051,1.72526557609,1.72693258436,1.72859610328,1.73025615965,1.7319127797,1.73356598907,1.73521581284,1.73686227556,1.73850540128,1.74014521355,1.74178173544,1.7434149896,1.74504499822,1.74667178308,1.74829536555,1.74991576664,1.75153300695,1.75314710674,1.75475808593,1.7563659641,1.75797076051,1.75957249408,1.76117118347,1.76276684704,1.76435950284,1.76594916867,1.76753586206,1.7691196003,1.77070040042,1.77227827918,1.77385325317,1.77542533869
86,0,0.338584794637,0.926770719934,1.17837089233,1.27707738389,1.32771425358,1.36322658114,1.38961512626,1.41007625685,1.42647333845,1.43996715032,1.45131861163,1.46104712273,1.46951910015,1.47700020923,1.4836875712,1.48973037175,1.49524347019,1.50031663411,1.50502095575,1.50941340409,1.51354011443,1.51743880513,1.52114057966,1.52467128831,1.5280525698,1.53130265692,1.53443700597,1.53746879318,1.54040930961,1.54326827781,1.54605410755,1.54877410393,1.55143463767,1.55404128536,1.55659894561,1.55911193584,1.56158407312,1.56401874228,1.56641895335,1.56878739024,1.57112645227,1.57343828957,1.57572483355,1.57798782297,1.58022882659,1.58244926273,1.58465041622,1.58683345324,1.58899943424,1.59114932523,1.59328400776,1.59540428763,1.59751090262,1.59960452929,1.60168578906,1.60375525348,1.60581344912,1.60786086168,1.6098979399,1.61192509886,1.61394272308,1.61595116919,1.61795076842,1.61994182876,1.62192463699,1.62389946043,1.6258665486,1.62782613463,1.62977843666,1.63172365897,1.63366199313,1.63559361898,1.63751870551,1.63943741173,1.64134988741,1.64325627374,1.64515670401,1.64705130414,1.64894019325,1.65082348412,1.65270128364,1.65457369323,1.65644080921,1.65830272314,1.66015952214,1.66201128922,1.6638581035,1.6657000405,1.66753717235,1.66936956801,1.6711972935,1.67302041203,1.6748389842,1.6766530682,1.67846271986,1.68026799288,1.68206893891,1.68386560769,1.68565804714,1.68744630348,1.68923042132,1.69101044375,1.69278641241,1.69455836761,1.69632634836,1.69809039244,1.69985053651,1.7016068161,1.70335926573,1.70510791892,1.70685280827,1.70859396549,1.71033142142,1.71206520614,1.71379534892,1.71552187832,1.71724482222,1.71896420781,1.72068006165,1.72239240971,1.72410127738,1.72580668948,1.7275086703,1.72920724366,1.73090243284,1.73259426069,1.73428274962,1.73596792157,1.73764979811,1.7393284004,1.7410037492,1.74267586494,1.74434476767,1.74601047711,1.74767301265,1.74933239337,1.75098863804,1.75264176514,1.75429179286,1.75593873912,1.75758262158,1.75922345763,1.76086126443,1.76249605888,1.76412785767,1.76575667723,1.76738253381,1.76900544342,1.77062542188
87,0,0.436345410177,0.929781431166,1.15065408328,1.25494663522,1.31121427275,1.35113370047,1.38112641968,1.40462789668,1.42364949757,1.43944954356,1.45285640829,1.46443795204,1.47459650039,1.48362501955,1.49174184113,1.49911293693,1.50586666511,1.51210380119,1.51790452516,1.52333339083,1.52844292606,1.53327628434,1.537869227,1.54225162495,1.54644861034,1.5504814696,1.55436834311,1.55812477838,1.56176417132,1.56529812103,1.56873671719,1.57208877442,1.57536202473,1.5785632764,1.58169854604,1.58477316871,1.58779189053,1.59075894655,1.59367812693,1.59655283302,1.59938612542,1.60218076506,1.60493924861,1.60766383904,1.61035659206,1.61301937914,1.61565390749,1.61826173767,1.62084429883,1.62340290229,1.62593875333,1.62845296177,1.63094655119,1.6334204672,1.63587558474,1.63831271461,1.64073260932,1.64313596826,1.64552344239,1.64789563841,1.65025312255,1.65259642394,1.65492603768,1.65724242762,1.65954602883,1.66183724991,1.66411647502,1.66638406575,1.66864036285,1.67088568775,1.67312034401,1.6753446186,1.67755878307,1.67976309465,1.68195779726,1.68414312238,1.68631928993,1.68848650904,1.69064497873,1.6927948886,1.69493641939,1.69706974362,1.69919502601,1.70131242403,1.7034220883,1.70552416303,1.7076187864,1.70970609087,1.71178620358,1.71385924659,1.71592533721,1.71798458825,1.72003710827,1.72208300179,1.72412236954,1.72615530865,1.72818191283,1.73020227254,1.7322164752,1.73422460529,1.73622674451,1.73822297195,1.74021336417,1.74219799536,1.74417693744,1.74615026015,1.74811803117,1.75008031621,1.75203717911,1.75398868189,1.75593488486,1.75787584671,1.75981162452,1.76174227389,1.76366784897,1.76558840254,1.76750398603,1.76941464962,1.77132044226,1.77322141174,1.77511760471,1.77700906674,1.77889584236,1.78077797512,1.78265550756,1.78452848134,1.78639693718,1.78826091498,1.79012045378,1.79197559182,1.79382636658,1.79567281478,1.79751497242,1.79935287479,1.80118655653,1.8030160516,1.80484139336,1.80666261451,1.80847974721,1.810292823,1.81210187291,1.81390692738,1.81570801638,1.81750516932,1.81929841515,1.82108778234,1.82287329889,1.82465499234,1.82643288981
88,0,0.3940172021,0.935027946735,1.17420707944,1.2796636007,1.3244941486,1.35488625681,1.3772488248,1.39441665342,1.40803828335,1.41913809554,1.42838586797,1.43623757675,1.44301401628,1.44894711849,1.45420847379,1.458927555,1.46320373454,1.46711442677,1.47072073707,1.47407146335,1.47720598337,1.48015637257,1.48294898066,1.48560562108,1.48814447921,1.49058081373,1.4929275036,1.49519547861,1.49739406139,1.49953124097,1.5016138935,1.50364796129,1.50563859917,1.50759029479,1.50950696796,1.51139205327,1.51324856906,1.51507917522,1.51688622197,1.51867179104,1.52043773073,1.52218568574,1.52391712272,1.52563335218,1.52733554738,1.52902476065,1.53070193747,1.5323679288,1.53402350174,1.53566934882,1.53730609626,1.53893431104,1.54055450726,1.54216715167,1.54377266858,1.54537144416,1.54696383035,1.5485501482,1.55013069095,1.55170572673,1.55327550093,1.55484023842,1.55640014543,1.5579554113,1.55950621005,1.56105270172,1.5625950337,1.5641333418,1.5656677513,1.56719837788,1.56872532844,1.57024870185,1.57176858964,1.57328507664,1.57479824151,1.57630815729,1.57781489183,1.57931850824,1.58081906526,1.58231661762,1.58381121638,1.58530290919,1.58679174059,1.58827775224,1.58976098313,1.59124146983,1.59271924665,1.59419434581,1.59566679762,1.59713663061,1.59860387165,1.60006854614,1.60153067803,1.60299028999,1.60444740351,1.60590203894,1.60735421561,1.6088039519,1.6102512653,1.61169617249,1.61313868939,1.61457883121,1.61601661249,1.61745204721,1.61888514874,1.62031592996,1.62174440324,1.62317058051,1.62459447329,1.62601609271,1.62743544952,1.62885255415,1.63026741671,1.63168004703,1.63309045465,1.63449864889,1.63590463879,1.63730843323,1.63871004083,1.64010947005,1.64150672918,1.64290182632,1.64429476945,1.64568556638,1.6470742248,1.64846075227,1.64984515624,1.65122744405,1.65260762292,1.65398570001,1.65536168237,1.65673557697,1.6581073907,1.65947713039,1.66084480278,1.66221041456,1.66357397237,1.66493548278,1.6662949523,1.66765238741,1.66900779453,1.67036118004,1.67171255026,1.67306191151,1.67440927004,1.67575463207,1.67709800379,1.67843939137,1.67977880092
89,0,0.417416058168,0.924347502125,1.1547577795,1.26800813209,1.32805013991,1.37051445345,1.4024955053,1.42760384224,1.44795741551,1.46488367493,1.47925806294,1.49168174831,1.50258137863,1.51226814861,1.52097435484,1.52887687083,1.53611270456,1.54278959295,1.5489933892,1.55479332237,1.56024581162,1.56539727854,1.57028625146,1.5749449614,1.57940056716,1.58367610628,1.58779124076,1.59176284732,1.59560548864,1.59933179266,1.60295276005,1.6064780153,1.60991601303,1.61327420851,1.61655919947,1.61977684458,1.62293236306,1.62603041868,1.62907519094,1.63207043583,1.63501953756,1.63792555313,1.64079125057,1.64361914211,1.64641151282,1.64917044564,1.65189784308,1.65459544634,1.65726485196,1.65990752657,1.66252481982,1.66511797585,1.66768814343,1.67023638496,1.67276368452,1.67527095502,1.67775904454,1.68022874212,1.68268078284,1.68511585244,1.68753459149,1.68993759911,1.69232543635,1.69469862925,1.69705767163,1.69940302755,1.70173513365,1.70405440116,1.70636121788,1.70865594982,1.71093894283,1.713210524,1.71547100303,1.71772067341,1.71995981351,1.72218868766,1.72440754702,1.72661663052,1.72881616558,1.73100636891,1.73318744713,1.73535959746,1.73752300826,1.73967785958,1.74182432366,1.7439625654,1.74609274277,1.74821500724,1.75032950413,1.75243637296,1.75453574777,1.75662775746,1.758712526,1.76079017276,1.76286081272,1.7649245567,1.76698151159,1.76903178055,1.77107546318,1.77311265573,1.77514345122,1.77716793966,1.77918620813,1.78119834095,1.78320441984,1.78520452398,1.78719873016,1.7891871129,1.79116974452,1.79314669528,1.79511803343,1.79708382531,1.79904413544,1.80099902659,1.80294855987,1.80489279477,1.80683178923,1.80876559974,1.81069428136,1.81261788779,1.81453647141,1.81645008335,1.81835877354,1.82026259073,1.82216158256,1.82405579558,1.82594527532,1.82783006628,1.82971021202,1.83158575515,1.83345673739,1.83532319959,1.83718518175,1.83904272307,1.84089586197,1.8427446361,1.84458908239,1.84642923705,1.8482651356,1.85009681291,1.85192430319,1.85374764004,1.85556685645,1.85738198481,1.85919305696,1.86100010417,1.86280315719,1.86460224625,1.86639740104
90,0,0.328404322976,0.970051446639,1.22931407639,1.31364865605,1.36051089938,1.39324151345,1.41747237672,1.43619713072,1.4511574511,1.46343617593,1.47374175322,1.48255683363,1.49022125261,1.4969809281,1.50301797559,1.50846995546,1.51344256839,1.51801826013,1.52226219327,1.52622647904,1.52995323189,1.53347681105,1.53682548996,1.54002271636,1.54308807502,1.54603803146,1.54888651238,1.55164536288,1.55432470971,1.55693325218,1.55947849693,1.56196694856,1.56440426556,1.56679538856,1.56914464637,1.5714558442,1.57373233736,1.57597709317,1.5781927431,1.58038162702,1.58254583071,1.58468721802,1.58680745824,1.58890804975,1.59099034037,1.59305554494,1.59510476057,1.59713897995,1.59915910292,1.60116594654,1.60316025403,1.60514270253,1.60711390997,1.60907444112,1.61102481295,1.61296549939,1.61489693552,1.61681952132,1.61873362504,1.62063958613,1.62253771797,1.62442831019,1.62631163084,1.62818792834,1.63005743315,1.63192035939,1.63377690619,1.63562725901,1.63747159076,1.63931006284,1.64114282608,1.64297002161,1.64479178166,1.64660823019,1.64841948362,1.65022565138,1.65202683642,1.65382313575,1.65561464087,1.65740143817,1.65918360929,1.66096123153,1.66273437808,1.66450311837,1.66626751832,1.66802764058,1.66978354476,1.67153528765,1.67328292338,1.67502650363,1.67676607778,1.67850169308,1.68023339474,1.68196122611,1.68368522879,1.68540544271,1.68712190629,1.68883465647,1.69054372884,1.69224915773,1.69395097624,1.69564921636,1.69734390902,1.69903508414,1.7007227707,1.70240699678,1.70408778963,1.7057651757,1.70743918071,1.70910982964,1.71077714682,1.71244115594,1.71410188007,1.71575934175,1.71741356292,1.71906456506,1.72071236914,1.72235699564,1.72399846463,1.72563679575,1.72727200822,1.72890412091,1.7305331523,1.73215912053,1.73378204339,1.73540193836,1.73701882264,1.7386327131,1.74024362635,1.74185157872,1.74345658629,1.74505866489,1.74665783012,1.74825409733,1.74984748167,1.75143799806,1.75302566124,1.75461048574,1.75619248588,1.75777167583,1.75934806957,1.76092168089,1.76249252344,1.76406061069,1.76562595597,1.76718857245,1.76874847316,1.77030567097,1.77186017863
91,0,0.350288308879,0.981104487594,1.23869151932,1.32673172264,1.37386901559,1.40680986114,1.43120667229,1.45006542549,1.465135755,1.47750591423,1.48788819083,1.49676804886,1.50448744137,1.51129391628,1.5173708678,1.5228568758,1.52785846547,1.53245875756,1.53672347339,1.54070519116,1.54444641903,1.54798185077,1.55134004612,1.5545446994,1.55761560903,1.56056942665,1.56342024188,1.56618004311,1.56885908366,1.57146617507,1.57400892385,1.5764939238,1.57892691333,1.58131290488,1.58365629198,1.5859609383,1.58823025214,1.59046724889,1.59267460378,1.5948546966,1.5970096496,1.59914136,1.6012515277,1.60334167922,1.60541318825,1.60746729348,1.60950511405,1.61152766298,1.61353585894,1.61553053646,1.61751245494,1.61948230657,1.62144072325,1.62338828278,1.62532551428,1.62725290299,1.62917089455,1.63107989885,1.63298029336,1.63487242621,1.63675661885,1.63863316853,1.64050235045,1.6423644197,1.64421961305,1.64606815054,1.64791023688,1.64974606275,1.65157580601,1.65339963272,1.6552176981,1.65703014743,1.65883711683,1.66063873398,1.66243511877,1.66422638393,1.66601263555,1.66779397357,1.6695704923,1.67134228076,1.67310942311,1.67487199901,1.67663008391,1.67838374936,1.68013306332,1.68187809034,1.68361889187,1.6853555264,1.68708804971,1.68881651505,1.69054097326,1.69226147299,1.6939780608,1.69569078129,1.69739967727,1.69910478981,1.70080615841,1.70250382106,1.70419781431,1.70588817343,1.70757493241,1.70925812408,1.71093778016,1.71261393134,1.71428660731,1.71595583685,1.71762164787,1.71928406743,1.72094312182,1.72259883661,1.72425123664,1.72590034612,1.72754618859,1.72918878703,1.73082816385,1.7324643409,1.73409733954,1.73572718064,1.73735388461,1.73897747141,1.74059796059,1.74221537129,1.74382972229,1.74544103197,1.74704931839,1.74865459927,1.75025689201,1.7518562137,1.75345258114,1.75504601085,1.75663651908,1.75822412183,1.75980883483,1.76139067359,1.7629696534,1.76454578929,1.76611909611,1.7676895885,1.7692572809,1.77082218754,1.77238432249,1.77394369964,1.77550033268,1.77705423516,1.77860542047,1.78015390182,1.78169969229,1.78324280479,1.78478325212
92,0,0.287910995511,0.961771675639,1.24707807568,1.34439566814,1.38763978875,1.41759808835,1.43958985835,1.45643765463,1.46978064992,1.48063604143,1.48966803261,1.49732821197,1.50393387161,1.50971411063,1.51483820026,1.51943369372,1.52359835867,1.52740825581,1.53092333929,1.53419142067,1.53725102688,1.54013349485,1.54286452965,1.54546537898,1.54795372943,1.55034439784,1.5526498702,1.55488072544,1.55704597176,1.55915331548,1.56120937777,1.56321987023,1.56518973844,1.56712327967,1.56902424016,1.57089589588,1.57274111982,1.5745624385,1.57636207942,1.57814201126,1.57990397794,1.58164952763,1.58338003755,1.58509673526,1.58680071696,1.58849296325,1.59017435279,1.5918456742,1.59350763633,1.59516087727,1.59680597221,1.59844344034,1.60007375089,1.60169732846,1.60331455774,1.60492578761,1.60653133485,1.60813148739,1.6097265072,1.61131663287,1.61290208187,1.61448305267,1.61605972649,1.61763226898,1.61920083169,1.62076555336,1.62232656115,1.62388397165,1.62543789188,1.62698842014,1.62853564678,1.63007965494,1.63162052115,1.63315831592,1.63469310429,1.63622494627,1.63775389728,1.63928000857,1.64080332753,1.64232389805,1.6438417608,1.64535695352,1.64686951124,1.64837946652,1.64988684963,1.65139168879,1.65289401028,1.65439383865,1.65589119683,1.65738610626,1.65887858704,1.66036865801,1.66185633687,1.66334164026,1.66482458385,1.66630518245,1.66778345,1.66925939974,1.67073304419,1.67220439524,1.6736734642,1.67514026186,1.67660479848,1.67806708391,1.67952712756,1.68098493847,1.68244052533,1.68389389651,1.68534506007,1.68679402383,1.68824079535,1.68968538195,1.69112779076,1.69256802872,1.6940061026,1.69544201901,1.6968757844,1.6983074051,1.69973688734,1.70116423722,1.70258946073,1.7040125638,1.70543355226,1.70685243186,1.70826920831,1.70968388724,1.71109647422,1.71250697479,1.71391539442,1.71532173858,1.71672601266,1.71812822206,1.71952837212,1.72092646817,1.72232251551,1.72371651945,1.72510848524,1.72649841814,1.72788632339,1.72927220624,1.73065607189,1.73203792556,1.73341777247,1.73479561782,1.7361714668,1.7375453246,1.73891719643,1.74028708746,1.74165500289
93,0,0.298499372373,0.983612926371,1.26254127642,1.34667894066,1.39204911056,1.42362062964,1.44690602758,1.46483264886,1.47910191324,1.49077056243,1.50052925515,1.50884802205,1.51605745042,1.52239649583,1.52804191174,1.53312704778,1.53775424191,1.54200321453,1.54593689067,1.54960552311,1.55304966682,1.55630236021,1.55939074863,1.56233730896,1.56516078463,1.56787690739,1.57049896023,1.57303822052,1.57550431173,1.57790548502,1.58024884618,1.58254053989,1.58478590021,1.5869895743,1.58915562468,1.5912876141,1.59338867655,1.59546157667,1.59750875995,1.59953239507,1.60153440997,1.60351652255,1.60548026694,1.60742701605,1.60935800102,1.61127432799,1.61317699264,1.61506689283,1.6169448396,1.61881156677,1.62066773937,1.62251396103,1.62435078045,1.62617869714,1.62799816646,1.6298096041,1.63161339005,1.63340987211,1.63519936905,1.63698217335,1.63875855375,1.64052875745,1.64229301211,1.64405152765,1.64580449785,1.64755210179,1.64929450517,1.65103186146,1.65276431299,1.65449199188,1.65621502094,1.65793351441,1.65964757873,1.66135731312,1.66306281022,1.66476415663,1.66646143334,1.66815471622,1.66984407643,1.67152958077,1.67321129201,1.67488926921,1.67656356804,1.67823424095,1.67990133752,1.68156490457,1.68322498644,1.68488162513,1.6865348605,1.68818473039,1.68983127081,1.691474516,1.69311449864,1.69475124991,1.69638479957,1.69801517613,1.69964240688,1.70126651798,1.70288753455,1.70450548073,1.70612037977,1.70773225403,1.7093411251,1.71094701382,1.71254994034,1.71414992415,1.71574698412,1.71734113856,1.71893240525,1.72052080144,1.72210634392,1.72368904904,1.72526893274,1.72684601053,1.72842029759,1.72999180873,1.73156055843,1.73312656087,1.73468982992,1.73625037919,1.73780822203,1.73936337152,1.74091584054,1.7424656417,1.74401278745,1.74555729001,1.74709916142,1.74863841354,1.75017505805,1.75170910647,1.75324057018,1.75476946039,1.75629578818,1.7578195645,1.75934080015,1.76085950582,1.7623756921,1.76388936943,1.76540054816,1.76690923853,1.7684154507,1.7699191947,1.77142048049,1.77291931793,1.77441571679,1.77590968678,1.77740123749,1.77889037846,1.78037711915
94,0,0.389996771302,0.997923816265,1.22870474755,1.30323493549,1.34805860209,1.37938999387,1.40261243182,1.4205852969,1.43497104587,1.44680264327,1.45675553692,1.46528966398,1.4727287177,1.47930683529,1.48519734014,1.49053110443,1.49540865664,1.49990838467,1.50409222716,1.50800970504,1.51170083078,1.51519824259,1.51852879342,1.52171475006,1.52477470895,1.52772430357,1.53057675627,1.5333433129,1.53603358805,1.53865584148,1.54121720109,1.543723844,1.54618114462,1.54859379638,1.55096591242,1.55330110929,1.55560257687,1.55787313714,1.56011529362,1.5623312733,1.56452306233,1.56669243633,1.56884098653,1.57097014206,1.57308118928,1.57517528844,1.57725348816,1.579316738,1.58136589941,1.58340175535,1.5854250187,1.58743633961,1.58943631202,1.59142547941,1.59340433986,1.59537335053,1.59733293171,1.59928347029,1.60122532299,1.60315881915,1.60508426327,1.60700193724,1.60891210244,1.61081500147,1.61271085987,1.61459988753,1.61648228009,1.61835822008,1.62022787805,1.62209141356,1.62394897603,1.6258007056,1.62764673385,1.62948718446,1.63132217386,1.63315181172,1.63497620154,1.63679544105,1.63860962268,1.64041883393,1.64222315772,1.64402267274,1.64581745372,1.64760757175,1.64939309448,1.65117408642,1.65295060908,1.65472272123,1.65649047906,1.65825393635,1.66001314462,1.66176815329,1.6635190098,1.66526575974,1.66700844696,1.66874711369,1.67048180063,1.67221254704,1.67393939081,1.67566236859,1.67738151579,1.67909686673,1.68080845462,1.6825163117,1.68422046924,1.68592095761,1.68761780632,1.68931104409,1.69100069887,1.69268679788,1.69436936766,1.69604843409,1.69772402242,1.69939615734,1.70106486294,1.70273016281,1.70439208001,1.70605063711,1.70770585623,1.70935775903,1.71100636677,1.71265170028,1.71429378002,1.71593262606,1.71756825814,1.71920069563,1.72082995759,1.72245606276,1.72407902958,1.72569887619,1.72731562046,1.72892927998,1.73053987209,1.73214741389,1.73375192219,1.73535341363,1.73695190458,1.7385474112,1.74013994945,1.74172953507,1.74331618363,1.74489991046,1.74648073076,1.7480586595,1.74963371151,1.75120590143,1.75277524373,1.75434175274,1.75590544262
95,0,0.424984334805,1.03788995515,1.26139578214,1.33352328823,1.37855090531,1.41011729473,1.43358129014,1.45179198531,1.46640743511,1.47845885741,1.48862121267,1.49735455963,1.5049830025,1.5117412163,1.51780310474,1.5233001192,1.52833334409,1.53298168972,1.5373075796,1.54136098157,1.54518231838,1.54880460412,1.55225503591,1.55555619564,1.55872696845,1.56178325261,1.56473851359,1.56760422085,1.57039019488,1.57310488536,1.57575559565,1.57834866523,1.58088961896,1.58338328992,1.58583392105,1.58824524975,1.59062057857,1.59296283464,1.59527461982,1.59755825315,1.59981580701,1.60204913801,1.6042599134,1.60644963387,1.60861965314,1.61077119497,1.6129053679,1.61502317811,1.61712554057,1.61921328892,1.621287184,1.62334792149,1.62539613851,1.62743241955,1.62945730167,1.63147127913,1.63347480751,1.63546830736,1.63745216744,1.63942674771,1.64139238186,1.64334937972,1.64529802931,1.64723859876,1.64917133803,1.65109648041,1.65301424394,1.65492483265,1.65682843769,1.65872523841,1.66061540324,1.66249909056,1.6643764495,1.66624762061,1.66811273656,1.66997192265,1.67182529743,1.67367297314,1.67551505616,1.67735164749,1.67918284303,1.68100873402,1.68282940732,1.68464494569,1.6864554281,1.68826092996,1.69006152336,1.69185727727,1.69364825775,1.69543452816,1.69721614926,1.69899317944,1.70076567483,1.70253368942,1.70429727522,1.70605648238,1.70781135926,1.70956195255,1.71130830739,1.7130504674,1.71478847483,1.71652237059,1.71825219433,1.7199779845,1.72169977845,1.72341761244,1.72513152173,1.72684154059,1.72854770241,1.73025003968,1.73194858409,1.7336433665,1.73533441705,1.73702176516,1.73870543955,1.74038546831,1.74206187887,1.7437346981,1.74540395228,1.74706966713,1.74873186788,1.75039057922,1.7520458254,1.75369763016,1.75534601682,1.75699100828,1.75863262702,1.76027089513,1.7619058343,1.76353746587,1.76516581083,1.76679088982,1.76841272315,1.77003133081,1.7716467325,1.77325894761,1.77486799523,1.7764738942,1.77807666306,1.77967632012,1.78127288341,1.78286637074,1.78445679965,1.78604418748,1.78762855133,1.78920990808,1.7907882744,1.79236366677,1.79393610143
96,0,0.433290418651,0.981574307698,1.19358268541,1.27075421811,1.31752096891,1.35041802926,1.37495215686,1.39405439799,1.40943241895,1.42214949293,1.43290235551,1.4421664569,1.45027713822,1.45747750168,1.46394791601,1.46982488954,1.4752135293,1.48019599284,1.48483735918,1.48918979301,1.49329555326,1.49718920313,1.50089925764,1.50444942848,1.50785957616,1.51114644635,1.51432424516,1.51740509279,1.52039938452,1.52331608,1.52616293703,1.52894670178,1.53167326436,1.53434778712,1.53697481077,1.53955834291,1.54210193194,1.54460872938,1.54708154234,1.54952287818,1.55193498243,1.55431987123,1.55667935921,1.5590150834,1.56132852398,1.56362102216,1.56589379581,1.56814795299,1.57038450384,1.57260437096,1.57480839854,1.57699736042,1.57917196713,1.5813328722,1.58348067771,1.58561593922,1.58773917016,1.58985084575,1.5919514065,1.59404126132,1.59612079037,1.59819034752,1.60025026266,1.60230084372,1.6043423785,1.60637513637,1.60839936974,1.61041531542,1.61242319587,1.61442322035,1.61641558587,1.61840047818,1.62037807261,1.6223485348,1.62431202148,1.62626868105,1.62821865419,1.63016207444,1.63209906864,1.63402975745,1.63595425571,1.63787267287,1.63978511332,1.64169167676,1.64359245846,1.64548754954,1.64737703729,1.64926100532,1.65113953386,1.65301269994,1.65488057755,1.65674323787,1.65860074941,1.66045317815,1.66230058771,1.66414303947,1.66598059267,1.66781330459,1.6696412306,1.67146442426,1.67328293745,1.67509682046,1.67690612202,1.67871088944,1.68051116862,1.68230700418,1.68409843948,1.6858855167,1.6876682769,1.68944676005,1.69122100508,1.69299104997,1.69475693175,1.69651868655,1.69827634966,1.70002995552,1.70177953782,1.70352512948,1.7052667627,1.70700446901,1.70873827923,1.7104682236,1.71219433171,1.71391663257,1.71563515462,1.71734992578,1.7190609734,1.72076832437,1.72247200505,1.72417204137,1.72586845878,1.7275612823,1.72925053651,1.73093624561,1.73261843338,1.73429712322,1.73597233817,1.7376441009,1.73931243373,1.74097735865,1.74263889732,1.74429707107,1.74595190095,1.74760340767,1.74925161168,1.75089653314,1.75253819193,1.75417660765,1.75581179967
97,0,0.375407678652,0.947880066931,1.20117828463,1.31156703913,1.36356491292,1.40000835889,1.42708232645,1.44806383964,1.46486477394,1.47867699141,1.49028231899,1.50021477271,1.50885131108,1.51646540299,1.52326007398,1.52938906123,1.53497078982,1.54009786052,1.54484364477,1.54926696538,1.55341548035,1.55732816982,1.56103719122,1.56456928151,1.56794683032,1.57118871014,1.57431092526,1.57732712372,1.58024900467,1.58308664518,1.58584876422,1.58854293756,1.59117577366,1.59375305863,1.59627987627,1.5987607081,1.60119951705,1.60359981785,1.60596473649,1.60829706066,1.61059928268,1.61287363626,1.61512212791,1.61734656415,1.61954857487,1.6217296336,1.62389107518,1.62603411108,1.62815984283,1.63026927375,1.63236331929,1.63444281609,1.63650853001,1.63856116321,1.6406013604,1.64262971443,1.64464677124,1.6466530343,1.64864896849,1.6506350037,1.65261153794,1.65457894018,1.65653755291,1.65848769443,1.66042966091,1.66236372827,1.66429015383,1.6662091779,1.66812102511,1.67002590568,1.67192401656,1.67381554249,1.67570065693,1.6775795229,1.6794522938,1.68131911414,1.68318012014,1.6850354404,1.6868851964,1.68872950303,1.69056846907,1.69240219758,1.69423078635,1.69605432818,1.69787291131,1.69968661964,1.70149553308,1.70329972777,1.70509927637,1.70689424823,1.70868470961,1.71047072393,1.71225235188,1.7140296516,1.71580267887,1.71757148723,1.71933612808,1.72109665088,1.72285310319,1.72460553083,1.72635397795,1.72809848713,1.72983909949,1.73157585473,1.73330879125,1.73503794618,1.73676335549,1.73848505401,1.74020307551,1.74191745278,1.74362821761,1.74533540092,1.74703903275,1.74873914233,1.75043575809,1.75212890776,1.75381861831,1.75550491608,1.75718782674,1.75886737536,1.76054358643,1.76221648387,1.76388609108,1.76555243092,1.7672155258,1.76887539764,1.7705320679,1.77218555764,1.7738358875,1.77548307769,1.7771271481,1.7787681182,1.78040600714,1.78204083373,1.78367261644,1.78530137344,1.78692712261,1.78854988151,1.79016966743,1.79178649742,1.79340038823,1.79501135637,1.79661941811,1.79822458949,1.79982688631,1.80142632416,1.80302291841,1.80461668422,1.80620763656
98,0,0.271257074269,0.921077446716,1.19519474063,1.29251446816,1.34434219732,1.38069560048,1.40771259818,1.4286630496,1.44545340074,1.45927140983,1.47089577163,1.48085808021,1.48953339588,1.49719368073,1.50404074997,1.51022735813,1.5158711247,1.52106398419,1.52587875266,1.53037378656,1.5345963498,1.53858508748,1.54237187065,1.54598319031,1.54944122386,1.55276465993,1.55596934293,1.55906878139,1.56207455233,1.56499662562,1.56784362587,1.57062304562,1.57334141971,1.57600446904,1.57861721954,1.58118410129,1.58370903141,1.58619548382,1.5886465481,1.59106497941,1.59345324101,1.59581354059,1.59814786146,1.60045798932,1.60274553543,1.60501195669,1.60725857304,1.60948658265,1.61169707517,1.6138910433,1.61606939307,1.61823295272,1.62038248066,1.62251867245,1.62464216698,1.62675355201,1.62885336899,1.63094211749,1.63302025904,1.63508822064,1.63714639784,1.63919515757,1.64123484062,1.64326576393,1.64528822262,1.64730249181,1.6493088283,1.65130747207,1.65329864764,1.65528256534,1.65725942238,1.6592294039,1.66119268392,1.66314942615,1.6650997848,1.66704390529,1.66898192484,1.67091397316,1.6728401729,1.67476064022,1.67667548519,1.67858481227,1.68048872066,1.68238730464,1.68428065396,1.68616885408,1.68805198651,1.689930129,1.69180335584,1.69367173806,1.69553534361,1.6973942376,1.69924848244,1.701098138,1.70294326179,1.7047839091,1.70662013309,1.70845198495,1.71027951402,1.71210276786,1.71392179238,1.71573663192,1.71754732935,1.71935392611,1.72115646234,1.72295497693,1.72474950755,1.72654009076,1.72832676206,1.73010955593,1.73188850586,1.73366364446,1.73543500345,1.73720261371,1.73896650535,1.74072670772,1.74248324944,1.74423615845,1.74598546206,1.74773118692,1.7494733591,1.75121200409,1.75294714686,1.75467881181,1.75640702288,1.75813180351,1.75985317669,1.76157116494,1.7632857904,1.76499707475,1.76670503932,1.76840970504,1.77011109248,1.77180922185,1.77350411306,1.77519578564,1.77688425884,1.77856955161,1.78025168258,1.78193067012,1.78360653233,1.78527928703,1.78694895178,1.7886155439,1.79027908049,1.79193957837,1.79359705419,1.79525152433,1.79690300499
99,0,0.46699616822,1.04583572577,1.28019815652,1.36463929469,1.40731431021,1.43704209403,1.45899111503,1.47590687552,1.48938561126,1.5004190528,1.50965558086,1.51753660073,1.52437267254,1.53038835445,1.53574981,1.54058244582,1.54498254072,1.54902512456,1.55276944393,1.55626283376,1.55954351069,1.56264262202,1.56558577105,1.56839416789,1.5710855082,1.57367465188,1.5761741523,1.57859467313,1.58094531921,1.58323390151,1.58546715077,1.58765089087,1.58979018063,1.59188943032,1.59395249794,1.59598276928,1.5979832248,1.59995649568,1.60190491113,1.60383053837,1.60573521665,1.60762058623,1.60948811317,1.61133911068,1.61317475743,1.61499611344,1.61680413384,1.61859968076,1.62038353382,1.62215639916,1.62391891744,1.62567167083,1.62741518916,1.62914995531,1.63087641008,1.63259495635,1.63430596288,1.63600976768,1.63770668092,1.63939698764,1.64108095011,1.64275880993,1.64443078994,1.64609709594,1.64775791819,1.64941343282,1.65106380307,1.65270918037,1.65434970539,1.65598550897,1.6576167129,1.6592434307,1.66086576831,1.66248382467,1.66409769235,1.66570745798,1.66731320281,1.66891500304,1.67051293029,1.67210705189,1.67369743127,1.6752841282,1.6768671991,1.67844669728,1.68002267314,1.68159517444,1.68316424645,1.68472993212,1.68629227229,1.6878513058,1.68940706964,1.69095959909,1.69250892781,1.694055088,1.69559811044,1.69713802463,1.69867485884,1.70020864024,1.7017393949,1.70326714793,1.70479192351,1.70631374496,1.70783263477,1.70934861468,1.71086170572,1.71237192823,1.71387930194,1.71538384599,1.71688557895,1.71838451887,1.71988068332,1.72137408938,1.72286475372,1.72435269257,1.7258379218,1.72732045688,1.72880031296,1.73027750483,1.731752047,1.73322395366,1.73469323874,1.73615991587,1.73762399847,1.7390854997,1.74054443248,1.74200080954,1.74345464337,1.7449059463,1.74635473045,1.74780100775,1.74924478999,1.75068608877,1.75212491554,1.75356128161,1.75499519813,1.75642667612,1.75785572648,1.75928235996,1.7607065872,1.76212841872,1.76354786492,1.76496493611,1.76637964247,1.76779199409,1.76920200096,1.77060967299,1.77201501997,1.77341805161,1.77481877754
100,0,0.454396586325,0.947069352322,1.16510660189,1.26599373466,1.31965064842,1.35759788207,1.38602439903,1.40823692706,1.42616899082,1.44102869409,1.45361036045,1.46445783195,1.47395593846,1.48238455663,1.48995200162,1.49681643104,1.50310000406,1.50889850612,1.51428804813,1.51932982754,1.52407357515,1.52856009182,1.53282314347,1.53689089562,1.54078701271,1.54453150996,1.54814142021,1.55163132078,1.55501375346,1.55829956185,1.56149816445,1.56461777718,1.56766559599,1.57064794747,1.57357041385,1.5764379374,1.5792549078,1.58202523592,1.58475241614,1.58743957937,1.59008953825,1.59270482593,1.59528772934,1.59784031789,1.60036446837,1.6028618865,1.60533412574,1.60778260366,1.61020861632,1.61261335091,1.61499789681,1.61736325539,1.61971034868,1.62204002702,1.62435307592,1.62665022207,1.62893213878,1.63119945082,1.63345273871,1.63569254265,1.63791936595,1.64013367822,1.64233591814,1.64452649605,1.64670579627,1.64887417913,1.65103198291,1.65317952555,1.65531710621,1.6574450067,1.65956349276,1.66167281524,1.66377321123,1.665864905,1.66794810891,1.67002302427,1.67208984209,1.67414874377,1.67619990175,1.67824348013,1.68027963516,1.68230851582,1.68433026421,1.68634501605,1.68835290104,1.69035404322,1.69234856136,1.69433656923,1.6963181759,1.69829348606,1.70026260022,1.70222561498,1.70418262322,1.70613371437,1.7080789745,1.71001848662,1.71195233074,1.71388058408,1.71580332123,1.71772061426,1.71963253283,1.72153914436,1.72344051412,1.72533670531,1.72722777922,1.72911379524,1.73099481105,1.7328708826,1.73474206426,1.73660840888,1.73846996782,1.74032679106,1.74217892725,1.74402642376,1.74586932673,1.74770768115,1.74954153087,1.75137091868,1.75319588633,1.75501647459,1.75683272327,1.7586446713,1.7604523567,1.76225581666,1.76405508756,1.76585020501,1.76764120385,1.76942811823,1.77121098156,1.77298982662,1.77476468551,1.77653558973,1.77830257015,1.78006565708,1.78182488026,1.78358026887,1.78533185159,1.78707965657,1.78882371146,1.79056404346,1.79230067928,1.79403364519,1.79576296703,1.79748867022,1.79921077975,1.80092932023,1.80264431588,1.80435579055,1.80606376772
101,0,0.26373434626,0.917019340058,1.22004256792,1.33573908588,1.38926681585,1.42673446833,1.45451138932,1.47599180275,1.49315512855,1.50723479491,1.51903952504,1.52912144289,1.53787009582,1.54556793953,1.55242455877,1.55859856892,1.56421208193,1.56936052392,1.57411945769,1.5785494236,1.58269943819,1.58660956487,1.59031283078,1.59383667554,1.59720405931,1.60043432004,1.60354384311,1.60654658957,1.60945451631,1.61227791291,1.61502567386,1.61770551984,1.62032417896,1.62288753593,1.62540075568,1.62786838616,1.6302944445,1.6326824893,1.63503568174,1.63735683738,1.63964847024,1.64191283049,1.64415193671,1.64636760373,1.64856146661,1.65073500139,1.65288954316,1.65502630172,1.65714637537,1.65925076283,1.66134037387,1.6634160385,1.66547851519,1.66752849807,1.66956662333,1.6715934749,1.67360958948,1.67561546105,1.67761154483,1.67959826094,1.68157599752,1.68354511368,1.68550594201,1.68745879098,1.68940394696,1.69134167616,1.6932722263,1.69519582818,1.69711269703,1.69902303385,1.70092702649,1.70282485073,1.70471667123,1.70660264238,1.7084829091,1.71035760758,1.71222686589,1.71409080464,1.7159495375,1.71780317171,1.71965180855,1.72149554375,1.72333446791,1.72516866686,1.72699822194,1.72882321037,1.73064370551,1.73245977709,1.73427149151,1.73607891201,1.73788209888,1.73968110969,1.74147599943,1.74326682068,1.74505362377,1.74683645691,1.74861536633,1.75039039639,1.7521615897,1.75392898724,1.75569262843,1.75745255122,1.7592087922,1.76096138668,1.76271036873,1.76445577127,1.76619762614,1.76793596415,1.76967081515,1.77140220805,1.77313017092,1.77485473098,1.77657591468,1.77829374773,1.78000825515,1.78171946128,1.78342738984,1.78513206392,1.78683350608,1.78853173831,1.79022678208,1.79191865838,1.79360738772,1.79529299018,1.79697548538,1.79865489255,1.80033123053,1.80200451779,1.80367477243,1.80534201222,1.80700625458,1.80866751665,1.81032581525,1.8119811669,1.81363358786,1.81528309411,1.8169297014,1.8185734252,1.82021428076,1.82185228311,1.82348744702,1.82511978711,1.82674931774,1.82837605309,1.83000000717,1.83162119378,1.83323962654,1.83485531892,1.83646828421
102,0,0.447804668484,1.05778782954,1.28404226987,1.36053514858,1.40800394134,1.44138577675,1.46627192308,1.48563903332,1.50122166504,1.514100013,1.52498200572,1.5343507959,1.5425471984,1.54981831047,1.55634748288,1.56227349301,1.56770320331,1.57272014913,1.57739050486,1.58176731575,1.58589355592,1.58980437458,1.59352877091,1.59709085956,1.60051083865,1.60380573841,1.6069900062,1.61007596779,1.61307419439,1.61599379694,1.61884266385,1.6216276544,1.62435475708,1.62702922001,1.62965565896,1.63223814732,1.63478029137,1.6372852936,1.63975600619,1.64219497635,1.64460448495,1.64698657952,1.64934310261,1.65167571611,1.65398592238,1.65627508244,1.65854443184,1.66079509449,1.6630280947,1.66524436776,1.66744476927,1.66963008325,1.67180102939,1.67395826945,1.67610241286,1.67823402179,1.6803536156,1.68246167481,1.68455864469,1.68664493842,1.68872093993,1.69078700651,1.69284347106,1.6948906442,1.69692881614,1.69895825834,1.70097922507,1.70299195478,1.70499667138,1.70699358534,1.70898289477,1.71096478634,1.71293943614,1.71490701049,1.71686766663,1.7188215534,1.72076881183,1.7227095757,1.72464397201,1.72657212153,1.72849413912,1.7304101342,1.7323202111,1.73422446938,1.73612300411,1.73801590624,1.73990326277,1.74178515705,1.74366166899,1.74553287527,1.74739884954,1.74925966259,1.75111538251,1.75296607488,1.75481180287,1.75665262741,1.75848860731,1.76031979935,1.76214625842,1.76396803761,1.76578518831,1.7675977603,1.76940580182,1.77120935965,1.77300847921,1.7748032046,1.77659357868,1.7783796431,1.78016143841,1.78193900407,1.78371237851,1.7854815992,1.78724670265,1.78900772449,1.79076469951,1.79251766165,1.7942666441,1.79601167928,1.79775279892,1.79949003404,1.801223415,1.80295297153,1.80467873277,1.80640072725,1.80811898295,1.80983352731,1.81154438725,1.81325158918,1.81495515903,1.81665512228,1.81835150393,1.82004432858,1.82173362038,1.82341940309,1.82510170009,1.82678053435,1.82845592851,1.83012790482,1.83179648522,1.83346169128,1.83512354428,1.83678206517,1.8384372746,1.84008919292,1.8417378402,1.84338323623,1.84502540053,1.84666435234,1.84830011067
103,0,0.495177146758,1.04531966766,1.27402416162,1.36436989372,1.4082056134,1.43879718552,1.46142015238,1.47887980048,1.49280875102,1.50422232671,1.51378496722,1.52194943879,1.52903459489,1.53527120737,1.54083019872,1.54584068944,1.55040190422,1.55459124296,1.55846988318,1.56208675054,1.56548138526,1.56868604591,1.57172727635,1.57462708867,1.57740386701,1.58007306592,1.58264775535,1.58513905003,1.58755645067,1.58990811717,1.59220108909,1.59444146482,1.596634548,1.59878496803,1.60089677965,1.6029735459,1.60501840729,1.60703414001,1.60902320492,1.61098778911,1.61292984117,1.61485110135,1.61675312736,1.61863731652,1.62050492489,1.62235708384,1.62419481431,1.62601903936,1.62783059498,1.62963023963,1.63141866258,1.63319649121,1.63496429745,1.6367226035,1.63847188682,1.64021258461,1.64194509776,1.64366979436,1.64538701284,1.64709706476,1.64880023733,1.65049679561,1.65218698457,1.65387103082,1.65554914433,1.65722151978,1.65888833798,1.66054976697,1.66220596316,1.66385707229,1.66550323028,1.66714456406,1.6687811923,1.67041322606,1.6720407694,1.67366391991,1.67528276924,1.67689740355,1.67850790389,1.68011434664,1.68171680384,1.68331534349,1.68491002986,1.68650092376,1.6880880828,1.6896715616,1.691251412,1.69282768327,1.69440042228,1.69596967366,1.69753547995,1.69909788176,1.70065691786,1.70221262536,1.70376503976,1.7053141951,1.706860124,1.70840285781,1.70994242666,1.71147885954,1.71301218437,1.71454242805,1.71606961656,1.71759377498,1.71911492756,1.72063309777,1.72214830833,1.72366058128,1.72516993799,1.72667639921,1.72817998511,1.72968071531,1.7311786089,1.7326736845,1.73416596022,1.73565545376,1.7371421824,1.738626163,1.74010741206,1.74158594572,1.74306177978,1.74453492969,1.74600541064,1.74747323749,1.74893842482,1.75040098695,1.75186093797,1.75331829169,1.75477306169,1.75622526136,1.75767490385,1.75912200211,1.7605665689,1.76200861679,1.76344815817,1.76488520526,1.76631977011,1.76775186461,1.7691815005,1.77060868938,1.77203344269,1.77345577175,1.77487568772,1.77629320167,1.77770832451,1.77912106706,1.78053144001,1.78193945392,1.78334511928
104,0,0.283161975066,0.989691782708,1.26000429473,1.33952891664,1.38530000837,1.41720760957,1.44078541317,1.45897286095,1.47347894015,1.48536544842,1.49532659622,1.50383500985,1.51122323488,1.51773174366,1.52353849048,1.52877779358,1.53355278479,1.53794384424,1.54201445189,1.54581533233,1.54938744549,1.55276418031,1.55597298785,1.55903661352,1.56197403799,1.56480120388,1.56753158258,1.57017662052,1.57274609363,1.57524839106,1.57769074396,1.58007941132,1.58241983177,1.58471674842,1.58697431202,1.58919616677,1.59138552196,1.59354521204,1.59567774733,1.59778535691,1.59987002503,1.60193352222,1.60397743186,1.60600317308,1.60801202041,1.61000512081,1.61198350842,1.61394811735,1.61589979292,1.61783930136,1.61976733837,1.62168453667,1.62359147257,1.6254886718,1.62737661465,1.62925574056,1.63112645214,1.63298911876,1.63484407978,1.63669164736,1.63853210904,1.64036573001,1.64219275518,1.64401341097,1.64582790699,1.64763643751,1.64943918284,1.65123631046,1.65302797617,1.65481432507,1.65659549243,1.65837160453,1.66014277937,1.66190912735,1.6636707519,1.66542774997,1.66718021263,1.66892822544,1.67067186893,1.67241121895,1.67414634705,1.67587732079,1.67760420402,1.67932705717,1.68104593752,1.68276089936,1.68447199429,1.68617927134,1.68788277717,1.68958255626,1.69127865103,1.692971102,1.69465994788,1.69634522577,1.69802697117,1.69970521815,1.70137999944,1.70305134648,1.70471928953,1.70638385774,1.70804507922,1.7097029811,1.7113575896,1.71300893007,1.71465702704,1.71630190431,1.71794358493,1.7195820913,1.72121744517,1.7228496677,1.72447877948,1.72610480056,1.72772775049,1.72934764835,1.73096451276,1.73257836192,1.73418921361,1.73579708525,1.73740199387,1.73900395618,1.74060298853,1.74219910699,1.74379232732,1.74538266498,1.74697013518,1.74855475288,1.75013653277,1.75171548932,1.75329163677,1.75486498915,1.75643556029,1.7580033638,1.75956841313,1.76113072153,1.76269030209,1.76424716771,1.76580133115,1.76735280501,1.76890160174,1.77044773364,1.77199121288,1.77353205149,1.77507026137,1.77660585431,1.77813884195,1.77966923584,1.7811970474,1.78272228794,1.78424496866
105,0,0.274988171247,1.07054220997,1.33564331921,1.40187565116,1.44335797713,1.47212630087,1.49328242469,1.50952974003,1.52243624888,1.53297386595,1.54177655203,1.54927490705,1.55577119578,1.56148347699,1.56657273278,1.57116017672,1.57533864981,1.57918033077,1.58274207741,1.586069205,1.5891982086,1.59215875714,1.59497517594,1.59766756349,1.60025264323,1.60274442031,1.60515469308,1.60749345535,1.60976921524,1.61198925015,1.61415981197,1.61628629353,1.61837336433,1.62042508199,1.62244498428,1.62443616537,1.62640133955,1.6283428945,1.63026293615,1.63216332661,1.63404571628,1.63591157128,1.63776219677,1.63959875702,1.6414222927,1.64323373566,1.64503392186,1.64682360251,1.64860345379,1.65037408527,1.65213604737,1.65388983778,1.65563590718,1.65737466426,1.6591064801,1.66083169208,1.66255060735,1.66426350587,1.66597064311,1.66767225251,1.6693685476,1.67105972394,1.67274596082,1.67442742281,1.67610426113,1.67777661491,1.67944461226,1.68110837131,1.68276800108,1.68442360231,1.68607526819,1.68772308502,1.6893671328,1.69100748581,1.69264421304,1.6942773787,1.69590704259,1.69753326047,1.69915608441,1.70077556308,1.70239174205,1.70400466401,1.70561436904,1.7072208948,1.70882427671,1.71042454817,1.71202174067,1.71361588399,1.71520700628,1.71679513424,1.71838029319,1.7199625072,1.72154179919,1.72311819098,1.72469170342,1.72626235645,1.72783016914,1.7293951598,1.73095734599,1.73251674461,1.73407337193,1.73562724367,1.73717837497,1.73872678051,1.7402724745,1.7418154707,1.74335578251,1.74489342294,1.74642840465,1.74796073999,1.74949044102,1.75101751952,1.75254198701,1.75406385476,1.75558313383,1.75709983508,1.75861396915,1.76012554652,1.76163457749,1.76314107221,1.76464504066,1.7661464927,1.76764543807,1.76914188635,1.77063584705,1.77212732952,1.77361634307,1.77510289686,1.77658699998,1.77806866145,1.77954789018,1.78102469503,1.78249908476,1.7839710681,1.78544065368,1.78690785008,1.78837266582,1.78983510936,1.79129518912,1.79275291346,1.79420829068,1.79566132905,1.79711203677,1.79856042203,1.80000649295,1.80145025762,1.80289172408,1.80433090035,1.80576779439
106,0,0.217205321417,0.837409518417,1.15349927536,1.28660686989,1.34472086778,1.38544161891,1.41566836429,1.43906755211,1.45777948403,1.47313911579,1.48602255472,1.49702847423,1.50657964364,1.51498287962,1.52246604342,1.52920173328,1.53532294196,1.54093368919,1.5461164144,1.55093722512,1.55544969226,1.55969764017,1.56371722832,1.56753852537,1.57118671383,1.57468302241,1.57804545487,1.58128936514,1.58442791509,1.58747244176,1.59043275418,1.59331737491,1.59613373785,1.59888835126,1.60158693283,1.60423452216,1.60683557495,1.60939404224,1.61191343729,1.61439689239,1.61684720719,1.61926689004,1.62165819346,1.62402314469,1.62636357201,1.62868112765,1.63097730762,1.63325346897,1.63551084496,1.63775055826,1.63997363261,1.64218100301,1.64437352478,1.64655198152,1.64871709222,1.65086951748,1.65300986513,1.65513869521,1.65725652441,1.65936383002,1.66146105352,1.66354860375,1.66562685982,1.66769617363,1.66975687226,1.67180926004,1.67385362048,1.67589021793,1.67791929921,1.67994109499,1.68195582107,1.68396367957,1.68596485998,1.68795954014,1.6899478871,1.69193005799,1.6939062007,1.69587645457,1.69784095105,1.69979981422,1.70175316135,1.70370110336,1.70564374527,1.70758118662,1.70951352181,1.71144084049,1.71336322784,1.7152807649,1.71719352882,1.71910159311,1.7210050279,1.72290390013,1.72479827375,1.72668820992,1.72857376719,1.73045500164,1.73233196704,1.73420471497,1.73607329499,1.73793775473,1.73979814,1.74165449489,1.74350686192,1.74535528205,1.74719979483,1.74904043845,1.75087724981,1.75271026461,1.75453951739,1.75636504163,1.75818686976,1.76000503325,1.76181956263,1.76363048756,1.76543783687,1.7672416386,1.76904192003,1.77083870773,1.77263202758,1.77442190483,1.77620836409,1.7779914294,1.77977112421,1.78154747147,1.78332049359,1.78509021249,1.78685664965,1.78861982606,1.79037976232,1.79213647859,1.79388999466,1.79564032993,1.79738750342,1.79913153385,1.80087243955,1.80261023858,1.80434494865,1.80607658721,1.80780517139,1.80953071806,1.81125324384,1.81297276507,1.81468929785,1.81640285805,1.81811346131,1.81982112305,1.82152585845,1.82322768251,1.82492661002
107,0,0.308920143776,0.994106171624,1.26511760647,1.34631072294,1.39477173998,1.42866514724,1.45379134892,1.47323468116,1.48879024285,1.50157450401,1.51231819629,1.52151934764,1.52952876259,1.53660040252,1.54292242032,1.54863699959,1.55385344344,1.55865704766,1.56311526022,1.56728204711,1.57120104432,1.57490787154,1.57843185557,1.58179733162,1.58502463768,1.58813088292,1.59113054755,1.59403595538,1.59685764947,1.59960469302,1.60228491218,1.60490509341,1.60747114484,1.60998822908,1.61246087306,1.61489305942,1.61728830294,1.61964971462,1.62198005591,1.62428178446,1.62655709319,1.62880794355,1.63103609404,1.63324312475,1.63543045848,1.63759937905,1.63975104721,1.64188651436,1.64400673471,1.64611257573,1.64820482747,1.65028421061,1.65235138368,1.65440694934,1.65645145998,1.65848542269,1.66050930364,1.66252353202,1.66452850349,1.66652458336,1.66851210933,1.67049139402,1.6724627272,1.67442637779,1.67638259572,1.67833161351,1.68027364779,1.68220890063,1.68413756073,1.6860598045,1.68797579711,1.68988569333,1.6917896384,1.69368776874,1.69558021264,1.69746709091,1.69934851739,1.70122459953,1.70309543882,1.70496113125,1.70682176769,1.70867743426,1.7105282127,1.7123741806,1.71421541179,1.71605197649,1.71788394165,1.71971137111,1.72153432582,1.72335286403,1.72516704149,1.72697691156,1.72878252541,1.73058393215,1.73238117892,1.73417431105,1.73596337217,1.73774840429,1.7395294479,1.74130654209,1.7430797246,1.74484903189,1.74661449924,1.74837616083,1.75013404974,1.75188819806,1.75363863695,1.75538539665,1.75712850655,1.75886799525,1.76060389058,1.76233621963,1.76406500884,1.76579028394,1.76751207009,1.76923039183,1.77094527315,1.77265673749,1.7743648078,1.77606950651,1.77777085561,1.77946887663,1.7811635907,1.78285501851,1.78454318037,1.78622809623,1.78790978567,1.78958826793,1.79126356192,1.79293568623,1.79460465916,1.7962704987,1.79793322257,1.79959284821,1.80124939281,1.8029028733,1.80455330636,1.80620070846,1.80784509581,1.80948648444,1.81112489013,1.81276032849,1.8143928149,1.81602236456,1.8176489925,1.81927271354,1.82089354234,1.8225114934,1.82412658104
108,0,0.31275751555,0.977136522272,1.2429924684,1.32973359192,1.37688716789,1.40981926191,1.4341949159,1.45302622042,1.4680660198,1.48040434625,1.49075450766,1.49960256389,1.50729081629,1.51406701224,1.52011465384,1.52557237171,1.53054670577,1.53512076889,1.53936026042,1.5433177281,1.54703564473,1.55054866628,1.55388531376,1.55706924291,1.56012021434,1.56305484311,1.56588718371,1.56862919102,1.57129108643,1.57388165128,1.57640846346,1.57887808973,1.58129624298,1.58366791154,1.58599746623,1.58828874926,1.59054514869,1.59276966079,1.59496494278,1.59713335737,1.59927701071,1.60139778477,1.60349736504,1.60557726438,1.60763884354,1.60968332893,1.61171182806,1.6137253429,1.61572478161,1.61771096875,1.61968465422,1.62164652118,1.62359719293,1.62553723907,1.62746718088,1.62938749616,1.63129862342,1.63320096575,1.6350948941,1.63698075039,1.63885885014,1.64072948487,1.64259292433,1.6444494184,1.64629919882,1.64814248082,1.64997946449,1.65181033609,1.65363526921,1.65545442581,1.6572679572,1.65907600485,1.66087870125,1.66267617056,1.6644685293,1.66625588695,1.66803834645,1.66981600474,1.67158895318,1.673357278,1.67512106063,1.6768803781,1.67863530333,1.68038590542,1.68213224996,1.68387439922,1.68561241241,1.6873463459,1.68907625339,1.69080218612,1.69252419298,1.69424232074,1.69595661413,1.69766711599,1.6993738674,1.70107690779,1.70277627502,1.70447200551,1.70616413432,1.70785269521,1.70953772076,1.7112192424,1.71289729051,1.71457189444,1.71624308263,1.7179108826,1.71957532105,1.72123642388,1.72289421624,1.72454872257,1.72619996664,1.7278479716,1.72949275997,1.73113435374,1.73277277432,1.73440804264,1.73604017913,1.73766920375,1.73929513604,1.74091799511,1.74253779967,1.74415456804,1.74576831822,1.74737906781,1.74898683412,1.75059163412,1.75219348451,1.75379240166,1.75538840169,1.75698150045,1.75857171355,1.76015905632,1.7617435439,1.76332519118,1.76490401284,1.76648002334,1.76805323696,1.76962366778,1.77119132969,1.7727562364,1.77431840145,1.77587783822,1.77743455991,1.77898857958,1.78053991014,1.78208856433,1.78363455478,1.78517789395,1.78671859419
109,0,0.344382114857,1.0250653907,1.28144968959,1.3546816327,1.39623761641,1.42508244514,1.44631025373,1.46262208135,1.47558551521,1.48617278424,1.49501841942,1.50255365285,1.50908136364,1.51482017639,1.5199315815,1.52453724362,1.52873040194,1.53258358595,1.53615396257,1.53948711979,1.54261979382,1.54558186739,1.54839785577,1.55108802678,1.55366925519,1.55615568173,1.55855922661,1.56088999341,1.56315658939,1.56536638169,1.56752570366,1.56964002216,1.5717140742,1.57375197905,1.57575733086,1.5777332755,1.57968257473,1.58160765989,1.58351067715,1.58539352572,1.58725789033,1.58910526883,1.59093699579,1.5927542628,1.59455813587,1.59634957044,1.59812942445,1.59989846958,1.60165740112,1.6034068465,1.60514737282,1.6068794934,1.60860367358,1.61032033576,1.6120298639,1.61373260748,1.61542888502,1.61711898717,1.61880317949,1.62048170488,1.62215478582,1.62382262629,1.62548541354,1.62714331966,1.62879650298,1.63044510931,1.63208927314,1.63372911859,1.63536476037,1.63699630462,1.63862384963,1.64024748653,1.64186729995,1.64348336848,1.64509576528,1.64670455849,1.64830981163,1.64991158401,1.65150993108,1.65310490471,1.65469655353,1.65628492313,1.65787005635,1.65945199347,1.66103077244,1.66260642903,1.66417899702,1.66574850833,1.66731499319,1.66887848027,1.67043899676,1.67199656854,1.6735512202,1.67510297522,1.676651856,1.67819788395,1.67974107956,1.68128146248,1.68281905158,1.68435386497,1.68588592012,1.68741523383,1.68894182235,1.69046570135,1.69198688603,1.69350539108,1.69502123078,1.69653441899,1.69804496918,1.69955289448,1.70105820768,1.70256092126,1.70406104741,1.70555859805,1.70705358484,1.70854601922,1.71003591239,1.71152327536,1.71300811893,1.71449045372,1.71597029019,1.71744763863,1.71892250917,1.72039491182,1.72186485643,1.72333235273,1.72479741035,1.72626003879,1.72772024744,1.7291780456,1.73063344246,1.73208644714,1.73353706865,1.73498531594,1.73643119787,1.73787472322,1.73931590072,1.740754739,1.74219124666,1.74362543221,1.74505730411,1.74648687078,1.74791414055,1.74933912173,1.75076182256,1.75218225123,1.75360041589,1.75501632464,1.75642998554
110,0,0.407786050937,0.978485020857,1.22131063499,1.31875871282,1.36703142684,1.40081890226,1.42587643011,1.44526782569,1.46077812946,1.47351866689,1.48421749921,1.49337129258,1.50133020553,1.50834795287,1.51461266496,1.52026662711,1.52541931035,1.53015621043,1.53454498723,1.53863981874,1.54248454635,1.54611498477,1.54956064374,1.55284602859,1.55599163467,1.55901471618,1.56192988666,1.56474959234,1.5674844886,1.5701437416,1.57273527192,1.57526595262,1.57774177129,1.58016796346,1.58254912305,1.58488929426,1.58719204846,1.58946054879,1.59169760465,1.59390571792,1.59608712231,1.59824381688,1.60037759491,1.60249006857,1.60458269038,1.60665677162,1.60871349845,1.61075394583,1.61277908977,1.61478981798,1.61678693924,1.61877119165,1.62074324985,1.6227037315,1.6246532029,1.62659218404,1.6285211531,1.6304405504,1.63235078196,1.6342522227,1.63614521926,1.63803009253,1.63990713999,1.64177663772,1.64363884227,1.64549399233,1.64734231024,1.64918400336,1.65101926528,1.65284827698,1.65467120781,1.65648821644,1.65829945167,1.66010505324,1.6619051525,1.66369987303,1.66548933127,1.66727363702,1.66905289392,1.67082719993,1.67259664772,1.67436132504,1.67612131508,1.67787669678,1.67962754513,1.68137393142,1.68311592354,1.68485358613,1.68658698087,1.68831616663,1.69004119966,1.69176213377,1.69347902047,1.69519190913,1.69690084708,1.6986058798,1.70030705095,1.70200440255,1.70369797504,1.70538780738,1.70707393714,1.70875640058,1.71043523273,1.71211046745,1.71378213749,1.71545027457,1.71711490942,1.71877607184,1.72043379077,1.72208809427,1.72373900966,1.72538656348,1.72703078156,1.72867168906,1.73030931051,1.7319436698,1.73357479026,1.73520269467,1.73682740526,1.73844894378,1.7400673315,1.74168258922,1.74329473731,1.74490379571,1.74650978399,1.7481127213,1.74971262646,1.75130951792,1.75290341378,1.75449433185,1.75608228962,1.75766730426,1.75924939268,1.76082857151,1.7624048571,1.76397826556,1.76554881277,1.76711651433,1.76868138565,1.7702434419,1.77180269806,1.77335916886,1.77491286889,1.77646381249,1.77801201386,1.77955748699,1.78110024571,1.78264030368,1.78417767438
111,0,0.376969565749,1.0076425286,1.26537052309,1.35593131949,1.40296662889,1.4358257891,1.46015258135,1.47894866386,1.49396128824,1.50627729331,1.5166080771,1.52543851739,1.53311016533,1.53987028386,1.54590205902,1.55134391466,1.55630225612,1.56086011018,1.56508312302,1.56902381165,1.57272463362,1.57622024021,1.57953915498,1.58270504109,1.58573766979,1.58865366879,1.5914671065,1.59418995228,1.59683244226,1.59940337238,1.60191033488,1.60435991044,1.60675782537,1.60910908084,1.61141805992,1.61368861649,1.61592414965,1.61812766614,1.62030183307,1.62244902247,1.62457134932,1.62667070386,1.62874877942,1.6308070962,1.63284702189,1.63486978943,1.63687651246,1.63886819874,1.64084576187,1.64281003152,1.64476176242,1.64670164227,1.64863029863,1.65054830514,1.65245618687,1.65435442518,1.65624346196,1.65812370345,1.65999552362,1.66185926719,1.66371525232,1.66556377306,1.66740510151,1.66923948977,1.67106717169,1.67288836447,1.67470327007,1.67651207653,1.67831495908,1.68011208126,1.68190359585,1.68368964572,1.68547036467,1.6872458781,1.68901630372,1.69078175208,1.69254232718,1.69429812693,1.69604924361,1.69779576433,1.69953777132,1.70127534241,1.70300855121,1.70473746753,1.70646215758,1.70818268424,1.70989910728,1.71161148361,1.71331986741,1.71502431039,1.71672486189,1.71842156908,1.72011447705,1.72180362902,1.7234890664,1.7251708289,1.72684895469,1.72852348045,1.73019444148,1.73186187178,1.73352580412,1.73518627012,1.73684330034,1.73849692431,1.74014717058,1.74179406682,1.74343763985,1.74507791566,1.7467149195,1.7483486759,1.7499792087,1.75160654109,1.75323069567,1.75485169444,1.75646955887,1.75808430989,1.75969596796,1.76130455305,1.7629100847,1.76451258199,1.76611206364,1.76770854796,1.7693020529,1.77089259604,1.77248019465,1.77406486567,1.77564662573,1.77722549117,1.77880147805,1.78037460216,1.78194487904,1.78351232396,1.78507695198,1.78663877792,1.78819781637,1.78975408173,1.79130758819,1.79285834974,1.79440638018,1.79595169312,1.79749430203,1.79903422016,1.80057146064,1.80210603642,1.8036379603,1.80516724493,1.80669390282,1.80821794633,1.80973938771
112,0,0.326883703929,0.882551489288,1.13606220061,1.25271845749,1.3079509217,1.34640245996,1.37501445932,1.39722109548,1.41502749569,1.42968461329,1.44201365912,1.45257597233,1.46176809669,1.46987792629,1.47711935787,1.48365448406,1.4896082622,1.49507847673,1.50014266712,1.5048630471,1.50929006256,1.51346500752,1.51742197644,1.52118934061,1.52479087845,1.52824665042,1.53157368315,1.53478650945,1.53789759818,1.54091769927,1.54385612257,1.54672096492,1.54951929614,1.55225731234,1.55494046299,1.5575735568,1.56016085039,1.5627061229,1.56521273905,1.56768370262,1.57012170208,1.57252914956,1.57490821431,1.57726085156,1.57958882739,1.58189374034,1.58417704019,1.5864400443,1.58868395191,1.59090985668,1.59311875774,1.59531156933,1.59748912937,1.59965220709,1.60180150967,1.60393768827,1.60606134327,1.60817302907,1.61027325827,1.61236250549,1.61444121073,1.61650978246,1.6185686003,1.62061801754,1.62265836336,1.6246899448,1.62671304863,1.62872794297,1.6307348788,1.63273409129,1.63472580109,1.63671021539,1.63868752899,1.6406579252,1.64262157675,1.6445786465,1.64652928822,1.64847364719,1.65041186085,1.65234405932,1.65427036593,1.65619089767,1.65810576561,1.66001507535,1.66191892731,1.66381741713,1.66571063595,1.66759867072,1.66948160442,1.67135951638,1.67323248246,1.67510057526,1.67696386433,1.67882241638,1.68067629541,1.68252556287,1.68437027783,1.68621049713,1.68804627546,1.68987766552,1.69170471811,1.69352748225,1.69534600527,1.69716033289,1.69897050933,1.70077657737,1.70257857844,1.70437655266,1.70617053895,1.70796057506,1.70974669762,1.71152894224,1.7133073435,1.71508193507,1.71685274967,1.71861981919,1.72038317469,1.72214284642,1.72389886393,1.72565125601,1.72740005078,1.72914527572,1.73088695767,1.73262512286,1.73435979698,1.73609100513,1.73781877192,1.73954312142,1.74126407724,1.74298166251,1.74469589991,1.74640681169,1.7481144197,1.74981874538,1.75151980977,1.75321763356,1.75491223708,1.75660364031,1.75829186289,1.75997692416,1.76165884313,1.76333763852,1.76501332875,1.76668593198,1.76835546608,1.77002194866,1.77168539707,1.77334582844,1.77500325963
113,0,0.27821333733,0.914801983138,1.18795911973,1.28707318901,1.33688005367,1.37168031869,1.39744523884,1.41735154291,1.43324887838,1.44628806348,1.45722255302,1.46656600689,1.47468033009,1.4818275764,1.48820193003,1.49395015522,1.49918509089,1.50399480094,1.50844892745,1.5126031946,1.51650266106,1.52018410765,1.52367781627,1.5270089132,1.53019839581,1.53326392598,1.53622044961,1.53908068471,1.54185550945,1.54455427292,1.54718504612,1.54975482576,1.55226970106,1.55473499099,1.55715535776,1.55953490129,1.56187723818,1.56418556801,1.56646272928,1.5687112468,1.57093337204,1.57313111745,1.57530628606,1.57746049673,1.57959520603,1.5817117272,1.58381124647,1.58589483741,1.58796347336,1.59001803829,1.59205933638,1.59408810043,1.59610499922,1.59811064404,1.60010559449,1.60209036357,1.60406542224,1.60603120346,1.60798810578,1.60993649659,1.61187671498,1.61380907431,1.61573386454,1.6176513543,1.61956179277,1.62146541135,1.62336242519,1.62525303459,1.62713742619,1.62901577414,1.63088824112,1.63275497923,1.63461613088,1.63647182954,1.63832220043,1.64016736116,1.64200742232,1.64384248803,1.64567265637,1.6474980199,1.649318666,1.65113467729,1.65294613196,1.65475310408,1.65655566389,1.65835387808,1.66014781004,1.66193752004,1.66372306552,1.66550450121,1.66728187934,1.6690552498,1.67082466031,1.67259015653,1.67435178222,1.67610957932,1.67786358813,1.67961384735,1.6813603942,1.68310326452,1.68484249285,1.68657811249,1.68831015559,1.69003865323,1.69176363543,1.69348513128,1.69520316895,1.69691777574,1.69862897815,1.7003368019,1.702041272,1.70374241277,1.70544024786,1.70713480033,1.70882609264,1.71051414671,1.71219898391,1.71388062514,1.71555909079,1.71723440083,1.71890657479,1.72057563177,1.7222415905,1.72390446934,1.72556428628,1.72722105898,1.72887480476,1.73052554065,1.73217328337,1.73381804936,1.73545985479,1.73709871555,1.73873464731,1.74036766546,1.7419977852,1.74362502147,1.74524938903,1.7468709024,1.74848957592,1.75010542374,1.75171845981,1.75332869793,1.75493615169,1.75654083454,1.75814275977,1.75974194048,1.76133838967,1.76293212015,1.76452314461
114,0,0.325185131132,0.873674492948,1.12284709419,1.23742685132,1.29298622044,1.33190178845,1.36090724427,1.38345669658,1.40156778259,1.41649981484,1.42907986408,1.43987353595,1.44928057736,1.45759134902,1.46502168803,1.47173524148,1.47785823161,1.4834894863,1.48870741621,1.49357497015,1.49814322015,1.50245399819,1.5065418644,1.51043559601,1.51415932756,1.51773343372,1.52117521981,1.52449946709,1.52771886686,1.53084436902,1.53388546397,1.53685041208,1.53974643181,1.5425798548,1.54535625447,1.54808055319,1.5507571121,1.55338980667,1.55598209061,1.55853705011,1.56105745008,1.56354577373,1.56600425652,1.56843491543,1.57083957429,1.57321988569,1.57557735008,1.57791333239,1.58022907662,1.58252571858,1.58480429708,1.58706576387,1.58931099233,1.59154078518,1.5937558814,1.59595696223,1.59814465665,1.60031954621,1.60248216935,1.60463302527,1.60677257738,1.60890125648,1.61101946351,1.61312757211,1.6152259309,1.61731486554,1.6193946806,1.62146566126,1.62352807485,1.62558217222,1.62762818905,1.629666347,1.63169685474,1.63371990895,1.63573569518,1.63774438865,1.63974615504,1.64174115109,1.6437295253,1.64571141846,1.64768696416,1.64965628934,1.65161951466,1.65357675498,1.65552811969,1.65747371308,1.65941363467,1.66134797952,1.66327683848,1.66520029848,1.66711844273,1.66903135099,1.67093909975,1.67284176241,1.6747394095,1.67663210881,1.67851992555,1.68040292251,1.6822811602,1.68415469693,1.686023589,1.68788789075,1.68974765468,1.69160293156,1.69345377052,1.69530021912,1.69714232342,1.69898012808,1.70081367644,1.70264301054,1.70446817122,1.70628919816,1.70810612995,1.70991900411,1.71172785718,1.71353272475,1.71533364148,1.71713064117,1.71892375679,1.72071302051,1.72249846375,1.72428011717,1.72605801077,1.72783217386,1.72960263509,1.73136942254,1.73313256365,1.73489208532,1.73664801389,1.7384003752,1.74014919454,1.74189449674,1.74363630618,1.74537464675,1.74710954192,1.74884101474,1.75056908787,1.75229378355,1.75401512367,1.75573312972,1.75744782288,1.75915922395,1.76086735342,1.76257223146,1.76427387793,1.76597231236,1.76766755404,1.76935962193,1.77104853475
115,0,0.314208756055,1.00732599165,1.27475849749,1.35628653198,1.40301395279,1.435648527,1.4598060903,1.47847195316,1.4933830466,1.50561931653,1.51588735338,1.52466856402,1.5323019223,1.53903273216,1.54504266098,1.55046893518,1.55541700211,1.55996911226,1.5641902756,1.56813248254,1.57183775081,1.5753403614,1.57866852384,1.58184563322,1.58489123059,1.58782174487,1.59065107193,1.59339103072,1.59605172563,1.59864183682,1.60116885435,1.60363926843,1.60605872502,1.60843215372,1.61076387366,1.61305768144,1.61531692475,1.61754456408,1.61974322479,1.62191524123,1.62406269425,1.62618744314,1.62829115311,1.63037531879,1.63244128455,1.63449026207,1.63652334556,1.63854152501,1.64054569774,1.64253667849,1.64451520832,1.64648196232,1.64843755652,1.65038255389,1.65231746973,1.65424277637,1.65615890736,1.65806626128,1.659965205,1.66185607669,1.66373918848,1.66561482884,1.66748326468,1.66934474334,1.67119949426,1.67304773054,1.67488965038,1.67672543829,1.67855526631,1.68037929497,1.68219767427,1.68401054456,1.68581803726,1.68762027559,1.68941737525,1.69120944493,1.69299658692,1.69477889755,1.69655646767,1.69832938302,1.70009772465,1.70186156923,1.70362098936,1.70537605392,1.70712682824,1.70887337445,1.7106157516,1.71235401597,1.71408822117,1.71581841839,1.71754465652,1.7192669823,1.72098544049,1.72270007399,1.72441092393,1.72611802981,1.72782142959,1.7295211598,1.73121725561,1.73290975093,1.73459867847,1.73628406982,1.7379659555,1.73964436507,1.74131932711,1.74299086934,1.74465901866,1.74632380114,1.74798524216,1.74964336634,1.75129819768,1.75294975953,1.75459807464,1.75624316519,1.75788505284,1.75952375873,1.76115930352,1.76279170739,1.7644209901,1.76604717101,1.76767026903,1.76929030274,1.77090729034,1.77252124968,1.77413219829,1.77574015338,1.77734513185,1.77894715033,1.78054622515,1.78214237239,1.78373560789,1.7853259472,1.78691340568,1.78849799845,1.7900797404,1.79165864623,1.79323473043,1.79480800728,1.79637849091,1.79794619523,1.799511134,1.80107332081,1.80263276906,1.80418949204,1.80574350283,1.80729481441,1.8088434396,1.81038939106,1.81193268134
116,0,0.373064984216,0.967394468684,1.22222618747,1.32268336345,1.37138526722,1.40545554218,1.43070735678,1.45023560331,1.4658435457,1.47865390872,1.48940224591,1.49859034435,1.50657197559,1.51360347121,1.51987489903,1.525530006,1.53067938364,1.53540939878,1.53978839677,1.54387110081,1.54770179004,1.55131663362,1.55474543039,1.5580129231,1.56113980315,1.56414348754,1.56703872561,1.56983807731,1.57255229361,1.57519062127,1.57776104901,1.58027050762,1.58272503369,1.5851299044,1.5874897491,1.58980864216,1.59209018061,1.59433754941,1.59655357652,1.59874077955,1.60090140552,1.60303746472,1.60515075983,1.60724291091,1.60931537695,1.6113694746,1.61340639431,1.61542721449,1.61743291381,1.61942438199,1.6214024292,1.62336779446,1.62532115288,1.62726312221,1.62919426848,1.63111511117,1.63302612766,1.63492775726,1.63682040482,1.63870444389,1.64058021962,1.64244805132,1.64430823476,1.64616104422,1.6480067344,1.64984554209,1.65167768767,1.65350337648,1.65532280011,1.65713613748,1.65894355588,1.66074521192,1.66254125232,1.66433181476,1.6661170285,1.66789701508,1.66967188888,1.67144175767,1.67320672307,1.67496688103,1.67672232224,1.6784731325,1.68021939304,1.68196118089,1.68369856915,1.68543162724,1.6871604212,1.68888501386,1.69060546511,1.69232183203,1.69403416916,1.69574252858,1.69744696011,1.69914751146,1.70084422834,1.7025371546,1.70422633234,1.705911802,1.7075936025,1.7092717713,1.71094634448,1.71261735686,1.71428484202,1.71594883241,1.71760935942,1.71926645339,1.72092014372,1.72257045891,1.72421742658,1.72586107355,1.72750142587,1.72913850887,1.73077234716,1.73240296473,1.73403038493,1.73565463053,1.73727572371,1.73889368616,1.74050853902,1.74212030297,1.74372899822,1.74533464455,1.74693726132,1.74853686746,1.75013348156,1.75172712182,1.75331780609,1.75490555189,1.75649037643,1.75807229659,1.75965132897,1.76122748989,1.76280079539,1.76437126125,1.76593890301,1.76750373595,1.76906577514,1.7706250354,1.77218153136,1.77373527742,1.77528628781,1.77683457653,1.77838015742,1.77992304412,1.78146325012,1.78300078871,1.78453567304,1.78606791609,1.78759753068
117,0,0.245583670841,0.895086765971,1.18490295944,1.29910930274,1.35085472572,1.38701456595,1.41377981343,1.43444727232,1.45093820348,1.46444896884,1.47576345106,1.48541644915,1.49378502813,1.50114240423,1.50769116525,1.51358452331,1.51894034648,1.52385067788,1.52838834798,1.53261166449,1.53656780048,1.54029528281,1.54382584699,1.54718583833,1.55039728339,1.55347871828,1.55644583566,1.55931199475,1.56208862683,1.56478556036,1.56741128331,1.56997315659,1.57247758863,1.57493017901,1.57733583746,1.57969888286,1.58202312593,1.58431193887,1.58656831401,1.58879491354,1.59099411184,1.59316803163,1.59531857494,1.59744744972,1.59955619284,1.60164618999,1.6037186929,1.60577483441,1.60781564153,1.60984204694,1.61185489906,1.61385497085,1.61584296765,1.61781953403,1.61978525989,1.62174068587,1.62368630812,1.6256225826,1.62754992886,1.62946873346,1.63137935299,1.63328211682,1.63517732951,1.63706527307,1.63894620885,1.64082037942,1.64268801011,1.6445493105,1.64640447572,1.64825368765,1.65009711601,1.65193491931,1.65376724582,1.65559423429,1.65741601474,1.65923270915,1.66104443205,1.66285129109,1.66465338756,1.66645081688,1.668243669,1.67003202881,1.67181597652,1.67359558798,1.67537093501,1.67714208565,1.67890910444,1.68067205267,1.68243098858,1.68418596759,1.68593704248,1.68768426355,1.68942767881,1.6911673341,1.69290327327,1.69463553826,1.69636416926,1.69808920479,1.69981068183,1.70152863591,1.70324310116,1.70495411046,1.70666169548,1.70836588673,1.71006671367,1.71176420476,1.71345838748,1.71514928846,1.71683693345,1.71852134743,1.7202025546,1.72188057848,1.72355544189,1.72522716704,1.72689577553,1.72856128836,1.73022372604,1.73188310854,1.73353945533,1.73519278546,1.73684311749,1.7384904696,1.74013485956,1.74177630476,1.74341482224,1.74505042869,1.74668314046,1.74831297362,1.7499399439,1.75156406678,1.75318535745,1.75480383086,1.75641950167,1.75803238433,1.75964249307,1.76124984187,1.76285444452,1.76445631461,1.76605546552,1.76765191044,1.76924566241,1.77083673425,1.77242513866,1.77401088815,1.77559399507,1.77717447164,1.77875232992,1.78032758184,1.78190023918
118,0,0.52180447126,1.00863370784,1.21447876591,1.30448578483,1.35428915958,1.3894722595,1.41580633555,1.43637183688,1.45296827823,1.46671902072,1.47836203122,1.48840214322,1.49719629207,1.50500386029,1.51201775789,1.51838433372,1.52421654024,1.52960287752,1.53461361547,1.53930521365,1.5437235194,1.54790612048,1.55188410151,1.55568337312,1.55932568992,1.56282943906,1.56621025707,1.56948151713,1.57265471718,1.57573979165,1.57874536357,1.58167895003,1.58454713054,1.58735568599,1.59010971387,1.59281372435,1.59547172089,1.598087268,1.60066354866,1.60320341304,1.6057094201,1.60818387312,1.61062885034,1.61304623126,1.61543771952,1.61780486261,1.62014906914,1.62247162386,1.62477370079,1.62705637482,1.6293206318,1.63156737752,1.63379744566,1.63601160472,1.63821056434,1.64039498075,1.64256546175,1.64472257114,1.64686683259,1.64899873325,1.65111872688,1.65322723671,1.65532465803,1.6574113605,1.65948769022,1.66155397169,1.66361050946,1.66565758973,1.66769548177,1.6697244392,1.67174470116,1.6737564934,1.67576002924,1.67775551049,1.67974312823,1.68172306364,1.68369548858,1.68566056633,1.68761845209,1.68956929359,1.69151323152,1.69345040002,1.6953809271,1.697304935,1.6992225406,1.7011338557,1.70303898739,1.70493803825,1.70683110671,1.70871828722,1.71059967052,1.71247534384,1.71434539112,1.71620989316,1.71806892781,1.71992257013,1.72177089254,1.72361396497,1.72545185497,1.72728462786,1.72911234682,1.73093507299,1.73275286563,1.73456578213,1.73637387818,1.73817720779,1.7399758234,1.74176977597,1.74355911499,1.74534388862,1.7471241437,1.74889992583,1.75067127939,1.75243824767,1.75420087284,1.75595919602,1.75771325735,1.759463096,1.76120875022,1.76295025738,1.764687654,1.76642097579,1.76815025768,1.76987553384,1.77159683771,1.77331420205,1.77502765893,1.77673723981,1.77844297547,1.78014489613,1.78184303143,1.78353741042,1.78522806163,1.78691501307,1.78859829224,1.79027792614,1.7919539413,1.79362636382,1.79529521932,1.796960533,1.79862232965,1.80028063367,1.80193546903,1.80358685936,1.80523482789,1.80687939751,1.80852059077,1.81015842984,1.81179293662
119,0,0.400491982299,0.965408082662,1.19576648108,1.28386424865,1.33551846136,1.37200140789,1.39930632113,1.42063084812,1.43784227286,1.45210585528,1.46418683356,1.47460853179,1.48374084664,1.49185250096,1.49914329491,1.50576476296,1.51183382868,1.51744207987,1.52266221978,1.52755264876,1.53216077879,1.5365254713,1.54067885692,1.54464771224,1.5484545141,1.55211825603,1.55565508696,1.55907881554,1.56240131181,1.5656328298,1.56878226832,1.57185738348,1.57486496288,1.57781096926,1.58070065962,1.58353868459,1.58632917167,1.58907579536,1.59178183638,1.5944502321,1.59708361943,1.59968437159,1.60225462968,1.6047963299,1.60731122711,1.60980091522,1.61226684499,1.61471033953,1.6171326079,1.61953475694,1.62191780184,1.62428267533,1.62663023581,1.62896127463,1.6312765225,1.63357665516,1.63586229851,1.63813403311,1.64039239828,1.64263789573,1.6448709928,1.64709212547,1.64930170091,1.65150009997,1.65368767926,1.65586477316,1.65803169554,1.66018874142,1.66233618837,1.66447429789,1.6666033166,1.66872347733,1.67083500017,1.67293809332,1.67503295402,1.67711976927,1.67919871652,1.68126996439,1.68333367321,1.68538999561,1.68743907699,1.68948105603,1.69151606509,1.69354423062,1.69556567353,1.69758050956,1.69958884952,1.70159079968,1.70358646198,1.70557593429,1.70755931066,1.70953668154,1.71150813399,1.71347375182,1.71543361584,1.71738780397,1.71933639144,1.72127945087,1.72321705247,1.72514926414,1.72707615157,1.72899777838,1.73091420621,1.73282549483,1.73473170221,1.7366328846,1.73852909667,1.74042039149,1.7423068207,1.74418843452,1.7460652818,1.74793741014,1.74980486589,1.75166769424,1.75352593923,1.75537964386,1.75722885006,1.7590735988,1.76091393007,1.76274988299,1.76458149575,1.76640880576,1.76823184956,1.77005066296,1.77186528101,1.77367573801,1.7754820676,1.77728430274,1.77908247573,1.78087661828,1.78266676146,1.78445293579,1.7862351712,1.78801349711,1.7897879424,1.79155853544,1.79332530411,1.79508827582,1.79684747751,1.79860293569,1.80035467642,1.80210272535,1.80384710773,1.80558784839,1.8073249718,1.80905850206,1.81078846287,1.81251487763,1.81423776937
120,0,0.388609059344,0.949191639775,1.19066870772,1.28961322687,1.34137079019,1.3778094522,1.40498648226,1.42613317204,1.44313600927,1.45717188611,1.4690134044,1.47918870742,1.48807092615,1.49593099492,1.50297024588,1.50934128314,1.51516177903,1.52052384367,1.52550054067,1.53015051361,1.53452133223,1.53865195298,1.54257455521,1.54631593003,1.54989854352,1.55334135989,1.55666048513,1.55986967516,1.5629807404,1.56600387046,1.5689478967,1.57182050596,1.57462841574,1.57737751856,1.5800730017,1.58271944691,1.58532091401,1.58788101123,1.59040295461,1.5928896185,1.59534357855,1.5977671485,1.60016241181,1.60253124881,1.60487536027,1.60719628782,1.6094954316,1.61177406581,1.61403335222,1.61627435199,1.61849803615,1.62070529472,1.62289694488,1.62507373812,1.62723636659,1.6293854688,1.63152163459,1.63364540972,1.63575729979,1.63785777389,1.63994726785,1.64202618705,1.64409490914,1.6461537863,1.64820314741,1.65024329997,1.65227453179,1.65429711264,1.6563112956,1.65831731841,1.66031540465,1.66230576478,1.66428859717,1.66626408895,1.66823241688,1.67019374805,1.67214824061,1.67409604437,1.67603730141,1.67797214659,1.67990070803,1.68182310759,1.68373946128,1.68564987963,1.68755446804,1.68945332714,1.69134655305,1.69323423769,1.69511646905,1.69699333137,1.69886490545,1.70073126879,1.7025924958,1.70444865802,1.70629982421,1.70814606058,1.70998743089,1.7118239966,1.71365581701,1.71548294933,1.71730544886,1.71912336904,1.72093676156,1.72274567645,1.7245501622,1.72635026576,1.7281460327,1.72993750721,1.73172473224,1.73350774947,1.73528659946,1.73706132163,1.73883195436,1.74059853502,1.74236110002,1.74411968483,1.74587432406,1.74762505149,1.74937190006,1.75111490198,1.75285408868,1.75458949092,1.75632113876,1.7580490616,1.75977328825,1.76149384688,1.7632107651,1.76492406997,1.76663378801,1.76833994522,1.77004256712,1.77174167872,1.7734373046,1.77512946889,1.77681819528,1.77850350706,1.78018542711,1.78186397793,1.78353918163,1.78521105999,1.78687963441,1.78854492595,1.79020695538,1.7918657431,1.79352130924,1.79517367361,1.79682285575,1.79846887488,1.80011175
121,0,0.288127157413,0.91680858506,1.19095691095,1.29563014034,1.34656285524,1.38222211655,1.40867013145,1.42913589889,1.44550166992,1.45893986055,1.47021890925,1.47986325879,1.48824280871,1.49562568836,1.50221079648,1.50814862153,1.51355499009,1.51852039537,1.5231164784,1.52740062564,1.53141929115,1.53521043713,1.53880535339,1.54223003212,1.54550621938,1.54865222818,1.55168357377,1.55461347444,1.55745325,1.56021264111,1.56290006725,1.56552283649,1.56808731718,1.57059907932,1.57306301161,1.5754834189,1.57786410368,1.58020843463,1.58251940441,1.58479967873,1.58705163806,1.58927741331,1.59147891637,1.59365786642,1.59581581264,1.59795415383,1.60007415551,1.60217696476,1.60426362319,1.60633507828,1.60839219339,1.61043575647,1.61246648785,1.61448504699,1.61649203859,1.61848801792,1.62047349557,1.62244894175,1.62441479003,1.62637144074,1.62831926397,1.63025860237,1.63218977348,1.634113072,1.63602877175,1.63793712744,1.63983837629,1.64173273949,1.64362042349,1.64550162127,1.64737651332,1.64924526873,1.65110804602,1.65296499398,1.65481625243,1.65666195289,1.6585022192,1.66033716808,1.66216690968,1.66399154805,1.66581118155,1.66762590331,1.66943580152,1.67124095987,1.67304145777,1.67483737069,1.67662877043,1.67841572535,1.6801983006,1.68197655831,1.68375055784,1.68552035589,1.68728600675,1.68904756235,1.69080507249,1.69255858496,1.6943081456,1.6960537985,1.69779558607,1.6995335491,1.70126772692,1.70299815746,1.70472487731,1.70644792181,1.70816732515,1.70988312038,1.7115953395,1.71330401353,1.71500917253,1.7167108457,1.71840906135,1.72010384703,1.72179522951,1.72348323484,1.72516788839,1.72684921489,1.72852723843,1.73020198251,1.73187347009,1.73354172359,1.73520676491,1.73686861546,1.73852729621,1.74018282766,1.7418352299,1.74348452262,1.74513072511,1.74677385629,1.74841393474,1.75005097869,1.75168500602,1.75331603434,1.75494408092,1.75656916276,1.75819129658,1.75981049883,1.7614267857,1.76304017312,1.76465067682,1.76625831225,1.76786309466,1.76946503909,1.77106416037,1.77266047311,1.77425399175,1.77584473054,1.77743270352,1.77901792458,1.78060040744
122,0,0.488312992005,1.10436615555,1.30872109101,1.38035288533,1.4267144937,1.45940798637,1.48385270373,1.50293456494,1.51833580561,1.53110442828,1.54192754957,1.55127433262,1.55947588845,1.56677240728,1.57334221689,1.57932037527,1.58481094829,1.58989534108,1.59463808718,1.59909095606,1.60329592183,1.60728734466,1.61109359764,1.61473829648,1.61824124034,1.62161913979,1.62488618572,1.62805449818,1.63113448365,1.63413512152,1.6370641957,1.63992848308,1.64273390784,1.64548566872,1.64818834433,1.65084598104,1.65346216648,1.65604009137,1.65858260185,1.66109224377,1.66357130055,1.66602182547,1.66844566942,1.6708445048,1.67321984619,1.67557306824,1.67790542124,1.68021804468,1.68251197916,1.68478817675,1.68704751014,1.68929078073,1.69151872571,1.69373202436,1.69593130365,1.69811714319,1.70029007964,1.70245061067,1.70459919848,1.70673627297,1.70886223453,1.71097745662,1.71308228806,1.71517705508,1.71726206319,1.71933759886,1.72140393106,1.72346131262,1.72550998153,1.72755016201,1.72958206564,1.73160589223,1.73362183073,1.73563006,1.73763074956,1.73962406021,1.74161014467,1.74358914812,1.74556120875,1.74752645815,1.74948502184,1.75143701961,1.75338256588,1.75532177009,1.75725473699,1.7591815669,1.76110235604,1.76301719672,1.76492617761,1.76682938395,1.76872689774,1.77061879792,1.77250516055,1.77438605899,1.77626156401,1.77813174397,1.77999666492,1.78185639074,1.78371098324,1.78556050229,1.78740500588,1.78924455025,1.79107918997,1.79290897801,1.79473396581,1.7965542034,1.79836973939,1.80018062112,1.80198689464,1.80378860483,1.80558579541,1.80737850903,1.80916678726,1.81095067071,1.812730199,1.81450541085,1.81627634408,1.81804303569,1.81980552185,1.82156383796,1.82331801867,1.8250680979,1.82681410889,1.8285560842,1.83029405576,1.83202805488,1.83375811226,1.83548425802,1.83720652176,1.83892493249,1.84063951875,1.84235030854,1.8440573294,1.8457606084,1.84746017212,1.84915604676,1.85084825803,1.85253683128,1.85422179142,1.855903163,1.85758097017,1.85925523672,1.86092598609,1.86259324138,1.86425702533,1.86591736038,1.86757426862,1.86922777187,1.87087789161
123,0,0.462721001916,0.987181400432,1.21026378767,1.30388619111,1.35181975597,1.38546100287,1.41047815553,1.42989091216,1.44545992522,1.45828217012,1.46907686467,1.47833503192,1.48640313385,1.49353241663,1.49990934016,1.50567505089,1.51093824224,1.51578388199,1.52027927689,1.52447837547,1.52842487797,1.53215452119,1.5356967825,1.53907616754,1.54231319536,1.54542516043,1.54842672814,1.55133040446,1.55414690959,1.55688547763,1.55955409866,1.5621597157,1.56470838595,1.56720541357,1.56965545974,1.57206263423,1.57443057206,1.57676249802,1.57906128104,1.58132948042,1.58356938511,1.58578304734,1.58797231145,1.59013883866,1.59228412856,1.59440953761,1.59651629528,1.59860551813,1.60067822203,1.60273533294,1.60477769634,1.60680608553,1.60882120896,1.61082371671,1.61281420623,1.61479322742,1.61676128719,1.61871885344,1.62066635876,1.62260420357,1.62453275903,1.62645236966,1.62836335566,1.63026601497,1.63216062521,1.63404744538,1.63592671736,1.63779866736,1.63966350717,1.64152143529,1.643372638,1.64521729031,1.64705555679,1.64888759242,1.65071354326,1.65253354713,1.65434773421,1.65615622762,1.65795914386,1.65975659333,1.66154868077,1.66333550559,1.66511716228,1.66689374073,1.66866532653,1.67043200129,1.67219384282,1.67395092547,1.67570332028,1.67745109522,1.67919431539,1.68093304316,1.68266733837,1.68439725847,1.68612285867,1.68784419206,1.68956130974,1.69127426093,1.69298309309,1.694687852,1.69638858188,1.69808532545,1.699778124,1.70146701753,1.70315204473,1.70483324314,1.70651064913,1.70818429801,1.70985422407,1.71152046062,1.71318304006,1.7148419939,1.71649735281,1.71814914668,1.71979740465,1.7214421551,1.72308342576,1.72472124367,1.72635563527,1.72798662637,1.72961424223,1.73123850753,1.73285944646,1.73447708267,1.73609143934,1.73770253919,1.73931040449,1.74091505708,1.74251651839,1.74411480944,1.74570995089,1.74730196303,1.74889086578,1.75047667873,1.75205942115,1.75363911199,1.75521576987,1.75678941316,1.75836005989,1.75992772786,1.76149243459,1.76305419733,1.76461303308,1.76616895862,1.76772199048,1.76927214494,1.77081943811,1.77236388584,1.7739055038
124,0,0.360090658755,1.00671584405,1.26150546119,1.34444415156,1.38904763216,1.42012879672,1.44308594455,1.46078648527,1.47489744965,1.48645451313,1.49613476757,1.50439915494,1.51157197679,1.51788772617,1.5235199184,1.52859950977,1.53322704135,1.53748086631,1.54142285726,1.54510244895,1.54855955505,1.55182670757,1.55493064957,1.55789353673,1.56073385496,1.56346712894,1.56610647479,1.56866303524,1.57114632514,1.57356450812,1.5759246196,1.57823274792,1.58049418231,1.58271353459,1.58489483971,1.58704163933,1.58915705168,1.59124383007,1.59330441232,1.59534096249,1.59735540643,1.59934946201,1.60132466506,1.60328239162,1.60522387711,1.60715023291,1.6090624607,1.61096146495,1.61284806381,1.6147229986,1.61658694211,1.61844050597,1.62028424702,1.62211867299,1.62394424753,1.62576139461,1.62757050249,1.6293719272,1.63116599563,1.63295300834,1.634733242,1.63650695167,1.63827437269,1.64003572256,1.6417912025,1.64354099886,1.64528528448,1.64702421983,1.64875795407,1.650486626,1.65221036496,1.65392929157,1.65564351849,1.65735315104,1.65905828779,1.66075902112,1.66245543767,1.66414761884,1.66583564114,1.66751957661,1.66919949314,1.67087545477,1.67254752201,1.67421575207,1.6758801991,1.67754091446,1.67919794686,1.68085134259,1.68250114564,1.68414739795,1.68579013947,1.68742940831,1.68906524092,1.69069767213,1.69232673532,1.69395246246,1.69557488426,1.69719403019,1.69880992863,1.70042260688,1.70203209125,1.70363840714,1.70524157907,1.70684163074,1.70843858511,1.71003246438,1.7116232901,1.71321108319,1.71479586396,1.71637765214,1.71795646697,1.71953232714,1.72110525091,1.72267525606,1.72424235996,1.72580657959,1.72736793153,1.72892643202,1.73048209696,1.73203494192,1.73358498216,1.73513223266,1.73667670811,1.73821842297,1.7397573914,1.74129362737,1.74282714459,1.74435795657,1.7458860766,1.74741151779,1.74893429305,1.7504544151,1.75197189651,1.75348674965,1.75499898677,1.75650861993,1.75801566107,1.75952012197,1.76102201428,1.76252134953,1.7640181391,1.76551239427,1.76700412618,1.76849334588,1.76998006429,1.77146429223,1.77294604042,1.77442531947,1.7759021399
125,0,0.198786721481,0.86760086848,1.16113906736,1.27212464616,1.32565465715,1.36312824866,1.39091744317,1.41241659203,1.42960450435,1.44371383547,1.45555256313,1.46567214992,1.47446157551,1.48220281482,1.48910504734,1.49532654699,1.50098913741,1.50618800063,1.51099849205,1.51548097515,1.51968431506,1.5236484451,1.52740628032,1.53098516332,1.53440797018,1.53769396566,1.54085947133,1.54391839244,1.54688263699,1.54976245169,1.55256669328,1.55530304924,1.55797821838,1.56059805958,1.56316771489,1.56569171212,1.56817405051,1.57061827288,1.57302752645,1.57540461441,1.57775203987,1.58007204336,1.58236663497,1.58463762204,1.58688663306,1.58911513831,1.59132446784,1.59351582708,1.59569031053,1.59784891366,1.59999254344,1.60212202751,1.60423812238,1.60634152054,1.60843285686,1.61051271424,1.61258162859,1.61464009335,1.61668856339,1.61872745867,1.62075716736,1.62277804871,1.62479043563,1.62679463701,1.62879093976,1.63077961073,1.63276089837,1.63473503428,1.6367022346,1.63866270126,1.64061662312,1.64256417702,1.64450552873,1.64644083378,1.64837023829,1.65029387965,1.65221188718,1.65412438275,1.65603148133,1.65793329146,1.65982991574,1.66172145124,1.66360798991,1.66548961891,1.66736642096,1.66923847465,1.67110585468,1.67296863217,1.67482687488,1.67668064741,1.67853001144,1.68037502587,1.68221574707,1.68405222896,1.68588452323,1.68771267941,1.68953674508,1.69135676593,1.69317278588,1.69498484721,1.69679299064,1.69859725544,1.70039767946,1.70219429927,1.70398715023,1.70577626649,1.70756168114,1.70934342622,1.7111215328,1.712896031,1.71466695007,1.71643431844,1.71819816372,1.7199585128,1.72171539184,1.72346882632,1.72521884108,1.72696546036,1.72870870781,1.73044860651,1.73218517903,1.73391844743,1.73564843328,1.73737515771,1.73909864138,1.74081890456,1.74253596711,1.7442498485,1.74596056783,1.74766814386,1.74937259499,1.75107393932,1.75277219463,1.75446737838,1.75615950779,1.75784859974,1.7595346709,1.76121773766,1.76289781616,1.7645749223,1.76624907176,1.76792028,1.76958856226,1.77125393356,1.77291640874,1.77457600245,1.77623272913,1.77788660305,1.77953763832
126,0,0.416863607907,0.98198766132,1.22394848854,1.32432023655,1.36841716069,1.39907179471,1.42167204992,1.43905810341,1.45288217795,1.46417130912,1.47359726431,1.48161755647,1.48855419653,1.49464009896,1.50004766121,1.50490702857,1.50931814068,1.51335889559,1.51709081501,1.52056305822,1.52381531899,1.52687995098,1.52978355033,1.5325481499,1.53519213152,1.53773093049,1.54017758524,1.54254317016,1.54483713939,1.54706760202,1.54924154413,1.55136500898,1.55344324437,1.55548082374,1.55748174633,1.55944952036,1.56138723263,1.56329760676,1.56518305244,1.56704570701,1.56888747081,1.57071003734,1.57251491911,1.57430346976,1.57607690317,1.57783630999,1.57958267189,1.58131687404,1.58303971593,1.58475192082,1.58645414401,1.58814698019,1.58983096973,1.59150660442,1.59317433239,1.59483456257,1.59648766854,1.59813399209,1.59977384622,1.60140751798,1.6030352709,1.60465734718,1.60627396967,1.60788534368,1.6094916585,1.6110930889,1.61268979637,1.61428193031,1.61586962907,1.6174530209,1.61903222479,1.6206073513,1.62217850322,1.62374577621,1.62530925942,1.62686903599,1.62842518354,1.62997777462,1.6315268771,1.63307255454,1.63461486652,1.63615386898,1.63768961445,1.63922215235,1.64075152919,1.64227778882,1.64380097262,1.64532111967,1.64683826693,1.64835244937,1.64986370017,1.65137205079,1.65287753111,1.65438016958,1.65587999325,1.65737702793,1.65887129825,1.66036282773,1.66185163889,1.66333775329,1.6648211916,1.66630197366,1.66778011856,1.66925564464,1.67072856958,1.67219891044,1.67366668368,1.67513190521,1.67659459044,1.67805475427,1.67951241118,1.6809675752,1.68242025998,1.6838704788,1.68531824457,1.68676356989,1.68820646704,1.68964694803,1.69108502457,1.69252070814,1.69395400995,1.69538494101,1.69681351209,1.69823973378,1.69966361646,1.70108517035,1.70250440547,1.7039213317,1.70533595876,1.70674829623,1.70815835355,1.70956614002,1.71097166484,1.71237493706,1.71377596563,1.71517475942,1.71657132716,1.71796567751,1.71935781901,1.72074776014,1.72213550929,1.72352107475,1.72490446475,1.72628568744,1.7276647509,1.72904166315,1.73041643213,1.73178906572,1.73315957174
127,0,0.430951231955,1.08604696339,1.29447343841,1.36356778091,1.40806448201,1.43929365665,1.46253771609,1.48060455724,1.49512800683,1.50712409568,1.51725778851,1.52598230665,1.53361692921,1.54039283753,1.54648135065,1.55201197254,1.55708429736,1.56177607949,1.56614883534,1.57025181363,1.57412486194,1.57780053073,1.58130564085,1.584662467,1.58788964229,1.59100285721,1.59401540541,1.59693861372,1.59978218404,1.60255446721,1.60526268411,1.60791310541,1.61051119854,1.61306174872,1.61556895905,1.61803653389,1.62046774851,1.62286550763,1.62523239484,1.62757071445,1.62988252716,1.63216968042,1.63443383458,1.63667648528,1.63889898282,1.64110254893,1.64328829131,1.6454572163,1.64761023993,1.64974819759,1.65187185256,1.65398190345,1.65607899078,1.65816370283,1.66023658078,1.66229812324,1.6643487904,1.66638900757,1.66841916845,1.67043963801,1.67245075508,1.67445283464,1.67644616997,1.67843103443,1.68040768325,1.68237635498,1.68433727291,1.68629064627,1.68823667143,1.69017553286,1.69210740411,1.69403244861,1.69595082048,1.69786266523,1.69976812037,1.70166731604,1.70356037551,1.70544741569,1.7073285476,1.70920387673,1.71107350348,1.71293752345,1.71479602783,1.71664910362,1.71849683397,1.72033929839,1.722176573,1.72400873073,1.72583584154,1.7276579726,1.72947518843,1.73128755111,1.73309512038,1.73489795379,1.73669610686,1.73848963314,1.74027858436,1.74206301053,1.74384296002,1.74561847965,1.74738961479,1.74915640941,1.75091890618,1.75267714652,1.75443117068,1.75618101777,1.75792672585,1.75966833197,1.76140587219,1.76313938167,1.76486889468,1.76659444468,1.76831606431,1.77003378546,1.77174763927,1.7734576562,1.77516386606,1.77686629799,1.77856498054,1.78025994166,1.78195120875,1.78363880866,1.78532276772,1.78700311178,1.78867986618,1.79035305582,1.79202270516,1.7936888382,1.79535147856,1.79701064944,1.79866637368,1.80031867371,1.80196757164,1.80361308922,1.80525524784,1.80689406861,1.80852957228,1.81016177932,1.8117907099,1.8134163839,1.81503882094,1.81665804034,1.81827406117,1.81988690225,1.82149658215,1.8231031192,1.8247065315,1.82630683689,1.82790405304
128,0,0.419608042001,0.994303460721,1.23115881991,1.32233729435,1.37233872621,1.40752334892,1.43375677961,1.45416615855,1.47057612605,1.48412437518,1.49555738804,1.5053851982,1.51396796796,1.52156709186,1.52837672371,1.53454396034,1.54018217733,1.5453800829,1.55020801207,1.55472239458,1.55896898535,1.5629852392,1.56680208258,1.57044525315,1.57393632508,1.57729350258,1.5805322402,1.58366573245,1.58670530344,1.58966071961,1.59254044241,1.59535183407,1.59810132611,1.60079455818,1.60343649326,1.60603151348,1.60858350048,1.611095903,1.61357179391,1.61601391877,1.61842473705,1.62080645745,1.62316106827,1.62549036345,1.62779596518,1.63007934342,1.63234183294,1.6345846481,1.63680889587,1.63901558711,1.64120564662,1.64337992189,1.64553919089,1.64768416891,1.64981551467,1.65193383571,1.65403969322,1.65613360635,1.65821605602,1.66028748836,1.66234831783,1.66439892993,1.66643968373,1.6684709141,1.67049293374,1.672506035,1.67451049157,1.67650655992,1.6784944807,1.68047448,1.68244677043,1.68441155215,1.68636901386,1.68831933358,1.69026267948,1.69219921057,1.69412907738,1.69605242253,1.69796938128,1.69988008209,1.70178464702,1.70368319218,1.70557582815,1.70746266031,1.70934378919,1.7112193108,1.71308931686,1.71495389516,1.7168131297,1.71866710099,1.72051588626,1.72235955961,1.72419819224,1.72603185259,1.72786060652,1.72968451743,1.73150364643,1.73331805246,1.73512779238,1.73693292111,1.73873349175,1.74052955562,1.74232116242,1.74410836026,1.74589119576,1.74766971415,1.74944395929,1.75121397379,1.75297979903,1.75474147524,1.75649904153,1.75825253599,1.7600019957,1.76174745676,1.76348895439,1.76522652292,1.76696019586,1.7686900059,1.77041598499,1.77213816433,1.77385657444,1.77557124514,1.77728220564,1.7789894845,1.78069310971,1.78239310867,1.78408950824,1.78578233476,1.78747161403,1.78915737141,1.79083963174,1.79251841943,1.79419375845,1.79586567234,1.79753418423,1.79919931688,1.80086109263,1.80251953347,1.80417466103,1.80582649661,1.80747506115,1.80912037528,1.81076245932,1.81240133327,1.81403701684,1.81566952947,1.8172988903,1.81892511821,1.82054823181
129,0,0.415884563855,1.00077198283,1.22706008336,1.30467799634,1.34965651237,1.38111612602,1.40444576575,1.42250910459,1.43697182349,1.44886932844,1.45887894352,1.46746207086,1.47494356504,1.48155849688,1.48748094981,1.49284242192,1.49774396234,1.50226439621,1.50646603235,1.51039870754,1.5141027056,1.51761089933,1.52095034568,1.52414348978,1.52720908475,1.53016290232,1.53301828737,1.53578659478,1.53847753651,1.54109945954,1.54365957017,1.54616411623,1.54861853603,1.55102758095,1.55339541679,1.55572570803,1.55802168837,1.56028621983,1.56252184265,1.56473081756,1.56691516173,1.56907667939,1.57121698815,1.57333754158,1.57543964863,1.57752449051,1.57959313532,1.5816465507,1.58368561496,1.58571112677,1.58772381364,1.58972433942,1.59171331085,1.59369128338,1.59565876632,1.59761622738,1.59956409669,1.60150277045,1.60343261411,1.60535396521,1.60726713599,1.60917241565,1.61107007242,1.61296035541,1.61484349627,1.6167197107,1.61858919981,1.62045215131,1.62230874066,1.62415913207,1.62600347936,1.62784192685,1.62967461009,1.63150165652,1.63332318612,1.635139312,1.63695014085,1.63875577348,1.64055630525,1.64235182642,1.64414242256,1.64592817489,1.64770916054,1.64948545287,1.65125712174,1.65302423371,1.6547868523,1.65654503817,1.65829884931,1.66004834123,1.6617935671,1.66353457792,1.66527142262,1.66700414825,1.66873280003,1.6704574215,1.67217805463,1.67389473986,1.67560751626,1.67731642157,1.67902149226,1.68072276364,1.68242026992,1.68411404425,1.68580411878,1.68749052473,1.68917329245,1.69085245141,1.69252803032,1.69420005711,1.69586855901,1.69753356255,1.69919509363,1.70085317752,1.70250783891,1.70415910193,1.70580699018,1.70745152673,1.7090927342,1.71073063471,1.71236524998,1.71399660126,1.71562470942,1.71724959493,1.71887127791,1.7204897781,1.72210511489,1.72371730737,1.72532637428,1.72693233409,1.72853520494,1.73013500472,1.73173175103,1.73332546121,1.73491615235,1.7365038413,1.73808854465,1.7396702788,1.74124905989,1.74282490388,1.74439782651,1.7459678433,1.7475349696,1.74909922057,1.75066061118,1.75221915622,1.75377487031,1.75532776791,1.75687786329
130,0,0.360098507407,0.967655103953,1.2324524181,1.33978338835,1.39356797027,1.43140244351,1.45959173624,1.4815001651,1.49909231997,1.51359404566,1.52581020447,1.53629106212,1.54542541822,1.55349560615,1.56071144037,1.56723195978,1.57317980032,1.57865095693,1.58372157287,1.58845276087,1.59289409047,1.59708615253,1.6010624731,1.6048509612,1.60847501712,1.61195439055,1.61530585163,1.61854372074,1.62168029026,1.62472616314,1.62769052663,1.63058137516,1.63340569294,1.6361696045,1.63887849955,1.64153713693,1.64414973175,1.64672002876,1.64925136424,1.65174671868,1.65420876157,1.65663988979,1.65904226048,1.66141781947,1.66376832576,1.6660953728,1.66840040693,1.67068474354,1.67294958116,1.67519601376,1.6774250417,1.67963758119,1.68183447283,1.68401648902,1.68618434061,1.68833868278,1.69048012029,1.69260921218,1.69472647589,1.69683239106,1.69892740287,1.70101192503,1.70308634252,1.70515101402,1.70720627414,1.70925243536,1.71128978989,1.71331861128,1.7153391559,1.71735166429,1.71935636241,1.72135346272,1.72334316521,1.72532565837,1.72730111996,1.72926971787,1.73123161078,1.73318694884,1.73513587426,1.73707852186,1.73901501957,1.74094548892,1.74287004545,1.7447887991,1.7467018546,1.7486093118,1.75051126596,1.75240780807,1.75429902512,1.75618500029,1.75806581328,1.75994154041,1.76181225492,1.7636780271,1.76553892446,1.76739501191,1.76924635191,1.77109300459,1.77293502788,1.77477247767,1.77660540787,1.77843387055,1.78025791602,1.78207759293,1.78389294838,1.78570402794,1.78751087579,1.78931353477,1.79111204641,1.79290645107,1.79469678791,1.79648309503,1.79826540945,1.80004376721,1.80181820338,1.80358875214,1.80535544679,1.8071183198,1.80887740287,1.8106327269,1.81238432211,1.81413221799,1.81587644338,1.81761702649,1.81935399489,1.8210873756,1.82281719505,1.82454347914,1.82626625324,1.82798554223,1.8297013705,1.83141376199,1.83312274018,1.83482832812,1.83653054845,1.83822942342,1.83992497487,1.84161722428,1.84330619279,1.84499190115,1.84667436981,1.84835361887,1.85002966813,1.85170253709,1.85337224493,1.85503881057,1.85670225263,1.85836258948,1.86001983921
131,0,0.336925159267,0.943090761839,1.1999634186,1.2930392668,1.34133233674,1.37510526749,1.4001343312,1.41949264659,1.43496964087,1.44767874996,1.45834902192,1.46747753129,1.47541454059,1.48241370795,1.4886630246,1.49430459748,1.49944770416,1.50417764551,1.50856189242,1.51265444368,1.516498973,1.52013113956,1.52358030954,1.52687085621,1.53002315364,1.53305434479,1.53597894111,1.53880929522,1.54155597652,1.54422807221,1.54683343025,1.54937885686,1.55187027805,1.55431287251,1.5567111817,1.55906920128,1.56139045771,1.56367807247,1.56593481634,1.5681631553,1.57036528968,1.57254318748,1.574698613,1.57683315142,1.57894823,1.58104513648,1.58312503492,1.58518897964,1.58723792729,1.58927274742,1.59129423174,1.59330310233,1.59530001879,1.59728558458,1.59926035266,1.60122483044,1.60317948423,1.60512474316,1.60706100269,1.60898862774,1.61090795551,1.61281929799,1.61472294418,1.61661916217,1.61850820093,1.62039029196,1.62226565079,1.62413447831,1.62599696198,1.62785327694,1.62970358702,1.6315480456,1.63338679651,1.63521997471,1.63704770702,1.63887011273,1.64068730415,1.64249938718,1.64430646175,1.64610862225,1.64790595797,1.64969855343,1.65148648875,1.65326983992,1.65504867913,1.65682307501,1.65859309286,1.66035879492,1.66212024051,1.66387748628,1.66563058635,1.6673795925,1.66912455429,1.67086551923,1.67260253289,1.67433563902,1.67606487968,1.67779029531,1.67951192488,1.68122980592,1.68294397465,1.68465446601,1.68636131379,1.68806455064,1.68976420819,1.69146031706,1.69315290694,1.69484200661,1.69652764406,1.69820984645,1.69988864019,1.701564051,1.70323610391,1.7049048233,1.70657023296,1.70823235609,1.70989121534,1.71154683284,1.71319923021,1.71484842862,1.71649444876,1.71813731089,1.71977703488,1.72141364018,1.72304714587,1.72467757068,1.72630493298,1.72792925081,1.7295505419,1.73116882368,1.73278411327,1.73439642753,1.73600578303,1.73761219609,1.73921568279,1.74081625896,1.74241394019,1.74400874186,1.74560067913,1.74718976695,1.74877602007,1.75035945305,1.75194008026,1.75351791588,1.75509297393,1.75666526825,1.75823481251,1.75980162023,1.76136570476
132,0,0.441061519024,1.00253310212,1.23337556076,1.32181342083,1.36787265461,1.40008158011,1.42395327445,1.44241985699,1.45718813206,1.46931982229,1.47950992797,1.48823218806,1.49582033987,1.50251601715,1.50849825897,1.51390237543,1.51883239539,1.52336950589,1.52757791109,1.53150898532,1.53520427189,1.53869768426,1.54201714608,1.54518582929,1.54822310056,1.55114525254,1.55396607478,1.55669730357,1.55934897952,1.56192973397,1.5644470202,1.56690730129,1.56931620381,1.57167864418,1.5739989334,1.57628086398,1.57852778274,1.58074265191,1.58292810067,1.58508646883,1.58721984398,1.5893300932,1.5914188902,1.59348773873,1.5955379927,1.5975708736,1.59958748564,1.60158882891,1.60357581085,1.60554925632,1.60750991635,1.60945847596,1.61139556092,1.6133217438,1.61523754926,1.61714345883,1.61903991507,1.62092732529,1.62280606491,1.62467648042,1.62653889201,1.62839359602,1.63024086701,1.63208095969,1.63391411071,1.63574054014,1.63756045294,1.63937404018,1.64118148023,1.64298293978,1.64477857482,1.64656853144,1.64835294667,1.65013194915,1.65190565981,1.65367419245,1.65543765426,1.65719614634,1.65894976416,1.66069859794,1.66244273304,1.66418225034,1.6659172265,1.66764773434,1.669373843,1.6710956183,1.67281312289,1.67452641649,1.67623555611,1.67794059617,1.67964158872,1.68133858359,1.68303162849,1.68472076921,1.68640604966,1.68808751205,1.68976519699,1.69143914354,1.69310938936,1.69477597073,1.69643892272,1.69809827916,1.69975407278,1.70140633525,1.70305509725,1.70470038848,1.70634223779,1.70798067317,1.70961572181,1.71124741014,1.71287576388,1.71450080806,1.71612256709,1.71774106473,1.7193563242,1.72096836812,1.72257721863,1.72418289734,1.72578542538,1.72738482345,1.72898111178,1.73057431021,1.73216443818,1.73375151474,1.7353355586,1.7369165881,1.73849462125,1.74006967575,1.74164176899,1.74321091808,1.74477713982,1.74634045076,1.74790086718,1.74945840512,1.75101308038,1.7525649085,1.75411390483,1.75566008448,1.75720346237,1.7587440532,1.76028187148,1.76181693155,1.76334924753,1.7648788334,1.76640570295,1.76792986981,1.76945134744,1.77097014916,1.77248628811
133,0,0.376798249627,0.942586762881,1.18299244361,1.27733900511,1.32765559253,1.36301050168,1.38933366627,1.4097849269,1.42620708668,1.43974859222,1.45116260487,1.46096346218,1.46951418023,1.47707808819,1.48385067382,1.48997996518,1.49557999331,1.50073992956,1.50553043606,1.51000817208,1.51421905147,1.51820063646,1.52198392304,1.52559469046,1.52905453387,1.53238166317,1.53559152738,1.53869730721,1.54171030705,1.54464026929,1.54749562845,1.55028371782,1.55301093876,1.55568290017,1.558304534,1.56088019152,1.56341372385,1.56590854975,1.56836771279,1.57079392999,1.57318963309,1.57555700395,1.57789800491,1.58021440484,1.58250780176,1.58477964235,1.58703123895,1.58926378439,1.59147836485,1.5936759713,1.59585750935,1.59802380808,1.60017562776,1.60231366668,1.60443856722,1.6065509212,1.60865127474,1.61074013247,1.61281796135,1.61488519411,1.61694223229,1.61898944898,1.62102719132,1.62305578268,1.62507552469,1.62708669905,1.62908956916,1.63108438162,1.63307136755,1.63505074385,1.63702271426,1.63898747041,1.64094519274,1.64289605132,1.64484020664,1.64677781029,1.64870900564,1.65063392839,1.65255270712,1.65446546382,1.65637231429,1.65827336861,1.6601687315,1.6620585027,1.66394277726,1.66582164587,1.66769519514,1.66956350787,1.67142666326,1.67328473715,1.67513780224,1.67698592824,1.6788291821,1.68066762813,1.6825013282,1.68433034183,1.68615472635,1.68797453703,1.6897898272,1.69160064833,1.69340705015,1.69520908073,1.69700678661,1.69880021282,1.700589403,1.70237439947,1.70415524325,1.70593197422,1.70770463107,1.70947325142,1.71123787187,1.71299852803,1.71475525458,1.71650808528,1.71825705308,1.7200021901,1.72174352766,1.72348109637,1.72521492613,1.72694504613,1.72867148494,1.7303942705,1.73211343014,1.73382899063,1.73554097819,1.7372494185,1.73895433675,1.74065575763,1.74235370537,1.74404820373,1.74573927606,1.74742694528,1.74911123389,1.75079216403,1.75246975745,1.75414403554,1.75581501932,1.75748272951,1.75914718646,1.76080841024,1.76246642058,1.76412123695,1.7657728785,1.76742136411,1.7690667124,1.77070894172,1.77234807015,1.77398411556,1.77561709555
134,0,0.435008275964,1.03121393668,1.25032261107,1.32074731668,1.36326822345,1.39294080722,1.41490084699,1.43187390132,1.44544330552,1.45659206028,1.46596242407,1.47399138312,1.48098623141,1.48716906496,1.49270416023,1.49771545681,1.50229807928,1.50652613983,1.51045814895,1.51414084653,1.51761196503,1.52090225557,1.52403699571,1.5270371267,1.52992012164,1.53270065569,1.53539112868,1.53800207655,1.5405424979,1.54302011541,1.54544158657,1.54781267473,1.55013838889,1.55242309855,1.55467062869,1.55688433864,1.55906718801,1.5612217919,1.56335046757,1.56545527378,1.56753804435,1.56960041666,1.57164385614,1.57366967724,1.57567906152,1.57767307327,1.57965267307,1.58161872953,1.5835720296,1.58551328749,1.58744315253,1.58936221608,1.59127101757,1.59317004987,1.59505976399,1.59694057331,1.59881285723,1.60067696453,1.60253321627,1.6043819084,1.60622331416,1.60805768611,1.60988525805,1.61170624667,1.6135208531,1.61532926426,1.61713165409,1.61892818465,1.62071900713,1.62250426278,1.62428408367,1.62605859352,1.62782790832,1.62959213695,1.63135138176,1.63310573907,1.63485529963,1.63660014906,1.63834036822,1.6400760336,1.64180721759,1.64353398882,1.64525641242,1.64697455028,1.64868846126,1.65039820142,1.65210382422,1.65380538067,1.65550291952,1.6571964874,1.65888612899,1.66057188711,1.66225380284,1.66393191569,1.66560626361,1.66727688319,1.66894380965,1.67060707699,1.67226671802,1.67392276448,1.67557524705,1.67722419547,1.67886963852,1.68051160417,1.68215011953,1.68378521097,1.68541690412,1.68704522394,1.68867019472,1.69029184015,1.69191018333,1.69352524682,1.69513705265,1.69674562235,1.69835097697,1.69995313714,1.70155212301,1.70314795439,1.70474065064,1.70633023079,1.70791671349,1.70950011707,1.71108045954,1.71265775858,1.71423203159,1.71580329567,1.71737156768,1.71893686419,1.72049920153,1.72205859578,1.72361506279,1.72516861821,1.72671927745,1.72826705571,1.72981196801,1.73135402915,1.73289325378,1.73442965634,1.7359632511,1.73749405218,1.7390220735,1.74054732886,1.74206983188,1.74358959605,1.7451066347,1.74662096102,1.74813258806,1.74964152876,1.7511477959
135,0,0.310218876577,0.971111331076,1.23579965196,1.32270245789,1.37084893372,1.40452583652,1.42949038561,1.44880517503,1.4642533057,1.47694416787,1.48760409658,1.49672827743,1.50466561711,1.51166877577,1.51792499437,1.52357580555,1.52873004045,1.53347264821,1.53787081935,1.5419783268,1.54583866076,1.54948732998,1.5529535765,1.55626167049,1.55943189987,1.56248133523,1.56542442702,1.56827347613,1.57103900801,1.57373007238,1.57635448512,1.57891902496,1.58142959428,1.58389135145,1.58630882039,1.58868598166,1.59102634865,1.59333303159,1.59560879152,1.59785608605,1.60007710824,1.60227381988,1.60444797994,1.60660116899,1.60873481043,1.61085018864,1.61294846491,1.61503069123,1.6170978223,1.61915072608,1.62119019302,1.62321694419,1.62523163844,1.62723487869,1.62922721753,1.63120916221,1.63318117899,1.63514369709,1.63709711217,1.63904178947,1.64097806657,1.64290625594,1.64482664712,1.6467395088,1.64864509061,1.65054362474,1.65243532747,1.65432040045,1.65619903194,1.65807139791,1.65993766303,1.66179798156,1.66365249819,1.66550134877,1.66734466103,1.66918255514,1.67101514434,1.67284253543,1.67466482926,1.67648212112,1.67829450123,1.680102055,1.68190486346,1.68370300351,1.68549654823,1.68728556713,1.68907012641,1.69085028916,1.69262611559,1.6943976632,1.69616498697,1.69792813952,1.69968717125,1.70144213048,1.7031930636,1.70494001518,1.70668302807,1.70842214351,1.71015740122,1.71188883953,1.71361649539,1.71534040452,1.71706060143,1.71877711951,1.7204899911,1.72219924753,1.7239049192,1.72560703559,1.72730562535,1.72900071633,1.73069233561,1.73238050954,1.73406526381,1.73574662344,1.73742461284,1.73909925584,1.7407705757,1.74243859513,1.74410333638,1.74576482117,1.74742307079,1.74907810606,1.75072994741,1.75237861485,1.754024128,1.75566650613,1.75730576814,1.75894193259,1.76057501773,1.7622050415,1.76383202152,1.76545597513,1.76707691941,1.76869487115,1.7703098469,1.77192186296,1.77353093539,1.77513708002,1.77674031246,1.7783406481,1.77993810212,1.78153268953,1.7831244251,1.78471332346,1.78629939901,1.78788266601,1.78946313855,1.79104083052,1.79261575568
136,0,0.482965779364,1.01454879643,1.23153039434,1.31757134084,1.36573688151,1.3996370958,1.42492330087,1.44460708765,1.46044499431,1.4735318642,1.48458583045,1.49409740926,1.5024128834,1.50978350823,1.51639586083,1.52239126527,1.52787862441,1.53294312982,1.5376523157,1.54206035525,1.54621116672,1.55014069617,1.55387862024,1.55744963347,1.56087443341,1.56417048286,1.56735260575,1.57043345728,1.57342389806,1.57633329439,1.57916976079,1.58194035751,1.58465125223,1.58730785333,1.58991492035,1.59247665601,1.5949967832,1.59747860984,1.59992508361,1.60233883846,1.60472223416,1.60707739018,1.60940621475,1.61171042987,1.61399159297,1.61625111561,1.61849027981,1.62071025223,1.62291209659,1.62509678458,1.62726520538,1.62941817412,1.63155643928,1.63368068931,1.63579155843,1.63788963181,1.63997545021,1.64204951407,1.6441122872,1.64616420005,1.64820565272,1.65023701751,1.65225864141,1.65427084819,1.65627394032,1.6582682008,1.66025389467,1.66223127047,1.66420056159,1.66616198736,1.66811575423,1.67006205668,1.67200107816,1.67393299187,1.67585796155,1.67777614211,1.67968768033,1.68159271536,1.6834913793,1.68538379765,1.6872700898,1.68915036938,1.6910247447,1.69289331906,1.69475619109,1.69661345503,1.69846520102,1.70031151537,1.70215248075,1.70398817648,1.70581867864,1.70764406035,1.7094643919,1.7112797409,1.71309017247,1.71489574936,1.71669653207,1.718492579,1.72028394657,1.72207068927,1.72385285984,1.72563050929,1.72740368704,1.72917244099,1.73093681757,1.73269686185,1.73445261759,1.7362041273,1.73795143229,1.73969457278,1.74143358786,1.74316851565,1.74489939324,1.74662625681,1.74834914164,1.75006808215,1.75178311196,1.75349426388,1.75520156998,1.75690506163,1.75860476947,1.76030072352,1.76199295314,1.76368148708,1.76536635351,1.76704758004,1.76872519372,1.7703992211,1.77206968821,1.7737366206,1.77540004336,1.7770599811,1.77871645803,1.78036949792,1.78201912414,1.78366535966,1.78530822708,1.78694774862,1.78858394616,1.79021684121,1.79184645498,1.79347280832,1.7950959218,1.79671581566,1.79833250985,1.79994602405,1.80155637763,1.80316358972,1.80476767916
137,0,0.329393938797,0.931407224091,1.17896585375,1.26618704275,1.31300676682,1.34571375116,1.36993181864,1.38865042702,1.40360887862,1.41588857595,1.42619705543,1.43501636648,1.44268593591,1.44945139712,1.45549466353,1.46095314972,1.46593244989,1.4705149312,1.47476569783,1.47873681739,1.48247037172,1.48600069563,1.48935604438,1.49255985228,1.49563169429,1.49858802895,1.50144277816,1.50420778388,1.50689317106,1.50950763823,1.51205869202,1.51455283768,1.5169957348,1.51939232547,1.52174694025,1.52406338631,1.52634502105,1.528594814,1.53081539891,1.53300911796,1.53517805929,1.53732408906,1.5394488789,1.54155392949,1.54364059092,1.54571008026,1.5477634968,1.54980183539,1.55182599791,1.5538368035,1.55583499734,1.55782125851,1.55979620679,1.56176040878,1.56371438322,1.56565860574,1.5675935131,1.56951950688,1.57143695688,1.5733462041,1.57524756335,1.57714132569,1.57902776056,1.5809071177,1.58277962889,1.58464550947,1.58650495981,1.58835816654,1.5902053037,1.59204653381,1.59388200877,1.59571187077,1.59753625301,1.59935528047,1.6011690705,1.60297773344,1.60478137316,1.60658008754,1.6083739689,1.61016310447,1.61194757668,1.61372746359,1.61550283916,1.61727377355,1.61904033337,1.62080258198,1.62256057966,1.62431438383,1.62606404929,1.62780962831,1.62955117088,1.63128872484,1.63302233595,1.63475204815,1.63647790354,1.63819994262,1.63991820428,1.64163272598,1.6433435438,1.64505069253,1.64675420575,1.64845411589,1.65015045432,1.6518432514,1.6535325365,1.65521833814,1.65690068396,1.65857960081,1.66025511475,1.66192725117,1.66359603475,1.66526148953,1.66692363894,1.66858250583,1.6702381125,1.67189048073,1.67353963181,1.67518558654,1.67682836528,1.67846798797,1.68010447412,1.68173784287,1.68336811299,1.68499530287,1.68661943059,1.68824051389,1.68985857019,1.69147361662,1.69308567005,1.69469474703,1.69630086389,1.69790403667,1.69950428119,1.70110161304,1.70269604757,1.70428759992,1.70587628502,1.7074621176,1.70904511219,1.71062528316,1.71220264465,1.71377721067,1.71534899504,1.71691801141,1.71848427328,1.720047794,1.72160858675,1.72316666459,1.72472204044
138,0,0.365449045358,1.0500231723,1.26694856515,1.32908450418,1.36867197771,1.39616825841,1.41642970431,1.43202788317,1.44445344982,1.4546298933,1.46315930967,1.47045048927,1.47679028466,1.48238557122,1.48738903375,1.49191561187,1.49605332462,1.49987059163,1.50342130364,1.50674840808,1.50988649196,1.51286367331,1.51570300696,1.51842354343,1.52104113631,1.52356906461,1.52601851746,1.52839897521,1.53071851142,1.53298403433,1.53520148122,1.53737597597,1.53951195756,1.54161328561,1.54368332746,1.54572503033,1.54774098164,1.54973345943,1.55170447478,1.55365580773,1.55558903769,1.55750556929,1.55940665459,1.56129341198,1.56316684255,1.56502784409,1.56687722337,1.56871570659,1.57054394866,1.57236254116,1.57417201935,1.57597286832,1.57776552837,1.57955039977,1.58132784689,1.58309820196,1.58486176831,1.58661882325,1.58836962068,1.59011439338,1.59185335503,1.59358670204,1.59531461521,1.59703726116,1.59875479365,1.60046735476,1.60217507592,1.60387807892,1.60557647669,1.60727037414,1.60895986884,1.61064505161,1.61232600718,1.6140028146,1.61567554781,1.617344276,1.61900906403,1.62066997279,1.62232705948,1.62398037796,1.62562997896,1.62727591036,1.62891821743,1.63055694298,1.63219212759,1.63382380977,1.6354520261,1.63707681139,1.63869819883,1.64031622006,1.64193090533,1.64354228358,1.64515038253,1.64675522879,1.64835684789,1.64995526443,1.65155050208,1.65314258365,1.65473153121,1.65631736605,1.6579001088,1.65947977946,1.66105639741,1.66262998149,1.66420055002,1.66576812081,1.66733271124,1.66889433825,1.67045301836,1.67200876774,1.67356160219,1.67511153718,1.67665858786,1.67820276908,1.67974409543,1.68128258122,1.68281824052,1.68435108714,1.6858811347,1.68740839659,1.68893288601,1.69045461595,1.69197359924,1.69348984853,1.69500337631,1.69651419491,1.69802231651,1.69952775315,1.70103051673,1.70253061904,1.70402807171,1.70552288628,1.70701507417,1.70850464667,1.70999161498,1.71147599021,1.71295778335,1.71443700529,1.71591366686,1.71738777876,1.71885935163,1.72032839603,1.72179492241,1.72325894117,1.72472046263,1.72617949701,1.72763605448,1.72909014513,1.73054177899
139,0,0.257798494686,0.894237095696,1.18051339875,1.2984112288,1.3498989593,1.38583274185,1.41239792257,1.43288561351,1.44921310313,1.4625738661,1.47374961725,1.48327348417,1.49152121453,1.49876496681,1.50520646589,1.51099821022,1.51625747053,1.52107578462,1.52552555153,1.52966470746,1.53354010324,1.53718998423,1.54064583857,1.54393379298,1.54707567977,1.55008986174,1.55299187613,1.55579494228,1.55851036511,1.56114785849,1.56371580618,1.56622147399,1.56867118333,1.57107045396,1.57342412221,1.57573643923,1.57801115321,1.58025157844,1.58246065348,1.58464099057,1.58679491756,1.58892451375,1.59103164061,1.59311796812,1.59518499757,1.59723408122,1.59926643943,1.60128317546,1.60328528848,1.6052736849,1.6072491883,1.60921254817,1.61116444764,1.61310551022,1.61503630584,1.61695735616,1.61886913933,1.62077209415,1.62266662386,1.62455309946,1.62643186272,1.62830322885,1.63016748891,1.63202491199,1.6338757471,1.63572022498,1.63755855964,1.63939094982,1.64121758024,1.64303862281,1.64485423766,1.64666457412,1.6484697716,1.65026996034,1.65206526221,1.65385579128,1.65564165451,1.65742295225,1.65919977874,1.66097222259,1.66274036721,1.66450429116,1.66626406854,1.66801976931,1.66977145956,1.67151920182,1.67326305529,1.67500307611,1.67673931752,1.67847183009,1.68020066192,1.68192585876,1.68364746422,1.68536551988,1.68708006543,1.6887911388,1.69049877628,1.6922030126,1.69390388107,1.69560141363,1.69729564096,1.69898659256,1.7006742968,1.70235878103,1.70404007158,1.70571819389,1.70739317253,1.70906503123,1.71073379298,1.71239948002,1.71406211394,1.71572171565,1.71737830548,1.71903190318,1.72068252796,1.7223301985,1.72397493304,1.72561674931,1.72725566465,1.72889169596,1.73052485978,1.73215517224,1.73378264917,1.73540730602,1.73702915796,1.73864821984,1.74026450622,1.74187803141,1.74348880945,1.74509685412,1.74670217898,1.74830479735,1.74990472236,1.75150196691,1.75309654371,1.75468846529,1.75627774399,1.75786439198,1.75944842126,1.76102984369,1.76260867095,1.76418491459,1.76575858602,1.7673296965,1.76889825717,1.77046427904,1.772027773,1.77358874982,1.77514722016
140,0,0.45797265989,1.0367008061,1.27424051562,1.3611502662,1.4012363384,1.42905454942,1.44951328758,1.46521760587,1.47768071344,1.48784187986,1.49631459487,1.50351609308,1.50973962446,1.51519700246,1.52004478505,1.52440099222,1.52835612271,1.53198061364,1.53533001271,1.53844863962,1.54137222641,1.5441298529,1.54674538669,1.54923856884,1.55162584251,1.55392099229,1.55613564264,1.55827965001,1.56036141403,1.56238812642,1.56436597155,1.56630028918,1.56819570732,1.57005625137,1.57188543427,1.57368633136,1.57546164283,1.5772137461,1.57894473991,1.58065648159,1.58235061872,1.58402861608,1.58569177871,1.58734127169,1.58897813716,1.59060330899,1.59221762553,1.59382184062,1.59541663325,1.59700261587,1.59858034181,1.60015031163,1.60171297885,1.60326875486,1.60481801335,1.60636109415,1.60789830673,1.60942993319,1.61095623101,1.61247743542,1.61399376163,1.61550540664,1.61701255108,1.61851536065,1.62001398757,1.62150857177,1.62299924205,1.62448611706,1.6259693062,1.62744891045,1.62892502313,1.63039773051,1.63186711248,1.63333324304,1.63479619085,1.63625601966,1.63771278869,1.63916655307,1.64061736412,1.6420652697,1.64351031445,1.64495254011,1.64639198569,1.64782868775,1.64926268052,1.65069399617,1.65212266491,1.65354871516,1.65497217368,1.65639306574,1.65781141518,1.65922724455,1.66064057521,1.6620514274,1.66345982035,1.66486577234,1.66626930077,1.66767042224,1.66906915259,1.67046550697,1.6718594999,1.67325114529,1.67464045651,1.6760274464,1.67741212735,1.6787945113,1.68017460977,1.68155243394,1.68292799459,1.68430130221,1.68567236698,1.68704119879,1.68840780727,1.68977220182,1.6911343916,1.69249438558,1.6938521925,1.69520782096,1.69656127937,1.69791257597,1.69926171889,1.70060871608,1.7019535754,1.70329630458,1.70463691121,1.70597540283,1.70731178684,1.70864607057,1.70997826125,1.71130836606,1.71263639208,1.71396234632,1.71528623574,1.71660806723,1.71792784762,1.71924558371,1.7205612822,1.72187494979,1.72318659311,1.72449621875,1.72580383327,1.72710944318,1.72841305494,1.72971467502,1.73101430981,1.73231196569,1.733607649,1.73490136607,1.73619312319
141,0,0.532032528175,1.03679967806,1.24535039737,1.33042875443,1.37641585526,1.40869446061,1.43270762974,1.4513531341,1.466319491,1.4786581311,1.48905804401,1.4979893799,1.50578371604,1.51268139676,1.51886071521,1.52445658097,1.52957284442,1.53429065748,1.53867428157,1.54277520702,1.54663512953,1.5502881363,1.55376233595,1.55708108986,1.56026395393,1.56332740692,1.56628541933,1.56914990206,1.57193106325,1.57463769438,1.5772774013,1.57985679224,1.58238163157,1.5848569665,1.587287232,1.58967633811,1.59202774306,1.59434451464,1.59662938213,1.59888478025,1.60111288659,1.60331565368,1.60549483635,1.60765201538,1.6097886179,1.61190593504,1.61400513726,1.6160872877,1.61815335389,1.62020421791,1.62224068544,1.62426349356,1.6262733178,1.62827077822,1.63025644492,1.63223084286,1.63419445614,1.63614773188,1.6380910836,1.64002489432,1.64194951927,1.64386528836,1.64577250842,1.64767146514,1.64956242492,1.65144563643,1.65332133214,1.65518972958,1.65705103259,1.65890543241,1.66075310862,1.66259423011,1.66442895585,1.66625743567,1.66807981092,1.66989621512,1.67170677452,1.67351160861,1.67531083062,1.67710454798,1.67889286265,1.68067587159,1.68245366703,1.68422633681,1.6859939647,1.6877566306,1.68951441086,1.69126737846,1.69301560326,1.69475915216,1.69649808929,1.69823247623,1.69996237207,1.70168783364,1.70340891562,1.70512567065,1.70683814944,1.70854640094,1.71025047235,1.71195040929,1.71364625586,1.71533805472,1.71702584715,1.71870967317,1.72038957158,1.72206557999,1.72373773495,1.72540607195,1.72707062547,1.72873142909,1.73038851545,1.73204191636,1.73369166282,1.73533778504,1.7369803125,1.73861927396,1.74025469752,1.74188661063,1.74351504013,1.74514001225,1.74676155268,1.74837968656,1.74999443849,1.7516058326,1.75321389253,1.75481864147,1.75642010214,1.75801829688,1.75961324758,1.76120497577,1.76279350258,1.76437884878,1.76596103478,1.76754008069,1.76911600623,1.77068883086,1.7722585737,1.77382525359,1.77538888907,1.77694949841,1.77850709963,1.78006171046,1.7816133484,1.78316203068,1.78470777434,1.78625059613,1.78779051262,1.78932754016,1.79086169486
142,0,0.274361072038,0.915262304544,1.18185203409,1.27419754767,1.32495536166,1.36053498546,1.38696448623,1.40745312734,1.42387088908,1.43738213562,1.44874979828,1.45849442733,1.46698309683,1.47448183973,1.48118797054,1.48725076197,1.49278509527,1.49788072035,1.50260868819,1.50702591296,1.51117846816,1.51510400746,1.51883356935,1.52239294052,1.52580369846,1.52908401766,1.53224929932,1.5353126679,1.53828536602,1.54117707096,1.54399615034,1.54674987003,1.54944456423,1.5520857756,1.55467837126,1.55722663928,1.55973436954,1.56220492154,1.56464128173,1.56704611214,1.56942179168,1.57177045151,1.57409400531,1.57639417537,1.57867251505,1.5809304283,1.58316918656,1.58538994348,1.58759374779,1.58978155457,1.59195423511,1.59411258563,1.59625733494,1.59838915118,1.60050864787,1.60261638921,1.60471289479,1.60679864384,1.60887407898,1.61093960956,1.6129956147,1.615042446,1.61708042991,1.61910986997,1.62113104876,1.62314422965,1.62514965844,1.62714756478,1.6291381635,1.63112165583,1.6330982304,1.63506806433,1.63703132405,1.63898816613,1.64093873807,1.64288317894,1.64482161999,1.64675418527,1.64868099211,1.65060215162,1.65251776913,1.65442794457,1.65633277289,1.65823234434,1.66012674484,1.66201605625,1.66390035662,1.66577972046,1.66765421897,1.66952392025,1.67138888949,1.67324918913,1.67510487909,1.67695601685,1.67880265767,1.68064485467,1.68248265897,1.68431611982,1.68614528469,1.68797019938,1.68979090814,1.69160745369,1.69341987738,1.69522821921,1.69703251794,1.69883281112,1.70062913519,1.7024215255,1.70421001642,1.70599464132,1.70777543269,1.70955242211,1.71132564038,1.71309511747,1.71486088264,1.7166229644,1.71838139061,1.72013618846,1.72188738453,1.7236350048,1.72537907469,1.72711961908,1.72885666233,1.73059022829,1.73232034035,1.73404702145,1.73577029406,1.73749018027,1.73920670173,1.74091987973,1.74262973517,1.7443362886,1.74603956022,1.74773956989,1.74943633715,1.75112988125,1.75282022112,1.7545073754,1.75619136246,1.7578722004,1.75954990706,1.76122450002,1.76289599662,1.76456441396,1.76622976891,1.76789207813,1.76955135804,1.77120762487,1.77286089464
143,0,0.334217865389,0.93293828274,1.17802284103,1.26703132022,1.31749249542,1.35296760285,1.3793975393,1.39994740201,1.41646277431,1.43009368566,1.44159425282,1.45147941874,1.46011259957,1.46775739899,1.47460949966,1.48081707257,1.48649425674,1.49173030747,1.49659595394,1.50114791026,1.50543213623,1.50948623331,1.51334123164,1.51702294066,1.52055298257,1.52394959181,1.52722823988,1.53040212827,1.53348258066,1.53647935756,1.53940091048,1.54225458878,1.54504680907,1.54778319473,1.55046869152,1.55310766392,1.55570397568,1.55826105765,1.56078196506,1.56326942608,1.56572588322,1.56815352872,1.57055433489,1.57293008026,1.57528237216,1.57761266626,1.57992228362,1.58221242546,1.58448418615,1.58673856451,1.58897647382,1.59119875057,1.59340616222,1.59559941403,1.59777915515,1.59994598398,1.60210045302,1.60424307309,1.60637431719,1.60849462392,1.6106044005,1.61270402559,1.61479385171,1.61687420748,1.61894539965,1.62100771491,1.62306142151,1.62510677078,1.62714399845,1.62917332591,1.63119496129,1.63320910051,1.63521592815,1.63721561838,1.63920833566,1.64119423546,1.64317346493,1.64514616349,1.64711246333,1.64907248996,1.65102636266,1.65297419488,1.65491609464,1.6568521649,1.65878250389,1.66070720537,1.662626359,1.66454005053,1.66644836204,1.66835137223,1.67024915657,1.67214178749,1.67402933461,1.67591186486,1.67778944265,1.67966213001,1.68152998675,1.68339307053,1.68525143705,1.68710514009,1.68895423166,1.69079876206,1.69263878002,1.6944743327,1.69630546587,1.69813222389,1.69995464985,1.70177278557,1.70358667173,1.70539634787,1.70720185247,1.70900322299,1.71080049593,1.71259370685,1.71438289045,1.71616808056,1.71794931023,1.71972661172,1.72150001657,1.72326955559,1.72503525893,1.72679715609,1.72855527594,1.73030964676,1.73206029623,1.73380725153,1.73555053926,1.73729018552,1.73902621595,1.74075865567,1.74248752938,1.74421286131,1.7459346753,1.74765299476,1.7493678427,1.75107924175,1.75278721419,1.75449178192,1.75619296651,1.75789078917,1.75958527083,1.76127643205,1.76296429314,1.76464887408,1.76633019458,1.76800827405,1.76968313166,1.7713547863,1.77302325661
144,0,0.367558398256,0.978947204574,1.23065650065,1.32328956727,1.37492287972,1.41127773465,1.43839802147,1.45950706085,1.47648624904,1.49050905224,1.50234567197,1.51252251455,1.52141142045,1.52928234379,1.5363358583,1.54272397181,1.54856388134,1.55394731359,1.55894701954,1.56362138551,1.56801776772,1.57217494414,1.57612494387,1.5798944308,1.5835057627,1.58697781111,1.59032660238,1.59356582369,1.59670722594,1.59976094698,1.60273577309,1.60563935168,1.60847836571,1.61125867736,1.6139854472,1.61666323344,1.61929607512,1.62188756207,1.62444089408,1.62695893106,1.62944423589,1.63189911097,1.63432562968,1.63672566341,1.63910090502,1.64145288907,1.64378300948,1.64609253493,1.64838262228,1.65065432838,1.65290862044,1.65514638516,1.65736843676,1.65957552416,1.6617683373,1.66394751274,1.66611363869,1.66826725947,1.67040887951,1.67253896692,1.67465795669,1.6767662536,1.67886423477,1.68095225203,1.68303063403,1.68509968813,1.68715970212,1.68921094582,1.69125367246,1.69328812,1.69531451229,1.69733306014,1.69934396231,1.70134740639,1.70334356962,1.70533261961,1.70731471509,1.70929000645,1.71125863641,1.71322074046,1.71517644741,1.7171258798,1.71906915436,1.72100638233,1.72293766985,1.72486311831,1.72678282457,1.72869688134,1.73060537735,1.73250839766,1.73440602382,1.73629833413,1.73818540379,1.74006730513,1.7419441077,1.7438158785,1.74568268208,1.74754458069,1.74940163442,1.75125390127,1.75310143731,1.75494429676,1.7567825321,1.75861619412,1.76044533207,1.76226999368,1.76409022525,1.76590607176,1.76771757687,1.76952478302,1.7713277315,1.77312646247,1.77492101502,1.77671142725,1.77849773627,1.78027997827,1.78205818855,1.78383240157,1.78560265099,1.78736896966,1.78913138972,1.79088994258,1.79264465896,1.79439556892,1.79614270191,1.79788608675,1.79962575168,1.8013617244,1.80309403203,1.80482270121,1.80654775804,1.80826922816,1.80998713674,1.8117015085,1.81341236771,1.81511973824,1.81682364355,1.81852410669,1.82022115036,1.82191479685,1.82360506814,1.82529198584,1.82697557122,1.82865584525,1.83033282856,1.83200654149,1.83367700409,1.83534423609,1.83700825699
145,0,0.308664339581,0.994947180362,1.25897145715,1.33428384395,1.37736552011,1.40728783857,1.42932186887,1.44626309077,1.45973426082,1.47074204745,1.47994360545,1.4877856432,1.49458198177,1.50055919693,1.50588469235,1.51068461851,1.51505567659,1.51907310847,1.52279623461,1.52627237319,1.52953966528,1.53262914532,1.53556628095,1.53837213378,1.54106424496,1.54365731845,1.54616375335,1.54859406276,1.55095720603,1.55326085447,1.55551160541,1.5577151558,1.55987644404,1.5619997663,1.56408887269,1.5661470471,1.56817717372,1.57018179293,1.57216314822,1.57412322596,1.57606378911,1.5779864059,1.57989247444,1.58178324372,1.58365983181,1.58552324142,1.58737437349,1.58921403893,1.59104296887,1.59286182354,1.59467120013,1.59647163959,1.59826363268,1.60004762523,1.60182402284,1.603593195,1.60535547874,1.60711118189,1.60886058594,1.61060394866,1.61234150632,1.61407347578,1.61580005633,1.6175214313,1.61923776953,1.62094922672,1.6226559466,1.624358062,1.6260556958,1.62774896185,1.62943796569,1.63112280532,1.63280357182,1.63448034994,1.63615321861,1.63782225145,1.63948751722,1.64114908018,1.64280700045,1.64446133442,1.64611213493,1.64775945168,1.64940333135,1.65104381795,1.65268095294,1.65431477548,1.65594532259,1.65757262929,1.65919672879,1.66081765262,1.6624354307,1.66405009153,1.66566166228,1.66727016883,1.66887563595,1.67047808731,1.67207754558,1.67367403254,1.67526756907,1.67685817527,1.67844587051,1.68003067343,1.68161260207,1.68319167383,1.68476790558,1.68634131366,1.68791191391,1.68947972173,1.69104475209,1.69260701956,1.69416653834,1.69572332228,1.69727738492,1.69882873947,1.70037739887,1.70192337579,1.70346668265,1.70500733163,1.70654533467,1.70808070354,1.70961344978,1.71114358476,1.71267111966,1.71419606552,1.71571843319,1.7172382334,1.71875547673,1.72027017363,1.72178233441,1.72329196929,1.72479908836,1.72630370159,1.72780581887,1.72930544997,1.73080260459,1.73229729233,1.7337895227,1.73527930513,1.73676664898,1.73825156352,1.73973405797,1.74121414146,1.74269182306,1.74416711179,1.74564001657,1.7471105463,1.74857870979,1.75004451583,1.75150797312
146,0,0.283209138645,0.955618465941,1.23755511377,1.32657011227,1.37235728508,1.40421099346,1.42769648671,1.44576952934,1.46014827481,1.47189997665,1.48172223298,1.49008983927,1.49733676054,1.50370441103,1.50937137405,1.51447238723,1.5191108587,1.52336734581,1.52730543635,1.53097591379,1.53441976217,1.53767036992,1.5407551701,1.54369687782,1.54651443499,1.54922373971,1.55183821513,1.5543692572,1.55682659026,1.55921855151,1.56155232047,1.56383410514,1.56606929416,1.56826258186,1.57041807156,1.57253936148,1.57462961639,1.57669162778,1.57872786451,1.58074051569,1.58273152708,1.58470263217,1.58665537872,1.58859115155,1.59051119221,1.59241661595,1.59430842639,1.59618752831,1.59805473877,1.59991079682,1.60175637204,1.60359207194,1.6054184486,1.60723600437,1.60904519707,1.61084644443,1.61264012814,1.61442659741,1.61620617212,1.61797914567,1.61974578744,1.62150634514,1.62326104672,1.62501010227,1.62675370558,1.62849203565,1.63022525796,1.63195352571,1.63367698084,1.63539575501,1.63710997051,1.63881974101,1.64052517231,1.64222636298,1.64392340495,1.64561638404,1.64730538051,1.64899046943,1.65067172112,1.65234920155,1.65402297266,1.65569309264,1.65735961627,1.65902259515,1.66068207795,1.66233811063,1.66399073663,1.66563999706,1.66728593088,1.66892857507,1.67056796473,1.67220413324,1.67383711239,1.6754669325,1.67709362247,1.67871720994,1.68033772135,1.68195518203,1.68356961626,1.68518104736,1.68678949774,1.68839498898,1.68999754186,1.69159717642,1.69319391204,1.69478776743,1.6963787607,1.69796690941,1.69955223058,1.70113474075,1.70271445598,1.7042913919,1.70586556374,1.70743698633,1.70900567415,1.71057164134,1.71213490171,1.71369546879,1.71525335579,1.7168085757,1.71836114122,1.71991106482,1.72145835875,1.72300303506,1.72454510556,1.7260845819,1.72762147555,1.7291557978,1.73068755976,1.73221677241,1.73374344658,1.73526759294,1.73678922205,1.73830834432,1.73982497006,1.74133910946,1.74285077258,1.74435996939,1.74586670976,1.74737100345,1.74887286014,1.75037228942,1.75186930076,1.7533639036,1.75485610727,1.75634592101,1.75783335401,1.75931841539,1.76080111416
147,0,0.352791236034,0.947860611699,1.20776078478,1.31273443668,1.36633126291,1.40402943924,1.43211745771,1.45394971823,1.47148440461,1.48594300623,1.49812730391,1.50858531249,1.5177041439,1.52576483814,1.5329762,1.53949646755,1.54544763276,1.55092516639,1.55600478052,1.56074722978,1.56520178383,1.56940878041,1.57340153053,1.57720775929,1.58085070884,1.58434999215,1.58772226065,1.5909817311,1.59414060517,1.59720940602,1.60019725052,1.6031120708,1.60596079576,1.60874950074,1.61148353146,1.61416760748,1.61680590866,1.61940214807,1.62195963349,1.62448131969,1.62696985293,1.62942760904,1.63185672614,1.63425913275,1.63663657218,1.63899062357,1.64132272026,1.64363416577,1.6459261478,1.64819975046,1.65045596506,1.65269569956,1.65491978699,1.65712899285,1.65932402164,1.66150552274,1.66367409561,1.66583029438,1.66797463206,1.67010758417,1.67222959213,1.67434106623,1.67644238829,1.6785339141,1.68061597562,1.68268888293,1.68475292602,1.68680837642,1.68885548867,1.69089450163,1.69292563972,1.69494911401,1.69696512327,1.6989738548,1.70097548538,1.70297018195,1.70495810237,1.70693939606,1.70891420456,1.71088266211,1.71284489614,1.71480102774,1.71675117204,1.71869543869,1.72063393214,1.72256675199,1.72449399336,1.72641574708,1.72833210004,1.73024313539,1.73214893277,1.73404956855,1.73594511597,1.73783564539,1.73972122442,1.74160191808,1.74347778895,1.74534889734,1.74721530135,1.74907705704,1.75093421856,1.75278683817,1.75463496644,1.75647865227,1.758317943,1.76015288449,1.76198352121,1.76380989626,1.76563205152,1.76745002761,1.76926386403,1.7710735992,1.77287927046,1.77468091418,1.77647856579,1.77827225979,1.78006202984,1.78184790876,1.78362992858,1.78540812059,1.78718251534,1.78895314269,1.79072003185,1.79248321138,1.79424270923,1.79599855277,1.79775076881,1.7994993836,1.8012444229,1.80298591194,1.80472387549,1.80645833784,1.80818932285,1.80991685394,1.81164095411,1.81336164596,1.81507895172,1.81679289322,1.81850349196,1.82021076906,1.82191474531,1.82361544119,1.82531287686,1.82700707214,1.8286980466,1.83038581949,1.83207040979,1.83375183621,1.83543011721
148,0,0.416168886495,0.983150976419,1.22243089007,1.31821618307,1.36893600344,1.40461345685,1.43120255484,1.4518779675,1.4684922652,1.48220065936,1.49376118366,1.50369179682,1.51235827635,1.52002610305,1.526892472,1.53310678747,1.53878420498,1.54401482579,1.54887008915,1.55340730994,1.5576729598,1.56170507912,1.56553507668,1.56918909029,1.57268902837,1.57605337597,1.57929782495,1.58243577133,1.58547871114,1.58843655812,1.5913179004,1.59413020958,1.59688001188,1.59957302925,1.60221429632,1.60480825783,1.60735885023,1.60986957032,1.61234353325,1.61478352179,1.61719202825,1.61957129033,1.62192332197,1.62424993983,1.62655278622,1.62883334898,1.63109297871,1.63333290386,1.63555424389,1.63775802079,1.63994516921,1.64211654542,1.64427293516,1.64641506064,1.64854358669,1.65065912628,1.6527622454,1.65485346741,1.65693327696,1.65900212346,1.66106042422,1.66310856723,1.66514691373,1.66717580046,1.66919554172,1.67120643123,1.67320874379,1.67520273683,1.67718865179,1.67916671533,1.68113714055,1.68310012794,1.68505586642,1.68700453412,1.68894629923,1.6908813207,1.69280974891,1.69473172626,1.69664738777,1.69855686153,1.70046026925,1.70235772662,1.70424934374,1.7061352255,1.70801547192,1.70989017843,1.7117594362,1.71362333239,1.71548195041,1.71733537014,1.71918366814,1.72102691786,1.72286518984,1.72469855185,1.72652706904,1.72835080416,1.73016981762,1.73198416766,1.73379391044,1.73559910021,1.73739978936,1.73919602852,1.74098786669,1.7427753513,1.74455852831,1.74633744223,1.74811213627,1.74988265236,1.75164903121,1.75341131238,1.75516953435,1.75692373454,1.75867394938,1.76042021435,1.76216256403,1.76390103212,1.76563565152,1.7673664543,1.76909347181,1.77081673466,1.77253627276,1.77425211537,1.77596429111,1.77767282798,1.77937775338,1.78107909419,1.78277687671,1.78447112672,1.78616186952,1.78784912992,1.78953293224,1.7912133004,1.79289025784,1.79456382761,1.79623403236,1.79790089434,1.79956443542,1.80122467713,1.80288164064,1.80453534676,1.80618581601,1.80783306855,1.80947712427,1.81111800274,1.81275572325,1.81439030479,1.81602176612,1.81765012568,1.81927540171
149,0,0.186377142405,0.867390390452,1.18804001575,1.29980551113,1.34828621902,1.38195705996,1.40673029042,1.42574746288,1.44083544476,1.45312938969,1.46337147874,1.47206696262,1.4795712904,1.48614144054,1.4919675273,1.49719299574,1.50192793834,1.50625811776,1.51025122648,1.51396132081,1.51743202018,1.52069885374,1.52379100727,1.52673264104,1.52954389613,1.53224167144,1.53484022973,1.53735167465,1.53978632956,1.5421530407,1.54445942162,1.54671205157,1.54891663764,1.55107814796,1.55320092182,1.55528876116,1.55734500693,1.55937260318,1.561374151,1.56335195424,1.56530805825,1.56724428297,1.56916225118,1.57106341282,1.5729490659,1.57482037451,1.5766783845,1.57852403708,1.58035818061,1.58218158097,1.58399493058,1.58579885637,1.5875939267,1.58938065754,1.5911595179,1.59293093462,1.59469529661,1.59645295865,1.59820424473,1.59994945107,1.60168884874,1.6034226861,1.60515119092,1.60687457226,1.60859302224,1.61030671755,1.61201582087,1.61372048208,1.61542083943,1.61711702053,1.61880914332,1.62049731683,1.62218164202,1.6238622124,1.62553911471,1.62721242943,1.62888223134,1.63054858998,1.63221157006,1.63387123186,1.63552763161,1.63718082178,1.63883085138,1.64047776626,1.64212160936,1.64376242088,1.64540023857,1.64703509787,1.6486670321,1.65029607262,1.65192224898,1.65354558907,1.65516611922,1.65678386435,1.65839884802,1.66001109261,1.66162061934,1.66322744839,1.66483159895,1.66643308933,1.66803193699,1.66962815863,1.67122177021,1.67281278705,1.67440122382,1.67598709464,1.67757041309,1.67915119226,1.68072944476,1.6823051828,1.68387841817,1.68544916232,1.68701742632,1.68858322095,1.69014655669,1.69170744373,1.69326589201,1.69482191124,1.6963755109,1.69792670026,1.69947548841,1.70102188426,1.70256589652,1.7041075338,1.70564680451,1.70718371696,1.70871827933,1.71025049966,1.71178038591,1.71330794591,1.71483318742,1.71635611808,1.71787674547,1.71939507708,1.72091112033,1.72242488258,1.72393637111,1.72544559313,1.72695255583,1.72845726631,1.72995973164,1.73145995883,1.73295795486,1.73445372664,1.73594728106,1.73743862499,1.73892776522,1.74041470853,1.74189946168
150,0,0.357319904026,0.942632005183,1.19126734339,1.2873325577,1.34067998104,1.3783273689,1.40647308873,1.42842570502,1.44611800925,1.46075653967,1.47313387102,1.48379215851,1.49311469285,1.5013799799,1.5087951269,1.5155172312,1.52166752184,1.5273409671,1.53261295821,1.53754405689,1.54218343049,1.54657137885,1.55074122082,1.55472072166,1.55853318635,1.56219830623,1.56573282148,1.56915104422,1.57246527522,1.57568613852,1.57882285208,1.58188344824,1.58487495451,1.58780354257,1.59067465196,1.59349309318,1.59626313406,1.59898857257,1.60167279829,1.6043188447,1.60692943375,1.60950701399,1.61205379336,1.61457176742,1.61706274381,1.6195283634,1.62197011879,1.62438937036,1.62678736037,1.62916522531,1.63152400679,1.63386466108,1.6361880676,1.63849503643,1.64078631493,1.64306259368,1.64532451175,1.64757266142,1.64980759235,1.65202981541,1.65423980604,1.65643800729,1.65862483257,1.66080066814,1.66296587532,1.66512079252,1.66726573708,1.66940100695,1.67152688214,1.67364362616,1.67575148724,1.67785069948,1.67994148387,1.68202404929,1.68409859332,1.68616530309,1.68822435599,1.69027592035,1.69232015605,1.6943572151,1.69638724213,1.69841037494,1.70042674489,1.70243647731,1.70443969192,1.70643650315,1.70842702048,1.71041134874,1.71238958837,1.71436183573,1.71632818328,1.71828871985,1.72024353083,1.72219269837,1.72413630156,1.7260744166,1.72800711695,1.72993447349,1.73185655467,1.73377342658,1.73568515316,1.73759179623,1.73949341564,1.74139006938,1.74328181362,1.74516870287,1.74705078998,1.74892812629,1.75080076167,1.75266874459,1.75453212217,1.75639094028,1.75824524357,1.76009507551,1.76194047847,1.76378149375,1.76561816166,1.76745052149,1.76927861163,1.77110246957,1.77292213192,1.77473763448,1.77654901226,1.7783562995,1.78015952971,1.78195873571,1.78375394961,1.78554520291,1.78733252643,1.78911595044,1.79089550458,1.79267121796,1.79444311911,1.79621123607,1.79797559635,1.79973622698,1.80149315451,1.80324640503,1.8049960042,1.80674197722,1.80848434891,1.81022314366,1.81195838548,1.813690098,1.81541830447,1.8171430278,1.81886429054,1.82058211491,1.8222965228
151,0,0.298976102181,0.924679274373,1.19039686492,1.29262800855,1.34728116837,1.38577786824,1.41450253188,1.43686199897,1.45484581781,1.46969552129,1.48222636841,1.49299581188,1.50239779401,1.51071843566,1.51817040978,1.52491495856,1.53107644751,1.53675225141,1.54201963009,1.54694061144,1.55156552373,1.55593559336,1.5600848838,1.56404176239,1.56783002341,1.57146975767,1.57497803262,1.57836942938,1.5816564703,1.58484996224,1.58795927417,1.59099256318,1.59395695972,1.59685872036,1.59970335443,1.60249572956,1.60524016016,1.60794048181,1.61060011422,1.61322211469,1.61580922361,1.61836390344,1.62088837222,1.62338463236,1.62585449559,1.62829960458,1.63072145174,1.63312139563,1.63550067528,1.63786042281,1.64020167446,1.64252538033,1.644832413,1.64712357515,1.64939960632,1.65166118891,1.65390895351,1.65614348373,1.65836532041,1.66057496549,1.6627728854,1.66495951417,1.66713525618,1.6693004887,1.67145556409,1.67360081191,1.6757365407,1.6778630397,1.67998058037,1.68208941774,1.6841897917,1.68628192814,1.68836604,1.6904423282,1.69251098257,1.69457218259,1.69662609814,1.69867289022,1.70071271149,1.70274570691,1.70477201422,1.70679176443,1.70880508229,1.71081208665,1.71281289088,1.71480760321,1.71679632705,1.71877916129,1.72075620057,1.72272753556,1.72469325318,1.72665343682,1.72860816657,1.73055751937,1.73250156926,1.73444038745,1.73637404257,1.73830260075,1.74022612578,1.74214467924,1.74405832061,1.7459671074,1.7478710952,1.74977033784,1.75166488746,1.75355479457,1.75544010817,1.75732087579,1.75919714358,1.76106895638,1.76293635776,1.7647993901,1.76665809465,1.76851251156,1.77036267993,1.77220863788,1.77405042257,1.77588807027,1.77772161636,1.7795510954,1.78137654113,1.78319798655,1.78501546391,1.78682900476,1.78863863998,1.79044439979,1.79224631379,1.79404441098,1.79583871977,1.79762926802,1.79941608307,1.80119919172,1.80297862028,1.80475439458,1.80652653998,1.80829508141,1.81006004333,1.81182144983,1.81357932455,1.81533369078,1.81708457139,1.8188319889,1.8205759655,1.82231652299,1.82405368288,1.82578746631,1.82751789415,1.82924498694,1.83096876493
152,0,0.322862017393,0.954633540787,1.2250924457,1.32785121824,1.37397807292,1.40608166271,1.42975404941,1.44796783837,1.46245237912,1.47428270552,1.48416201676,1.49256925821,1.49984154392,1.50622272618,1.51189330861,1.51698956392,1.52161614335,1.52585462242,1.52976943127,1.53341205658,1.53682407415,1.54003937399,1.54308581718,1.54598648619,1.54876063998,1.55142445165,1.55399158397,1.55647364257,1.55888053597,1.56122076376,1.56350164908,1.5657295274,1.56790990077,1.57004756471,1.57214671308,1.57421102524,1.5762437389,1.5782477112,1.58022547024,1.58217925864,1.58411107063,1.58602268361,1.58791568521,1.58979149652,1.59165139209,1.59349651722,1.59532790297,1.59714647916,1.59895308575,1.60074848274,1.60253335885,1.60430833918,1.60607399188,1.60783083407,1.60957933709,1.61131993111,1.61305300923,1.61477893112,1.61649802629,1.61821059696,1.61991692064,1.62161725247,1.62331182726,1.62500086136,1.62668455432,1.62836309043,1.63003664001,1.63170536067,1.63336939841,1.63502888861,1.63668395693,1.63833472012,1.63998128679,1.64162375804,1.64326222811,1.64489678493,1.64652751061,1.64815448191,1.64977777068,1.65139744422,1.65301356565,1.65462619422,1.65623538564,1.65784119227,1.65944366348,1.66104284578,1.66263878308,1.66423151687,1.66582108641,1.66740752886,1.66899087946,1.67057117167,1.67214843726,1.67372270648,1.67529400813,1.67686236966,1.6784278173,1.67999037609,1.68155007003,1.68310692207,1.68466095424,1.6862121877,1.68776064278,1.68930633904,1.69084929535,1.69238952988,1.6939270602,1.69546190328,1.69699407556,1.69852359294,1.70005047087,1.70157472433,1.70309636787,1.70461541567,1.70613188152,1.70764577885,1.70915712078,1.71066592011,1.71217218935,1.71367594074,1.71517718625,1.71667593761,1.71817220633,1.71966600369,1.72115734078,1.72264622847,1.72413267747,1.7256166983,1.72709830134,1.72857749678,1.73005429468,1.73152870496,1.73300073742,1.73447040169,1.73593770732,1.73740266374,1.73886528024,1.74032556605,1.74178353025,1.74323918188,1.74469252983,1.74614358295,1.74759234998,1.74903883959,1.75048306036,1.75192502082,1.7533647294,1.75480219448,1.75623742437
153,0,0.463993478407,1.04051881178,1.27479887574,1.36151696774,1.40252275979,1.4310196242,1.45200770856,1.4681417787,1.48096451646,1.49143386265,1.50017575451,1.5076160685,1.51405425598,1.51970670473,1.5247334262,1.52925510035,1.53336431036,1.53713315186,1.54061850993,1.54386579572,1.54691164156,1.54978587715,1.55251300017,1.55511328538,1.5576036313,1.55999821367,1.56230899506,1.56454612587,1.56671826262,1.56883282271,1.57089618965,1.57291387973,1.57489067804,1.57683075032,1.57873773537,1.58061482174,1.58246481181,1.58429017553,1.58609309565,1.587875506,1.589639124,1.59138547835,1.59311593271,1.59483170609,1.59653389029,1.59822346506,1.5999013112,1.60156822188,1.60322491263,1.60487202991,1.60651015869,1.60813982914,1.60976152238,1.61137567569,1.61298268702,1.614582919,1.6161767025,1.61776433978,1.61934610733,1.62092225832,1.62249302489,1.62405862009,1.62561923971,1.62717506384,1.62872625835,1.63027297615,1.63181535835,1.63335353533,1.63488762768,1.63641774703,1.63794399685,1.63946647312,1.64098526501,1.6425004554,1.64401212143,1.64552033498,1.64702516309,1.64852666834,1.65002490924,1.65151994054,1.65301181351,1.65450057627,1.65598627396,1.65746894902,1.65894864142,1.66042538876,1.66189922657,1.66337018835,1.66483830582,1.66630360899,1.6677661263,1.66922588476,1.67068291001,1.67213722648,1.67358885742,1.67503782502,1.67648415046,1.67792785401,1.67936895508,1.68080747227,1.68224342344,1.68367682577,1.68510769579,1.68653604941,1.68796190201,1.68938526843,1.69080616303,1.69222459972,1.69364059197,1.69505415287,1.69646529514,1.69787403115,1.69928037293,1.70068433225,1.70208592054,1.703485149,1.70488202859,1.70627657,1.70766878374,1.70905868007,1.71044626911,1.71183156074,1.71321456471,1.7145952906,1.71597374784,1.71734994569,1.71872389331,1.72009559972,1.72146507381,1.72283232437,1.72419736006,1.72556018947,1.72692082107,1.72827926324,1.72963552428,1.7309896124,1.73234153573,1.73369130233,1.73503892018,1.7363843972,1.73772774124,1.73906896008,1.74040806146,1.74174505303,1.74307994241,1.74441273716,1.74574344478,1.74707207274,1.74839862843
154,0,0.468406444953,1.02823681422,1.26528337346,1.36156082518,1.40625399468,1.43743374264,1.46048054184,1.47825628458,1.49242695271,1.50402884917,1.51374028196,1.52202355365,1.52920428904,1.53551819756,1.54113988366,1.5462012665,1.55080373343,1.55502637979,1.55893172916,1.56256978791,1.56598097266,1.56919825903,1.57224878232,1.575155046,1.57793584518,1.58060698015,1.58318181338,1.58567170829,1.58808637799,1.59043416457,1.5927222645,1.5949569117,1.59714352736,1.59928684304,1.60139100263,1.60345964703,1.60549598503,1.60750285275,1.60948276377,1.61143795165,1.61337040601,1.61528190335,1.61717403347,1.61904822212,1.62090575059,1.6227477726,1.62457532899,1.62638936045,1.62819071867,1.62998017605,1.63175843425,1.63352613164,1.63528384993,1.63703211998,1.63877142693,1.64050221478,1.64222489043,1.64393982724,1.64564736832,1.64734782931,1.64904150098,1.65072865149,1.6524095285,1.65408436094,1.65575336072,1.65741672421,1.65907463359,1.66072725806,1.66237475492,1.66401727062,1.66565494161,1.66728789519,1.66891625024,1.67054011789,1.67215960216,1.6737748005,1.67538580429,1.67699269936,1.67859556635,1.68019448116,1.68178951526,1.68338073604,1.68496820713,1.68655198863,1.68813213741,1.68970870731,1.69128174935,1.69285131199,1.69441744121,1.69598018078,1.69753957235,1.69909565559,1.70064846839,1.70219804688,1.70374442564,1.70528763776,1.7068277149,1.70836468747,1.70989858464,1.71142943442,1.71295726378,1.71448209868,1.71600396413,1.71752288426,1.71903888239,1.72055198103,1.72206220198,1.72356956633,1.72507409453,1.72657580643,1.72807472129,1.72957085781,1.7310642342,1.73255486818,1.73404277701,1.7355279775,1.73701048607,1.73849031873,1.73996749115,1.74144201863,1.74291391615,1.74438319835,1.7458498796,1.74731397397,1.74877549526,1.75023445704,1.75169087258,1.75314475497,1.75459611704,1.75604497143,1.75749133056,1.75893520667,1.76037661181,1.76181555784,1.76325205647,1.76468611922,1.76611775749,1.76754698248,1.76897380529,1.77039823686,1.77182028801,1.7732399694,1.7746572916,1.77607226504,1.77748490004,1.77889520681,1.78030319546,1.78170887597,1.78311225825
155,0,0.350097481318,1.025720942,1.28818149287,1.37019421554,1.41583630011,1.44766467095,1.47119115428,1.48934407256,1.50382622775,1.51569574489,1.52564454355,1.53414376504,1.54152496272,1.54802792966,1.55383014592,1.55906559349,1.56383716288,1.56822505942,1.57229263566,1.57609052306,1.57965961341,1.583033246,1.58623883601,1.58929910324,1.59223301054,1.59505648862,1.59778300135,1.60042399109,1.60298923224,1.60548711436,1.6079248705,1.61030876261,1.6126442331,1.61493602942,1.61718830711,1.61940471539,1.62158846873,1.6237424069,1.6258690455,1.62797061888,1.63004911652,1.63210631405,1.63414379988,1.63616299801,1.63816518772,1.64015152056,1.64212303512,1.64408066982,1.6460252741,1.6479576182,1.64987840168,1.65178826095,1.65368777588,1.65557747561,1.65745784373,1.65932932285,1.6611923186,1.66304720327,1.66489431901,1.66673398066,1.66856647835,1.67039207974,1.67221103212,1.67402356418,1.67582988773,1.67763019916,1.67942468076,1.68121350199,1.68299682049,1.68477478316,1.686547527,1.68831517994,1.69007786157,1.69183568382,1.69358875157,1.69533716323,1.6970810112,1.69882038235,1.70055535847,1.70228601663,1.70401242955,1.7057346659,1.70745279063,1.70916686521,1.7108769479,1.712583094,1.714285356,1.71598378385,1.71767842509,1.71936932501,1.72105652684,1.72274007188,1.7244199996,1.72609634781,1.72776915271,1.72943844905,1.7311042702,1.73276664823,1.73442561401,1.73608119727,1.73773342668,1.73938232993,1.74102793375,1.74267026401,1.74430934573,1.74594520317,1.74757785986,1.74920733864,1.75083366167,1.75245685055,1.75407692624,1.75569390921,1.75730781937,1.75891867615,1.76052649854,1.76213130507,1.76373311385,1.7653319426,1.76692780868,1.76852072909,1.77011072046,1.77169779915,1.77328198116,1.77486328225,1.77644171786,1.77801730318,1.77959005316,1.78115998248,1.78272710562,1.78429143681,1.78585299007,1.78741177925,1.78896781796,1.79052111965,1.79207169758,1.79361956484,1.79516473436,1.79670721889,1.79824703105,1.79978418329,1.80131868793,1.80285055715,1.80437980298,1.80590643735,1.80743047202,1.80895191868,1.81047078886,1.811987094,1.81350084542
156,0,0.344262037437,1.04980038645,1.31070153188,1.38685149094,1.43222880224,1.46393304875,1.48741192346,1.50556148842,1.52006683643,1.53197574422,1.54197379855,1.55052812885,1.5579676805,1.56453051937,1.57039296756,1.57568822601,1.58051865872,1.58496411929,1.58908773002,1.59293997747,1.59656166884,1.59998610168,1.60324067989,1.60634813356,1.60932745103,1.61219459896,1.61496308439,1.61764439742,1.62024836304,1.62278342285,1.62525686248,1.62767499621,1.63004331806,1.63236662603,1.6346491248,1.63689451128,1.63910604599,1.64128661306,1.64343877078,1.64556479448,1.64766671293,1.64974633944,1.65180529848,1.65384504857,1.65586690203,1.65787204202,1.65986153736,1.6618363554,1.66379737325,1.66574538762,1.6676811234,1.66960524126,1.67151834426,1.6734209838,1.67531366476,1.67719685013,1.67907096511,1.68093640073,1.68279351713,1.68464264641,1.68648409525,1.68831814721,1.69014506484,1.69196509151,1.69377845313,1.69558535963,1.69738600636,1.69918057529,1.70096923618,1.70275214753,1.70452945753,1.70630130489,1.70806781962,1.70982912365,1.71158533154,1.71333655101,1.71508288346,1.71682442445,1.71856126416,1.72029348776,1.72202117578,1.72374440448,1.7254632461,1.7271777692,1.72888803888,1.73059411705,1.73229606261,1.73399393172,1.7356877779,1.73737765229,1.73906360375,1.74074567903,1.7424239229,1.7440983783,1.74576908643,1.74743608685,1.74909941762,1.75075911536,1.75241521535,1.75406775163,1.75571675701,1.75736226323,1.75900430096,1.76064289987,1.76227808871,1.76390989534,1.7655383468,1.76716346934,1.76878528846,1.77040382895,1.77201911496,1.77363116998,1.77524001692,1.77684567811,1.77844817535,1.78004752993,1.78164376264,1.78323689382,1.78482694337,1.78641393075,1.78799787503,1.78957879492,1.79115670872,1.79273163443,1.79430358968,1.79587259179,1.7974386578,1.79900180441,1.80056204809,1.802119405,1.80367389106,1.80522552195,1.8067743131,1.80832027971,1.80986343676,1.81140379902,1.81294138106,1.81447619725,1.81600826175,1.81753758857,1.8190641915,1.8205880842,1.82210928014,1.82362779263,1.82514363483,1.82665681974,1.82816736022,1.82967526898,1.8311805586
157,0,0.313039307515,0.954086756903,1.22778285154,1.32878707597,1.37484996606,1.40690367926,1.43053632269,1.44871794991,1.46317617881,1.47498481951,1.48484617741,1.49323852706,1.5004984675,1.5068694479,1.5125316511,1.51762109087,1.52224220674,1.52647639927,1.53038795254,1.53402823022,1.53743870371,1.54065317376,1.54369942465,1.54660047237,1.54937551801,1.55204068405,1.55460958878,1.5570937986,1.55950318722,1.56184622334,1.56413020249,1.56636143543,1.56854540204,1.57068687787,1.57279003875,1.57485854772,1.57689562771,1.57890412238,1.58088654759,1.58284513476,1.5847818679,1.58669851502,1.58859665517,1.59047770151,1.59234292131,1.59419345318,1.59603032197,1.59785445178,1.59966667727,1.60146775352,1.60325836471,1.6050391317,1.6068106187,1.60857333918,1.61032776108,1.61207431138,1.61381338021,1.61554532449,1.61727047113,1.61898911992,1.62070154612,1.62240800274,1.62410872261,1.6258039202,1.62749379333,1.62917852463,1.63085828289,1.63253322426,1.63420349338,1.63586922434,1.6375305416,1.63918756078,1.6408403894,1.64248912756,1.64413386856,1.64577469941,1.64741170139,1.64904495046,1.65067451772,1.65230046975,1.653922869,1.6555417741,1.65715724013,1.65876931892,1.66037805928,1.66198350723,1.6635857062,1.66518469723,1.66678051915,1.66837320872,1.6699628008,1.67154932849,1.67313282322,1.67471331492,1.67629083209,1.67786540189,1.67943705028,1.68100580205,1.68257168095,1.68413470971,1.68569491014,1.68725230321,1.68880690904,1.69035874704,1.69190783587,1.69345419358,1.69499783757,1.69653878468,1.6980770512,1.69961265293,1.70114560519,1.70267592284,1.70420362036,1.70572871181,1.7072512109,1.70877113097,1.71028848507,1.71180328593,1.71331554599,1.71482527743,1.71633249216,1.71783720187,1.719339418,1.72083915181,1.72233641433,1.72383121641,1.72532356872,1.72681348176,1.72830096586,1.72978603122,1.73126868786,1.73274894569,1.73422681449,1.73570230388,1.73717542341,1.73864618248,1.74011459041,1.74158065639,1.74304438954,1.74450579885,1.74596489327,1.74742168161,1.74887617264,1.75032837502,1.75177829737,1.7532259482,1.75467133597,1.75611446906,1.7575553558
158,0,0.333541331285,0.976564318622,1.24235541183,1.33593054162,1.38478062819,1.41894659574,1.44426803965,1.46385231154,1.4795090663,1.49236449925,1.50315612114,1.51238684749,1.52041110502,1.52748560164,1.53380061343,1.53949999266,1.54469437282,1.54947012362,1.55389556962,1.5580253992,1.561903849,1.56556704191,1.56904472936,1.57236160712,1.57553832111,1.5785922449,1.58153808675,1.58438836811,1.58715380395,1.58984360758,1.59246573671,1.59502709338,1.59753368764,1.59999077214,1.60240295359,1.60477428551,1.60710834568,1.60940830133,1.61167696407,1.61391683646,1.61613015163,1.61831890708,1.6204848937,1.62262972069,1.62475483702,1.62686155012,1.62895104193,1.63102438303,1.63308254487,1.63512641051,1.63715678401,1.63917439874,1.64117992464,1.64317397464,1.64515711044,1.64712984744,1.64909265933,1.65104598202,1.65299021725,1.65492573573,1.65685287998,1.65877196695,1.66068329022,1.66258712211,1.66448371552,1.66637330562,1.66825611132,1.67013233666,1.67200217202,1.67386579529,1.67572337281,1.67757506036,1.67942100394,1.6812613406,1.68309619907,1.68492570042,1.68674995867,1.68856908125,1.69038316958,1.69219231942,1.69399662134,1.69579616106,1.69759101983,1.69938127471,1.70116699885,1.70294826183,1.70472512983,1.70649766587,1.70826593008,1.7100299798,1.71178986985,1.71354565262,1.7152973783,1.71704509493,1.71878884862,1.72052868362,1.72226464245,1.72399676601,1.72572509365,1.72744966331,1.72917051157,1.73088767371,1.73260118385,1.73431107495,1.73601737891,1.73772012662,1.73941934803,1.74111507218,1.74280732725,1.74449614062,1.74618153892,1.74786354804,1.74954219318,1.7512174989,1.75288948913,1.75455818724,1.75622361599,1.75788579766,1.75954475399,1.76120050625,1.76285307525,1.76450248136,1.76614874451,1.76779188427,1.7694319198,1.77106886989,1.77270275299,1.77433358723,1.77596139038,1.77758617993,1.77920797307,1.7808267867,1.78244263744,1.78405554167,1.78566551549,1.78727257478,1.78887673517,1.79047801207,1.79207642067,1.79367197596,1.7952646927,1.79685458549,1.7984416687,1.80002595657,1.8016074631,1.80318620216,1.80476218744,1.80633543248,1.80790595063
159,0,0.32448540129,0.871738174579,1.12164661234,1.23740580623,1.29342527112,1.33260411543,1.36181606472,1.38453287727,1.40278298974,1.41783275051,1.43051404036,1.44139588127,1.4508805232,1.45926020861,1.46675222042,1.4735213374,1.47969468198,1.48537180824,1.49063171998,1.49553785582,1.50014169631,1.50448541716,1.50860387005,1.51252608133,1.51627639979,1.5198753855,1.52334050518,1.52668668122,1.52992672899,1.53307170796,1.53613120563,1.53911356884,1.54202609325,1.54487517973,1.54766646393,1.55040492436,1.55309497291,1.55574053112,1.55834509454,1.56091178753,1.56344340985,1.56594247661,1.56841125255,1.57085178155,1.57326591222,1.57565531999,1.57802152645,1.58036591609,1.58268975102,1.58499418387,1.58728026913,1.58954897309,1.59180118274,1.59403771348,1.59625931612,1.59846668302,1.60066045355,1.60284121901,1.60500952699,1.60716588528,1.60931076541,1.61144460578,1.61356781453,1.61568077208,1.61778383343,1.61987733032,1.62196157302,1.62403685213,1.62610344012,1.6281615927,1.63021155017,1.63225353856,1.63428777071,1.63631444727,1.63833375753,1.64034588032,1.64235098472,1.64434923073,1.64634076995,1.64832574612,1.65030429568,1.65227654825,1.65424262709,1.6562026495,1.65815672725,1.66010496688,1.66204747009,1.663984334,1.66591565146,1.66784151128,1.66976199852,1.67167719468,1.67358717795,1.67549202335,1.67739180294,1.67928658603,1.68117643926,1.6830614268,1.68494161049,1.68681704993,1.68868780264,1.69055392416,1.69241546814,1.69427248646,1.69612502929,1.69797314523,1.69981688134,1.70165628324,1.70349139518,1.7053222601,1.70714891971,1.70897141451,1.71078978389,1.71260406618,1.71441429865,1.71622051763,1.71802275848,1.71982105569,1.72161544288,1.72340595287,1.7251926177,1.72697546863,1.72875453624,1.73052985041,1.73230144034,1.73406933463,1.73583356125,1.73759414759,1.73935112048,1.74110450623,1.74285433058,1.74460061883,1.74634339576,1.74808268569,1.74981851251,1.75155089966,1.75327987017,1.75500544667,1.7567276514,1.75844650623,1.76016203265,1.76187425182,1.76358318455,1.76528885132,1.7669912723,1.76869046734,1.77038645599,1.77207925752,1.77376889091
160,0,0.243123232737,0.86061241792,1.14756190827,1.26156838163,1.31681686325,1.35557988958,1.38438745072,1.4067209024,1.4246114144,1.43932527542,1.45169317668,1.46228254197,1.47149393629,1.47961797301,1.4868704208,1.49341467837,1.49937662299,1.50485469069,1.50992688321,1.51465574126,1.51909193992,1.52327693128,1.5272449156,1.5310243315,1.53463899635,1.53810898848,1.54145133692,1.54468056549,1.54780912573,1.5508477443,1.5538057036,1.55669107018,1.55951088171,1.56227130113,1.56497774424,1.56763498608,1.57024724989,1.57281828199,1.57535141499,1.57784962142,1.58031555944,1.58275161186,1.58515991964,1.58754241077,1.58990082512,1.59223673608,1.59455156925,1.59684661884,1.59912306189,1.60138197082,1.60362432436,1.60585101729,1.60806286887,1.61026063046,1.61244499217,1.6146165888,1.61677600508,1.61892378044,1.62106041314,1.62318636407,1.6253020601,1.62740789709,1.62950424264,1.63159143848,1.63366980272,1.63573963181,1.63780120235,1.63985477273,1.64190058456,1.64393886408,1.64596982332,1.64799366123,1.65001056468,1.65202070938,1.65402426076,1.65602137468,1.65801219814,1.65999686998,1.6619755214,1.66394827655,1.66591525299,1.66787656219,1.6698323099,1.67178259658,1.67372751776,1.6756671643,1.6776016228,1.67953097579,1.68145530204,1.68337467679,1.68528917196,1.68719885638,1.68910379594,1.69100405384,1.69289969066,1.69479076462,1.69667733162,1.69855944545,1.70043715787,1.70231051874,1.70417957613,1.70604437644,1.70790496442,1.70976138337,1.71161367512,1.71346188015,1.71530603768,1.71714618571,1.71898236107,1.72081459953,1.7226429358,1.72446740361,1.72628803576,1.72810486416,1.72991791986,1.73172723313,1.73353283345,1.73533474957,1.73713300955,1.73892764077,1.74071866998,1.74250612333,1.74429002638,1.74607040412,1.74784728103,1.74962068107,1.7513906277,1.75315714393,1.7549202523,1.75667997494,1.75843633354,1.7601893494,1.76193904345,1.76368543623,1.76542854794,1.76716839843,1.76890500722,1.77063839351,1.77236857621,1.77409557389,1.77581940489,1.77754008724,1.7792576387,1.78097207678,1.78268341875,1.78439168161,1.78609688216,1.78779903695,1.7894981623
161,0,0.389826899696,1.03650304656,1.28400132811,1.36574092896,1.4149000462,1.44945216003,1.47519037928,1.49520038875,1.51128109531,1.52455322288,1.53575153238,1.54537765762,1.55378555852,1.56123193464,1.56790731057,1.57395592709,1.57948887706,1.58459301932,1.58933717262,1.59377651026,1.59795573614,1.60191141834,1.60567372937,1.6092677614,1.61271453236,1.61603176431,1.61923449168,1.622335541,1.62534591263,1.62827508693,1.63113127157,1.63392160279,1.63665231017,1.63932885237,1.64195602959,1.64453807716,1.647078744,1.64958135852,1.65204888425,1.65448396714,1.65688897575,1.65926603562,1.66161705883,1.66394376933,1.66624772495,1.66853033632,1.67079288347,1.67303653018,1.67526233654,1.67747127002,1.6796642151,1.68184198181,1.68400531324,1.6861548922,1.68829134709,1.69041525717,1.69252715715,1.69462754143,1.69671686773,1.69879556043,1.70086401357,1.70292259348,1.70497164119,1.70701147463,1.70904239051,1.71106466613,1.71307856096,1.7150843181,1.71708216553,1.71907231737,1.72105497491,1.72303032764,1.72499855408,1.72695982266,1.72891429245,1.73086211381,1.73280342907,1.73473837307,1.73666707369,1.73858965232,1.74050622436,1.74241689955,1.74432178241,1.74622097256,1.74811456503,1.75000265058,1.75188531596,1.75376264418,1.7556347147,1.75750160369,1.75936338423,1.76122012647,1.76307189782,1.7649187631,1.76676078471,1.76859802275,1.77043053517,1.77225837787,1.77408160481,1.77590026814,1.77771441828,1.77952410402,1.78132937261,1.78313026981,1.78492684001,1.78671912627,1.78850717039,1.790291013,1.79207069357,1.7938462505,1.79561772116,1.79738514194,1.79914854831,1.80090797482,1.80266345519,1.80441502232,1.80616270833,1.8079065446,1.80964656179,1.81138278989,1.81311525822,1.8148439955,1.81656902982,1.8182903887,1.82000809912,1.82172218751,1.82343267981,1.82513960143,1.82684297734,1.82854283203,1.83023918957,1.83193207358,1.83362150729,1.83530751354,1.83699011476,1.83866933303,1.84034519007,1.84201770726,1.84368690563,1.84535280591,1.84701542848,1.84867479346,1.85033092065,1.85198382956,1.85363353944,1.85528006926,1.85692343773,1.8585636633,1.8602007642
162,0,0.500129346007,1.02042407179,1.22867002302,1.30941444558,1.35614170532,1.3890185728,1.41353878063,1.43262799115,1.44799156971,1.4606918462,1.47142524261,1.48066719403,1.48875316582,1.49592644475,1.50236760441,1.50821335809,1.51356900802,1.51851689286,1.52312225709,1.52743741524,1.53150476127,1.53535897968,1.53902869435,1.54253771462,1.54590598861,1.54915034063,1.55228504746,1.55532229293,1.55827252958,1.56114476871,1.56394681483,1.56668545628,1.5693666214,1.57199550716,1.57457668577,1.57711419337,1.57961160439,1.58207209402,1.58449849098,1.58689332234,1.58925885162,1.59159711142,1.59390993142,1.59619896243,1.59846569725,1.60071148867,1.60293756514,1.60514504446,1.60733494569,1.60950819964,1.61166565802,1.61380810156,1.61593624715,1.61805075414,1.62015222995,1.62224123505,1.62431828738,1.62638386627,1.62843841604,1.63048234906,1.63251604866,1.63453987162,1.63655415049,1.63855919561,1.640555297,1.64254272603,1.64452173692,1.64649256816,1.64845544369,1.6504105741,1.65235815763,1.65429838111,1.65623142082,1.65815744326,1.6600766059,1.6619890578,1.66389494022,1.66579438716,1.66768752589,1.66957447738,1.67145535675,1.67333027366,1.67519933266,1.67706263352,1.67892027156,1.68077233791,1.6826189198,1.68446010077,1.68629596092,1.68812657711,1.68995202317,1.69177237003,1.69358768596,1.69539803667,1.69720348547,1.69900409342,1.70079991944,1.70259102042,1.70437745135,1.70615926542,1.70793651408,1.70970924719,1.71147751305,1.71324135851,1.71500082902,1.71675596873,1.71850682051,1.72025342606,1.72199582592,1.72373405957,1.72546816545,1.727198181,1.72892414273,1.73064608626,1.73236404632,1.73407805686,1.735788151,1.73749436113,1.73919671893,1.74089525534,1.7425900007,1.74428098465,1.74596823625,1.74765178397,1.74933165571,1.75100787882,1.75268048013,1.75434948595,1.75601492214,1.75767681404,1.75933518658,1.76099006422,1.76264147103,1.76428943064,1.7659339663,1.76757510088,1.76921285688,1.77084725644,1.77247832135,1.77410607307,1.77573053272,1.77735172114,1.77896965882,1.78058436598,1.78219586254,1.78380416815,1.78540930218,1.78701128373,1.78861013164
163,0,0.401335501006,0.996302095828,1.23990644395,1.33039758738,1.37845060153,1.41212411447,1.43712981824,1.45650839483,1.47203150256,1.4848022227,1.4955432889,1.50474779346,1.51276342485,1.51984214893,1.52617083298,1.53189083526,1.53711093719,1.54191611609,1.54637363871,1.55053738299,1.5544509603,1.55815000857,1.56166390162,1.56501704049,1.56822984089,1.57131949674,1.57430057653,1.57718549356,1.57998487982,1.58270788578,1.58536242243,1.58795535811,1.59049267959,1.59297962468,1.59542079208,1.59782023271,1.60018152621,1.60250784518,1.6048020094,1.60706653186,1.60930365785,1.61151539843,1.61370355907,1.61586976429,1.61801547902,1.62014202694,1.62225060653,1.624342305,1.62641811043,1.62847892245,1.63052556157,1.6325587774,1.63457925589,1.63658762575,1.63858446412,1.64057030158,1.64254562665,1.64451088974,1.64646650676,1.64841286222,1.65035031213,1.65227918656,1.65419979187,1.65611241284,1.65801731447,1.65991474369,1.66180493088,1.66368809121,1.66556442589,1.66743412332,1.66929736008,1.67115430188,1.67300510439,1.67484991401,1.67668886862,1.67852209815,1.6803497252,1.68217186561,1.6839886289,1.68580011875,1.68760643341,1.68940766607,1.69120390523,1.69299523502,1.69478173546,1.6965634828,1.6983405497,1.70011300552,1.70188091651,1.70364434602,1.70540335465,1.70715800048,1.70890833919,1.7106544242,1.71239630684,1.71413403644,1.71586766047,1.71759722466,1.71932277307,1.72104434819,1.72276199108,1.72447574137,1.72618563741,1.7278917163,1.72959401396,1.73129256521,1.73298740382,1.73467856257,1.73636607329,1.73804996692,1.73973027354,1.74140702244,1.74308024212,1.74474996036,1.74641620425,1.74807900021,1.74973837404,1.75139435092,1.75304695546,1.75469621173,1.75634214327,1.75798477313,1.75962412385,1.76126021753,1.76289307585,1.76452272002,1.76614917089,1.76777244889,1.7693925741,1.77100956622,1.77262344463,1.77423422836,1.77584193612,1.77744658632,1.77904819707,1.7806467862,1.78224237126,1.78383496953,1.78542459803,1.78701127355,1.78859501262,1.79017583154,1.79175374639,1.79332877303,1.79490092712,1.7964702241,1.7980366792,1.79960030749,1.80116112383
164,0,0.292741852616,0.9704472279,1.24531584154,1.33520034315,1.38210370594,1.4148015199,1.43895872138,1.45758605775,1.47243482342,1.4845935948,1.4947743948,1.50346217361,1.51099828057,1.51762964628,1.52353906986,1.52886457418,1.53371217107,1.5381645121,1.5422868916,1.54613149991,1.54974049297,1.5531482445,1.55638302312,1.5594682579,1.56242350514,1.56526519508,1.56800721452,1.57066136561,1.57323773037,1.57574496245,1.57819052256,1.58058086965,1.58292161711,1.58521766135,1.58747328796,1.58969226011,1.5918778923,1.5940331123,1.59616051338,1.59826239848,1.60034081779,1.60239760081,1.60443438376,1.60645263318,1.60845366618,1.61043866808,1.61240870758,1.61436474998,1.61630766876,1.61823825563,1.62015722937,1.62206524358,1.62396289352,1.62585072211,1.62772922526,1.6295988566,1.63146003162,1.63331313142,1.635158506,1.63699647724,1.63882734149,1.64065137199,1.64246882092,1.64427992136,1.64608488896,1.6478839235,1.64967721023,1.65146492121,1.65324721632,1.65502424439,1.65679614406,1.65856304466,1.66032506693,1.66208232376,1.6638349208,1.665582957,1.6673265252,1.66906571257,1.67080060103,1.6725312677,1.67425778521,1.67598022207,1.67769864297,1.67941310906,1.68112367819,1.68283040518,1.684533342,1.68623253803,1.68792804017,1.68961989307,1.69130813924,1.69299281926,1.69467397183,1.69635163396,1.69802584106,1.69969662705,1.70136402445,1.70302806446,1.70468877709,1.70634619119,1.70800033454,1.70965123393,1.71129891518,1.71294340326,1.7145847223,1.71622289563,1.71785794589,1.71948989499,1.72111876421,1.72274457423,1.72436734512,1.72598709645,1.72760384724,1.72921761605,1.73082842096,1.73243627965,1.73404120936,1.73564322696,1.73724234894,1.73883859145,1.7404319703,1.74202250101,1.74361019877,1.74519507852,1.74677715489,1.74835644229,1.74993295486,1.75150670652,1.75307771097,1.75464598168,1.75621153193,1.75777437481,1.75933452321,1.76089198984,1.76244678726,1.76399892785,1.76554842382,1.76709528726,1.76863953009,1.77018116409,1.77172020092,1.7732566521,1.77479052902,1.77632184296,1.77785060507,1.7793768264,1.78090051787,1.78242169033,1.78394035448
165,0,0.498799065166,1.06732164112,1.28436846243,1.3610341019,1.40773607927,1.44059943971,1.46511399117,1.48420303526,1.4995704232,1.51227746529,1.52301987044,1.5322725595,1.54037061765,1.54755704468,1.5540121937,1.55987260607,1.56524344822,1.57020695033,1.57482826942,1.57915964883,1.58324342424,1.58711423206,1.59080065628,1.594326473,1.59771160252,1.60097284576,1.60412445982,1.60717861185,1.61014574032,1.6130348446,1.61585371904,1.61860914337,1.62130703865,1.62395259567,1.62655038136,1.62910442748,1.63161830472,1.63409518516,1.63653789494,1.63894895896,1.64133063901,1.6436849663,1.64601376937,1.64831869821,1.65060124498,1.65286276204,1.65510447758,1.6573275093,1.65953287628,1.66172150946,1.66389426078,1.66605191129,1.66819517828,1.67032472154,1.67244114902,1.67454502175,1.67663685826,1.67871713854,1.68078630755,1.68284477837,1.68489293505,1.68693113509,1.68895971179,1.69097897625,1.69298921926,1.69499071295,1.69698371234,1.69896845667,1.70094517069,1.70291406576,1.7048753409,1.70682918371,1.70877577126,1.71071527081,1.7126478406,1.71457363045,1.71649278236,1.71840543109,1.72031170465,1.72221172475,1.72410560722,1.72599346244,1.72787539566,1.72975150738,1.73162189358,1.7334866461,1.73534585283,1.73719959798,1.73904796232,1.74089102334,1.74272885551,1.74456153041,1.74638911691,1.74821168136,1.75002928766,1.75184199747,1.75364987029,1.75545296361,1.75725133298,1.75904503215,1.76083411314,1.76261862634,1.76439862061,1.76617414332,1.76794524044,1.76971195664,1.77147433531,1.77323241864,1.77498624768,1.77673586238,1.77848130166,1.78022260344,1.7819598047,1.78369294151,1.78542204907,1.78714716175,1.78886831314,1.79058553605,1.79229886257,1.7940083241,1.79571395135,1.7974157744,1.79911382271,1.80080812514,1.80249870999,1.80418560499,1.80586883735,1.80754843377,1.80922442046,1.81089682314,1.8125656671,1.81423097715,1.81589277771,1.81755109276,1.81920594589,1.82085736031,1.82250535884,1.82414996395,1.82579119776,1.82742908204,1.82906363825,1.8306948875,1.83232285061,1.8339475481,1.83556900019,1.83718722681,1.83880224763,1.84041408204,1.84202274916
166,0,0.217902973007,0.956605522836,1.25209672045,1.33584438857,1.3824022608,1.41479674052,1.43868608375,1.4570750522,1.47171007375,1.48367584857,1.49368130913,1.50220892178,1.50959801902,1.51609387627,1.5218779203,1.52708702514,1.53182623228,1.53617736698,1.54020501466,1.54396075318,1.54748620604,1.55081528137,1.55397583844,1.55699094464,1.55987983527,1.5626586544,1.56534103272,1.56793854235,1.57046105793,1.5729170456,1.57531379596,1.57765761321,1.57995396962,1.58220763251,1.58442276917,1.58660303407,1.58875164162,1.59087142726,1.5929648989,1.59503428042,1.59708154869,1.59910846505,1.60111660228,1.60310736777,1.60508202345,1.607041703,1.60898742681,1.61092011488,1.6128405982,1.61474962852,1.61664788705,1.61853599201,1.62041450529,1.62228393835,1.62414475735,1.6259973878,1.62784221858,1.62967960559,1.63150987493,1.63333332579,1.63515023302,1.63696084937,1.63876540758,1.64056412219,1.64235719124,1.64414479766,1.64592711071,1.64770428711,1.64947647216,1.65124380072,1.65300639808,1.6547643808,1.65651785742,1.6582669291,1.66001169028,1.66175222919,1.66348862833,1.66522096498,1.66694931158,1.6686737361,1.67039430241,1.67211107061,1.67382409725,1.67553343569,1.67723913629,1.6789412466,1.68063981167,1.68233487412,1.68402647441,1.68571465092,1.68739944016,1.68908087686,1.69075899415,1.69243382359,1.69410539536,1.69577373831,1.69743888006,1.6991008471,1.70075966485,1.70241535771,1.7040679492,1.70571746194,1.70736391773,1.70900733765,1.71064774205,1.7122851506,1.71391958239,1.7155510559,1.71717958906,1.71880519931,1.7204279036,1.72204771841,1.72366465984,1.72527874354,1.72688998481,1.72849839861,1.73010399955,1.73170680192,1.73330681972,1.73490406669,1.73649855627,1.73809030168,1.73967931589,1.74126561164,1.74284920148,1.74443009773,1.74600831255,1.74758385789,1.74915674555,1.75072698716,1.75229459417,1.75385957793,1.75542194959,1.75698172022,1.75853890072,1.76009350188,1.76164553438,1.76319500878,1.76474193552,1.76628632495,1.76782818731,1.76936753274,1.77090437132,1.77243871299,1.77397056763,1.77549994504,1.77702685494,1.77855130695,1.78007331064
167,0,0.425867466458,0.973173585008,1.20794790053,1.30954173945,1.36307113172,1.40083113112,1.42904679885,1.45104132194,1.46875621035,1.48340353358,1.49577954623,1.50642894516,1.51573683069,1.52398302967,1.53137563401,1.5380724882,1.5441953968,1.54983977726,1.55508137534,1.55998103538,1.56458815194,1.56894320892,1.57307967524,1.57702543924,1.58080390729,1.58443485465,1.58793509118,1.59131898703,1.59459889142,1.59778546885,1.60088797118,1.6039144591,1.60687198385,1.60976673692,1.61260417439,1.61538912047,1.61812585439,1.62081818341,1.62346950475,1.62608285801,1.62866097002,1.63120629312,1.6337210381,1.63620720258,1.63866659555,1.64110085869,1.64351148485,1.64589983423,1.64826714857,1.65061456349,1.65294311945,1.65525377135,1.65754739704,1.65982480485,1.66208674025,1.66433389183,1.66656689654,1.66878634446,1.67099278302,1.67318672078,1.67536863082,1.67753895382,1.67969810078,1.68184645554,1.68398437699,1.68611220114,1.6882302429,1.69033879778,1.69243814341,1.69452854092,1.69661023616,1.69868346087,1.70074843374,1.70280536133,1.70485443895,1.70689585149,1.70892977411,1.71095637296,1.71297580574,1.71498822234,1.71699376531,1.71899257036,1.7209847668,1.72297047799,1.72494982165,1.72692291028,1.72888985144,1.73085074808,1.73280569879,1.73475479811,1.73669813671,1.73863580165,1.74056787661,1.74249444202,1.74441557531,1.74633135103,1.74824184102,1.75014711457,1.75204723857,1.75394227758,1.75583229401,1.75771734822,1.75959749859,1.76147280167,1.76334331223,1.76520908338,1.76707016663,1.76892661197,1.77077846795,1.77262578173,1.77446859919,1.77630696493,1.77814092236,1.77997051374,1.78179578027,1.78361676208,1.7854334983,1.78724602711,1.78905438578,1.79085861069,1.79265873739,1.79445480062,1.79624683434,1.79803487176,1.79981894539,1.80159908704,1.80337532787,1.80514769838,1.80691622847,1.80868094747,1.81044188409,1.81219906655,1.81395252249,1.81570227906,1.81744836293,1.81919080026,1.82092961677,1.82266483773,1.82439648798,1.82612459194,1.82784917362,1.82957025665,1.83128786426,1.83300201934,1.8347127444,1.83642006161,1.83812399281,1.8398245595,1.84152178288
168,0,0.47137199902,1.02422862261,1.24484481203,1.32479779889,1.36831929074,1.39873256006,1.4212623518,1.43868551327,1.45261740971,1.46406225694,1.47367701538,1.48190923195,1.4890740114,1.49539936842,1.50105415706,1.50616591983,1.51083266031,1.51513082185,1.51912082466,1.52285098942,1.52636036917,1.52968082757,1.53283858646,1.53585539406,1.53874941742,1.54153593187,1.54422785906,1.54683619079,1.54937032569,1.55183833896,1.55424719992,1.55660294876,1.55891084107,1.56117546673,1.56340084818,1.56559052224,1.56774760841,1.56987486625,1.57197474377,1.57404941838,1.57610083175,1.57813071954,1.58014063685,1.58213198013,1.584106006,1.58606384765,1.5880065289,1.58993497658,1.59185003125,1.59375245656,1.59564294752,1.59752213772,1.59939060568,1.60124888049,1.60309744678,1.60493674912,1.60676719591,1.6085891629,1.61040299627,1.61220901539,1.6140075153,1.61579876893,1.6175830291,1.61936053027,1.6211314902,1.62289611135,1.62465458222,1.6264070785,1.62815376418,1.62989479246,1.63163030668,1.6333604411,1.63508532161,1.6368050664,1.63851978656,1.64022958663,1.64193456508,1.6436348148,1.64533042348,1.64702147404,1.64870804492,1.65039021046,1.65206804115,1.65374160391,1.65541096238,1.6570761771,1.65873730572,1.66039440325,1.66204752217,1.66369671264,1.66534202266,1.66698349816,1.66862118319,1.67025512,1.67188534918,1.67351190974,1.67513483923,1.67675417382,1.67836994836,1.6799821965,1.68159095074,1.6831962425,1.68479810215,1.68639655915,1.687991642,1.68958337839,1.69117179517,1.69275691843,1.69433877354,1.69591738519,1.69749277741,1.69906497361,1.70063399664,1.70219986875,1.70376261171,1.70532224676,1.70687879467,1.70843227576,1.7099827099,1.71153011656,1.71307451483,1.71461592338,1.71615436057,1.71768984439,1.7192223925,1.72075202225,1.72227875069,1.72380259458,1.72532357039,1.72684169434,1.72835698239,1.72986945025,1.73137911339,1.73288598705,1.73439008626,1.73589142584,1.73739002038,1.73888588431,1.74037903184,1.74186947701,1.74335723367,1.74484231552,1.74632473605,1.74780450864,1.74928164648,1.75075616261,1.75222806993,1.7536973812,1.75516410903
169,0,0.254192165931,0.900407422866,1.18804749585,1.29316472272,1.34362269266,1.37886012366,1.40493107397,1.42505720882,1.44111478701,1.45427142828,1.46529172922,1.47469703107,1.48285470416,1.49003079374,1.4964224638,1.50217874506,1.50741422839,1.51221835102,1.51666184485,1.52080130833,1.52468250825,1.5283428039,1.53181295337,1.53511847767,1.53828070339,1.54131756852,1.54424425172,1.54707366812,1.54981686347,1.55248332993,1.55508126097,1.55761775851,1.5600990024,1.56253038979,1.56491665056,1.56726194326,1.56956993536,1.57184387065,1.57408662606,1.57630075989,1.57848855271,1.58065204235,1.58279305389,1.5849132254,1.58701403013,1.58909679578,1.59116272112,1.59321289054,1.59524828667,1.59726980147,1.59927824594,1.60127435864,1.60325881317,1.60523222488,1.60719515666,1.60914812418,1.61109160049,1.61302602012,1.61495178279,1.61686925662,1.61877878107,1.62068066959,1.62257521193,1.62446267626,1.6263433111,1.62821734698,1.63008499803,1.63194646334,1.63380192825,1.63565156548,1.63749553618,1.63933399082,1.64116707013,1.64299490579,1.64481762123,1.64663533219,1.64844814735,1.65025616889,1.65205949293,1.65385821004,1.6556524056,1.65744216022,1.65922755007,1.66100864717,1.66278551977,1.66455823252,1.66632684677,1.66809142081,1.66985201005,1.67160866723,1.6733614426,1.6751103841,1.67685553747,1.67859694644,1.68033465285,1.68206869675,1.68379911654,1.68552594906,1.68724922969,1.68896899244,1.69068527004,1.69239809402,1.69410749476,1.69581350158,1.69751614282,1.69921544586,1.70091143717,1.70260414241,1.70429358645,1.70597979339,1.70766278666,1.709342589,1.71101922253,1.71269270876,1.71436306867,1.71603032266,1.71769449068,1.71935559214,1.72101364605,1.72266867094,1.72432068498,1.72596970589,1.72761575107,1.72925883755,1.730898982,1.7325362008,1.73417051001,1.73580192539,1.73743046244,1.73905613637,1.74067896216,1.74229895451,1.74391612793,1.74553049667,1.74714207478,1.7487508761,1.75035691427,1.75196020273,1.75356075477,1.75515858346,1.75675370173,1.75834612233,1.75993585786,1.76152292077,1.76310732336,1.76468907777,1.76626819603,1.76784469002,1.7694185715
170,0,0.350262293577,0.953201713304,1.21453764121,1.32135055588,1.37133051823,1.40628901789,1.43219187221,1.45221597992,1.46821277126,1.48133517724,1.4923386719,1.50173871438,1.50989876922,1.51708222762,1.52348441715,1.52925308031,1.53450189526,1.53931964851,1.54377660691,1.54792903711,1.55182247083,1.55549410307,1.55897457992,1.56228934902,1.56545969243,1.56850352507,1.57143601847,1.57427009254,1.57701680652,1.57968567248,1.58228490838,1.58482164386,1.58730208865,1.58973167115,1.59211515324,1.59445672575,1.59676008838,1.59902851677,1.60126491923,1.60347188467,1.60565172355,1.60780650271,1.60993807533,1.61204810664,1.61413809614,1.61620939678,1.61826323169,1.62030070865,1.62232283283,1.62433051782,1.62632459538,1.62830582403,1.63027489655,1.63223244664,1.63417905485,1.63611525379,1.63804153276,1.63995834191,1.64186609593,1.64376517731,1.64565593934,1.64753870872,1.64941378793,1.65128145739,1.65314197737,1.65499558969,1.65684251936,1.65868297591,1.66051715473,1.66234523819,1.66416739673,1.66598378979,1.6677945667,1.66959986745,1.67139982344,1.6731945581,1.67498418755,1.67676882109,1.67854856175,1.68032350673,1.68209374783,1.68385937183,1.68562046087,1.68737709274,1.68912934122,1.69087727634,1.69262096465,1.69436046943,1.69609585094,1.69782716658,1.69955447114,1.70127781691,1.70299725388,1.70471282986,1.70642459063,1.70813258009,1.70983684033,1.71153741178,1.71323433329,1.71492764223,1.7166173746,1.71830356507,1.71998624709,1.72166545294,1.72334121382,1.72501355989,1.72668252033,1.72834812342,1.73001039656,1.73166936632,1.7333250585,1.73497749818,1.73662670971,1.7382727168,1.73991554253,1.74155520938,1.74319173927,1.74482515359,1.74645547319,1.74808271847,1.74970690934,1.75132806529,1.75294620536,1.75456134823,1.75617351216,1.75778271507,1.75938897452,1.76099230772,1.7625927316,1.76419026274,1.76578491746,1.76737671178,1.76896566146,1.77055178199,1.77213508863,1.77371559638,1.77529332002,1.77686827411,1.77844047299,1.78000993081,1.78157666151,1.78314067883,1.78470199635,1.78626062746,1.78781658536,1.78936988312,1.79092053362,1.79246854959,1.79401394362
171,0,0.32428706223,0.919442886341,1.18230582143,1.29184521058,1.34119153477,1.37563512665,1.40110449611,1.42075400156,1.43642074376,1.44924798408,1.45998436644,1.46914034795,1.47707562098,1.48405066204,1.4902585001,1.49584503303,1.50092243614,1.5055782554,1.50988172169,1.51388822764,1.51764256073,1.52118127709,1.5245344702,1.52772710654,1.53078004659,1.53371083381,1.53653431079,1.53926310465,1.54190801299,1.544478313,1.54698201107,1.54942604554,1.55181645259,1.55415850271,1.55645681365,1.55871544438,1.56093797357,1.56312756556,1.56528702606,1.56741884919,1.56952525764,1.57160823685,1.57366956433,1.57571083486,1.57773348225,1.57973879809,1.58172794807,1.58370198622,1.58566186719,1.58760845718,1.58954254333,1.59146484212,1.59337600672,1.59527663341,1.59716726737,1.59904840774,1.60092051213,1.60278400065,1.60463925945,1.60648664394,1.60832648165,1.61015907478,1.61198470246,1.61380362287,1.61561607505,1.61742228058,1.61922244512,1.62101675969,1.62280540199,1.62458853747,1.62636632033,1.62813889447,1.6299063943,1.6316689455,1.63342666573,1.63517966523,1.63692804742,1.63867190941,1.64041134249,1.64214643254,1.64387726048,1.6456039026,1.64732643091,1.64904491347,1.65075941464,1.65246999536,1.65417671338,1.65587962353,1.65757877784,1.65927422583,1.66096601458,1.66265418898,1.66433879183,1.66601986399,1.66769744451,1.66937157074,1.67104227846,1.67270960194,1.6743735741,1.67603422652,1.67769158959,1.67934569253,1.68099656352,1.68264422968,1.68428871724,1.68593005149,1.68756825691,1.68920335717,1.69083537521,1.69246433326,1.6940902529,1.69571315507,1.69733306012,1.69894998787,1.70056395758,1.70217498803,1.70378309752,1.7053883039,1.70699062462,1.7085900767,1.7101866768,1.71178044119,1.71337138583,1.71495952634,1.71654487802,1.71812745587,1.71970727464,1.72128434878,1.7228586925,1.72443031975,1.72599924425,1.72756547951,1.72912903882,1.73068993526,1.73224818171,1.73380379088,1.73535677528,1.73690714725,1.73845491899,1.7400001025,1.74154270965,1.74308275217,1.74462024162,1.74615518945,1.74768760696,1.74921750533,1.75074489561,1.75226978874,1.75379219554
172,0,0.296725531278,0.937770333463,1.20344986157,1.29471621049,1.34235553131,1.37562101925,1.40023760909,1.41924953634,1.43442850356,1.44687635357,1.45731417136,1.46623334556,1.47397994858,1.48080446897,1.48689244679,1.49238405731,1.49738703085,1.50198541106,1.50624563446,1.51022083919,1.51395397576,1.5174800901,1.52082802421,1.52402169994,1.52708110005,1.53002302611,1.53286169014,1.53560918068,1.53827583313,1.54087052641,1.54340092234,1.54587366008,1.5482945152,1.55066853046,1.55300012405,1.5552931796,1.55755112136,1.55977697737,1.56197343278,1.56414287486,1.56628743146,1.56840900369,1.57050929399,1.5725898302,1.57465198636,1.5766970007,1.57872599118,1.58073996908,1.58273985083,1.58472646833,1.58670057803,1.58866286886,1.59061396932,1.59255445356,1.59448484695,1.59640563088,1.59831724707,1.60022010141,1.60211456736,1.60400098903,1.60587968385,1.60775094504,1.60961504382,1.61147223132,1.61332274041,1.61516678723,1.61700457268,1.61883628369,1.62066209439,1.6224821672,1.62429665376,1.62610569584,1.6279094261,1.62970796883,1.63150144061,1.63328995092,1.63507360265,1.63685249265,1.63862671217,1.64039634723,1.6421614791,1.64392218455,1.64567853627,1.64743060307,1.64917845023,1.65092213972,1.6526617304,1.65439727831,1.65612883677,1.65785645666,1.65958018651,1.66130007267,1.6630161595,1.66472848943,1.66643710314,1.66814203964,1.66984333641,1.67154102943,1.67323515337,1.67492574156,1.67661282618,1.67829643824,1.6799766077,1.68165336351,1.6833267337,1.68499674539,1.68666342487,1.68832679763,1.68998688844,1.69164372132,1.69329731968,1.69494770624,1.69659490318,1.69823893208,1.69987981398,1.70151756944,1.70315221851,1.7047837808,1.70641227548,1.70803772131,1.70966013663,1.71127953945,1.71289594738,1.71450937771,1.7161198474,1.71772737311,1.71933197119,1.7209336577,1.72253244845,1.72412835896,1.72572140454,1.72731160023,1.72889896084,1.73048350099,1.73206523504,1.73364417719,1.73522034143,1.73679374156,1.73836439118,1.73993230374,1.74149749252,1.74305997063,1.744619751,1.74617684645,1.74773126963,1.74928303303,1.75083214903,1.75237862987,1.75392248764
173,0,0.293978922335,0.878584400713,1.14298170324,1.25601715056,1.31284620497,1.35290739342,1.38281746141,1.4061097194,1.42484894621,1.44032443857,1.45338333747,1.46460523928,1.47439997185,1.48306536243,1.49082290855,1.49784063509,1.50424820926,1.51014721128,1.51561828052,1.52072619218,1.52552353112,1.53005339456,1.53435141014,1.53844726301,1.54236586554,1.54612826326,1.54975234376,1.55325339645,1.55664455858,1.55993717331,1.56314107943,1.5662648473,1.56931597232,1.57230103449,1.57522583072,1.57809548523,1.58091454201,1.58368704267,1.58641659232,1.58910641547,1.59175940377,1.59437815678,1.59696501706,1.59952210042,1.60205132202,1.60455441905,1.60703297048,1.60948841427,1.61192206243,1.6143351142,1.61672866773,1.61910373025,1.62146122719,1.62380201013,1.62612686395,1.62843651314,1.63073162743,1.63301282681,1.63528068607,1.63753573877,1.63977848088,1.64200937404,1.6442288485,1.6464373057,1.64863512071,1.65082264438,1.65300020526,1.65516811139,1.65732665193,1.65947609859,1.66161670695,1.66374871774,1.66587235787,1.66798784151,1.67009537095,1.67219513751,1.67428732229,1.67637209686,1.67844962397,1.68052005811,1.68258354608,1.6846402275,1.6866902353,1.68873369612,1.69077073074,1.69280145443,1.69482597733,1.69684440474,1.6988568374,1.70086337183,1.70286410051,1.70485911215,1.70684849193,1.70883232167,1.71081068005,1.71278364274,1.71475128263,1.71671366996,1.71867087242,1.72062295537,1.7225699819,1.72451201295,1.72644910747,1.72838132249,1.73030871319,1.73223133306,1.73414923393,1.73606246607,1.73797107826,1.73987511788,1.74177463093,1.74366966217,1.74556025509,1.74744645203,1.74932829423,1.75120582183,1.75307907397,1.75494808881,1.75681290357,1.75867355458,1.76053007732,1.76238250643,1.76423087578,1.76607521847,1.76791556688,1.76975195269,1.77158440692,1.77341295993,1.77523764148,1.77705848069,1.77887550616,1.7806887459,1.7824982274,1.78430397762,1.78610602304,1.78790438965,1.78969910298,1.79149018811,1.79327766969,1.79506157195,1.79684191872,1.79861873342,1.80039203911,1.80216185846,1.80392821382,1.80569112716,1.80745062013,1.80920671404,1.81095942991
174,0,0.330240854878,0.914600388154,1.16996807406,1.27432223832,1.32686056698,1.36376875439,1.3912358988,1.41256177568,1.42967176352,1.44376632202,1.45563305795,1.46581004483,1.47467719221,1.48251017959,1.48951373024,1.49584291343,1.50161721895,1.50693011246,1.51185567806,1.51645333325,1.52077123788,1.52484879996,1.52871854498,1.53240752917,1.53593842117,1.53933033895,1.54259950417,1.5457597584,1.54882297404,1.55179938397,1.55469784797,1.55752606952,1.56029077342,1.56299785208,1.56565248681,1.56825924882,1.57082218378,1.57334488296,1.57583054335,1.57828201862,1.58070186261,1.58309236641,1.5854555903,1.58779339115,1.59010744613,1.59239927328,1.59467024935,1.59692162538,1.59915454028,1.60137003275,1.60356905177,1.6057524658,1.6079210709,1.61007559798,1.6122167191,1.6143450532,1.61646117111,1.61856560003,1.62065882759,1.62274130537,1.6248134522,1.62687565699,1.62892828135,1.63097166193,1.63300611253,1.635031926,1.63704937599,1.63905871846,1.64106019316,1.64305402487,1.64504042458,1.64701959057,1.64899170936,1.65095695662,1.65291549795,1.65486748964,1.65681307934,1.65875240668,1.66068560385,1.6626127961,1.66453410224,1.66644963508,1.66835950182,1.67026380446,1.67216264009,1.67405610127,1.6759442763,1.67782724946,1.67970510134,1.68157790897,1.68344574615,1.68530868356,1.68716678899,1.68902012751,1.69086876162,1.69271275142,1.6945521547,1.69638702716,1.69821742242,1.70004339224,1.70186498655,1.70368225357,1.70549523993,1.7073039907,1.70910854954,1.71090895871,1.71270525918,1.71449749068,1.71628569179,1.71806989994,1.71985015154,1.72162648196,1.72339892563,1.72516751607,1.7269322859,1.72869326694,1.73045049021,1.73220398597,1.73395378375,1.7356999124,1.7374424001,1.73918127441,1.74091656227,1.74264829005,1.74437648355,1.74610116806,1.74782236832,1.7495401086,1.75125441272,1.75296530399,1.75467280534,1.75637693923,1.75807772775,1.75977519258,1.76146935504,1.76316023605,1.76484785623,1.76653223583,1.76821339477,1.76989135267,1.77156612884,1.77323774229,1.77490621175,1.77657155565,1.77823379219,1.77989293928,1.7815490146,1.78320203555,1.78485201933
175,0,0.283701471114,0.9072310487,1.17981777012,1.28672382716,1.33508140167,1.36879449057,1.39369442916,1.41288300059,1.42816584198,1.44066611371,1.45111895634,1.46002538659,1.467738279,1.47451305145,1.48053889301,1.48595872918,1.4908823952,1.49539556723,1.49956596239,1.50344773347,1.50708464183,1.5105123863,1.51376033798,1.51685284996,1.5198102581,1.52264965432,1.52538549012,1.52803005212,1.53059383982,1.53308586827,1.53551391227,1.53788470469,1.54020409871,1.54247720128,1.54470848341,1.54690187201,1.54906082656,1.55118840351,1.55328731056,1.55535995268,1.55740847118,1.55943477705,1.56144057958,1.56342741086,1.56539664698,1.56734952628,1.56928716528,1.57121057242,1.57312066013,1.57501825534,1.57690410868,1.5787789026,1.58064325849,1.58249774296,1.5843428734,1.58617912291,1.58800692468,1.58982667585,1.59163874099,1.59344345518,1.59524112678,1.5970320399,1.59881645658,1.60059461885,1.60236675045,1.60413305846,1.60589373479,1.60764895742,1.60939889165,1.61114369114,1.61288349887,1.61461844806,1.61634866294,1.61807425948,1.61979534606,1.62151202407,1.62322438847,1.62493252826,1.62663652698,1.6283364631,1.63003241042,1.63172443841,1.63341261254,1.63509699457,1.63677764283,1.63845461245,1.64012795562,1.64179772177,1.6434639578,1.64512670821,1.64678601531,1.64844191936,1.65009445869,1.65174366985,1.65338958775,1.65503224572,1.65667167565,1.65830790807,1.65994097227,1.66157089632,1.66319770721,1.66482143089,1.66644209233,1.66805971558,1.66967432386,1.67128593958,1.67289458439,1.67450027924,1.67610304441,1.67770289957,1.67929986378,1.68089395557,1.68248519292,1.68407359335,1.68565917389,1.68724195116,1.68882194133,1.69039916021,1.69197362323,1.69354534547,1.69511434167,1.69668062629,1.69824421345,1.69980511702,1.70136335058,1.70291892748,1.7044718608,1.70602216342,1.70756984798,1.70911492693,1.71065741249,1.71219731674,1.71373465153,1.71526942857,1.71680165939,1.71833135538,1.71985852774,1.72138318757,1.72290534582,1.72442501328,1.72594220064,1.72745691846,1.72896917718,1.73047898713,1.73198635853,1.73349130148,1.73499382601,1.73649394201,1.73799165932
176,0,0.436971985439,0.956244304785,1.18732961407,1.29508015467,1.34686126638,1.38270454187,1.40935012401,1.43001268563,1.44656819142,1.46018640532,1.47163484794,1.48143789358,1.4899657873,1.49748719562,1.50420162987,1.51026020544,1.51577935866,1.52085015966,1.52554478691,1.5299211229,1.53402607714,1.53789802876,1.54156864868,1.54506427735,1.54840697916,1.55161535832,1.55470519668,1.55768995699,1.56058118348,1.56338882315,1.56612148547,1.56878665371,1.57139085806,1.57393981818,1.57643856143,1.5788915213,1.58130261977,1.58367533668,1.58601276825,1.5883176768,1.59059253301,1.59283955214,1.59506072507,1.597257845,1.59943253057,1.60158624583,1.60372031767,1.6058359509,1.60793424156,1.61001618845,1.61208270339,1.6141346201,1.61617270217,1.61819765006,1.62021010726,1.62221066582,1.62419987124,1.62617822687,1.62814619773,1.63010421409,1.63205267453,1.63399194878,1.63592238021,1.63784428814,1.63975796986,1.64166370249,1.64356174464,1.64545233795,1.64733570841,1.64921206767,1.65108161414,1.65294453402,1.65480100223,1.6566511833,1.65849523211,1.66033329465,1.66216550863,1.66399200411,1.66581290403,1.66762832474,1.66943837643,1.67124316358,1.67304278534,1.67483733592,1.67662690486,1.67841157742,1.68019143477,1.68196655436,1.68373701005,1.68550287244,1.68726420899,1.68902108427,1.69077356013,1.69252169582,1.69426554822,1.69600517192,1.6977406194,1.69947194109,1.70119918559,1.70292239965,1.7046416284,1.70635691532,1.70806830243,1.70977583032,1.71147953823,1.71317946413,1.7148756448,1.71656811585,1.71825691185,1.7199420663,1.72162361174,1.7233015798,1.72497600121,1.72664690587,1.72831432287,1.72997828056,1.73163880656,1.73329592779,1.73494967052,1.73660006038,1.73824712243,1.73989088111,1.74153136035,1.74316858354,1.74480257356,1.74643335283,1.74806094328,1.74968536642,1.75130664333,1.75292479466,1.75453984071,1.75615180136,1.75776069616,1.7593665443,1.76096936462,1.76256917567,1.76416599565,1.76575984248,1.7673507338,1.76893868695,1.770523719,1.77210584679,1.77368508686,1.77526145554,1.77683496891,1.77840564282,1.77997349292,1.78153853461,1.78310078311
177,0,0.263228763182,0.906508270615,1.20093555801,1.31505983623,1.36650029787,1.40241623899,1.42897890934,1.44947354244,1.46581404998,1.47919184277,1.49038731372,1.49993271244,1.50820318655,1.51547047501,1.52193600407,1.52775205653,1.53303574574,1.53787849372,1.54235261398,1.5465159794,1.550415394,1.55408906882,1.55756846704,1.56087969762,1.56404458064,1.56708147088,1.57000590088,1.57283108778,1.57556833629,1.57822736154,1.58081654977,1.58334317015,1.58581354809,1.58823320789,1.59060699077,1.59293915304,1.59523344822,1.59749319602,1.5997213405,1.6019204994,1.60409300604,1.60624094516,1.60836618356,1.6104703965,1.61255509043,1.61462162269,1.61667121857,1.61870498617,1.62072392937,1.62272895915,1.62472090358,1.62670051649,1.62866848522,1.63062543738,1.63257194689,1.63450853929,1.63643569647,1.63835386089,1.64026343933,1.64216480623,1.6440583067,1.64594425918,1.64782295788,1.64969467493,1.65155966233,1.65341815368,1.65527036579,1.65711650011,1.658956744,1.66079127194,1.66262024654,1.66444381956,1.66626213274,1.66807531864,1.66988350131,1.67168679703,1.67348531483,1.67527915712,1.67706842012,1.6788531944,1.68063356524,1.68240961304,1.68418141369,1.68594903889,1.68771255644,1.68947203051,1.69122752193,1.69297908839,1.69472678467,1.69647066285,1.69821077247,1.69994716072,1.70167987258,1.70340895099,1.70513443696,1.70685636972,1.70857478681,1.7102897242,1.7120012164,1.71370929651,1.71541399638,1.71711534661,1.71881337669,1.72050811501,1.72219958898,1.72388782506,1.72557284879,1.72725468492,1.72893335738,1.73060888936,1.73228130335,1.73395062117,1.73561686404,1.73728005255,1.73894020677,1.74059734622,1.74225148992,1.74390265641,1.7455508638,1.74719612977,1.74883847158,1.75047790611,1.7521144499,1.75374811911,1.7553789296,1.75700689689,1.75863203621,1.76025436252,1.7618738905,1.76349063455,1.76510460885,1.76671582733,1.7683243037,1.76993005144,1.77153308386,1.77313341402,1.77473105482,1.77632601897,1.77791831902,1.77950796732,1.78109497609,1.78267935737,1.78426112307,1.78584028493,1.78741685458,1.78899084349,1.79056226302,1.79213112439,1.79369743871
178,0,0.36371462431,0.964358196279,1.21094044992,1.30040737939,1.34548564851,1.376907195,1.40012009476,1.41801927409,1.43228834905,1.44397364714,1.45375944337,1.46211171457,1.46935840403,1.4757367085,1.48142219523,1.48654740733,1.49121413318,1.49550172034,1.49947284426,1.50317759503,1.50665642668,1.5099423207,1.51306239713,1.5160391301,1.51889127635,1.5216345923,1.52428239349,1.52684599515,1.52933506206,1.53175788871,1.53412162527,1.53643246103,1.5386957744,1.54091625621,1.54309801165,1.545244645,1.54735933048,1.54944487159,1.55150375124,1.55353817412,1.55555010273,1.55754128812,1.55951329618,1.56146753025,1.56340525058,1.56532759117,1.56723557436,1.56913012349,1.571012074,1.57288218302,1.57474113792,1.57658956367,1.57842802938,1.58025705414,1.58207711201,1.58388863662,1.58569202513,1.58748764179,1.58927582114,1.59105687078,1.59283107395,1.59459869177,1.59635996523,1.59811511708,1.59986435339,1.60160786508,1.60334582919,1.60507841013,1.60680576072,1.6085280232,1.61024533006,1.61195780494,1.61366556324,1.61536871289,1.61706735488,1.61876158385,1.62045148857,1.6221371524,1.62381865372,1.62549606629,1.62716945961,1.62883889925,1.63050444713,1.63216616179,1.63382409862,1.63547831014,1.63712884613,1.63877575391,1.64041907843,1.64205886249,1.64369514689,1.64532797052,1.64695737055,1.64858338248,1.65020604032,1.65182537665,1.6534414227,1.65505420849,1.65666376285,1.65827011352,1.65987328725,1.6614733098,1.66307020605,1.66466400005,1.66625471503,1.66784237349,1.66942699726,1.67100860746,1.67258722465,1.67416286875,1.67573555918,1.67730531481,1.67887215404,1.68043609479,1.68199715457,1.68355535044,1.68511069911,1.6866632169,1.68821291977,1.68975982336,1.69130394299,1.6928452937,1.69438389021,1.69591974699,1.69745287825,1.69898329795,1.70051101983,1.70203605739,1.70355842392,1.70507813252,1.70659519607,1.70810962728,1.70962143869,1.71113064265,1.71263725135,1.71414127684,1.715642731,1.71714162557,1.71863797215,1.7201317822,1.72162306707,1.72311183796,1.72459810596,1.72608188205,1.72756317708,1.72904200181,1.73051836688,1.73199228284,1.73346376012
179,0,0.290344177722,0.946247281587,1.21680094681,1.31007332007,1.36307624577,1.4003800579,1.42819605795,1.44983670259,1.46723531481,1.48159767826,1.49371515494,1.50412857574,1.51321994131,1.52126655957,1.5284744502,1.53499973398,1.54096276733,1.54645774001,1.55155934851,1.55632753368,1.56081090688,1.56504926885,1.56907548924,1.57291692796,1.57659652317,1.58013363344,1.58354469621,1.58684374755,1.59004283587,1.59315235396,1.59618130741,1.59913753313,1.60202787835,1.60485834819,1.60763422795,1.61036018509,1.61304035455,1.61567841056,1.61827762741,1.62084093093,1.6233709424,1.62587001613,1.62834027171,1.63078362174,1.63320179587,1.63559636162,1.63796874242,1.64032023345,1.6426520154,1.64496516655,1.64726067342,1.64953944014,1.65180229668,1.65405000619,1.65628327148,1.65850274078,1.6607090129,1.66290264173,1.66508414044,1.66725398504,1.66941261775,1.67156044987,1.67369786451,1.67582521894,1.67794284674,1.68005105979,1.68215015002,1.68424039099,1.68632203935,1.68839533621,1.69046050827,1.69251776895,1.69456731939,1.69660934936,1.69864403808,1.700671555,1.70269206048,1.70470570645,1.70671263699,1.70871298888,1.71070689206,1.71269447014,1.71467584079,1.71665111614,1.71862040314,1.72058380387,1.72254141589,1.72449333249,1.72643964295,1.72838043283,1.73031578413,1.73224577556,1.73417048269,1.73608997818,1.73800433189,1.7399136111,1.7418178806,1.74371720286,1.74561163816,1.74750124469,1.74938607868,1.75126619449,1.75314164473,1.7550124803,1.75687875054,1.75874050328,1.7605977849,1.76245064044,1.76429911362,1.76614324694,1.76798308172,1.76981865816,1.77165001539,1.77347719153,1.77530022372,1.77711914816,1.77893400017,1.78074481424,1.782551624,1.78435446234,1.78615336139,1.78794835256,1.78973946659,1.79152673353,1.79331018284,1.79508984333,1.79686574324,1.79863791027,1.80040637155,1.8021711537,1.80393228284,1.80568978461,1.80744368416,1.80919400623,1.81094077509,1.81268401461,1.81442374825,1.81615999908,1.81789278978,1.81962214267,1.82134807973,1.82307062258,1.8247897925,1.82650561047,1.82821809713,1.82992727285,1.83163315767,1.83333577136,1.83503513342
180,0,0.271567289919,0.912037733599,1.19336625444,1.30052894846,1.3492963643,1.38329137252,1.40839667912,1.42774129934,1.44314666821,1.45574573821,1.4662800359,1.475254914,1.48302628923,1.48985177272,1.4959221714,1.50138162781,1.50634090834,1.51088641214,1.51508642512,1.51899555264,1.52265791994,1.52610952109,1.5293799688,1.53249381531,1.5354715618,1.53833043828,1.54108501226,1.54374766832,1.5463289891,1.54883806053,1.55128271803,1.5536697466,1.55600504436,1.55829375712,1.56054038962,1.56274889813,1.56492276773,1.56706507726,1.56917855406,1.57126562034,1.57332843259,1.57536891519,1.57738878926,1.57938959735,1.5813727248,1.58333941819,1.58529080134,1.58722788918,1.58915159992,1.59106276563,1.59296214155,1.59485041421,1.59672820867,1.59859609478,1.60045459288,1.60230417866,1.60414528764,1.60597831904,1.6078036393,1.60962158516,1.61143246647,1.61323656866,1.61503415497,1.61682546847,1.61861073385,1.62039015903,1.62216393664,1.62393224535,1.62569525104,1.62745310787,1.6292059593,1.63095393893,1.63269717134,1.63443577282,1.63616985201,1.63789951053,1.63962484352,1.64134594017,1.64306288415,1.64477575405,1.64648462376,1.64818956283,1.64989063678,1.65158790743,1.65328143312,1.65497126901,1.6566574673,1.65834007741,1.66001914621,1.66169471822,1.66336683569,1.66503553886,1.66670086602,1.66836285368,1.6700215367,1.67167694837,1.67332912051,1.67497808362,1.67662386691,1.67826649842,1.67990600505,1.6815424127,1.68317574628,1.68480602979,1.68643328638,1.68805753839,1.68967880742,1.69129711435,1.69291247942,1.69452492221,1.69613446175,1.69774111649,1.69934490437,1.70094584284,1.70254394889,1.70413923906,1.7057317295,1.70732143595,1.70890837379,1.71049255805,1.71207400344,1.71365272435,1.71522873487,1.71680204882,1.71837267975,1.71994064095,1.72150594549,1.72306860618,1.72462863564,1.72618604628,1.7277408503,1.72929305973,1.7308426864,1.73238974199,1.733934238,1.73547618579,1.73701559654,1.73855248133,1.74008685107,1.74161871655,1.74314808842,1.74467497724,1.74619939343,1.74772134728,1.74924084902,1.75075790873,1.75227253641,1.75378474197,1.7552945352
181,0,0.470470463888,1.01149202684,1.22925136182,1.31361313401,1.3624285937,1.39686451535,1.42260710219,1.44268887823,1.45887994731,1.47228445484,1.48362719478,1.49340361921,1.50196377201,1.50956184131,1.51638673608,1.52258166555,1.52825707862,1.53349945085,1.53837739458,1.54294599727,1.54724995925,1.55132590088,1.55520408436,1.558909716,1.56246394327,1.56588462668,1.56918694344,1.57238386403,1.57548653162,1.57850456674,1.58144631348,1.58431904012,1.58712910345,1.58988208426,1.59258289975,1.59523589714,1.59784493217,1.6004134351,1.6029444666,1.60544076513,1.60790478735,1.61033874275,1.6127446233,1.61512422907,1.61747919038,1.61981098693,1.62212096459,1.62441034986,1.62668026271,1.62893172767,1.63116568371,1.63338299289,1.63558444798,1.63777077926,1.63994266055,1.64210071449,1.64424551735,1.64637760328,1.64849746809,1.65060557265,1.65270234597,1.65478818791,1.65686347169,1.65892854611,1.66098373753,1.66302935175,1.66506567559,1.66709297847,1.66911151368,1.67112151969,1.67312322122,1.67511683033,1.67710254726,1.67908056141,1.68105105201,1.6830141889,1.68497013319,1.68691903783,1.68886104819,1.69079630257,1.69272493265,1.69464706396,1.69656281623,1.69847230382,1.700375636,1.70227291731,1.70416424785,1.7060497235,1.70792943626,1.70980347437,1.71167192266,1.71353486262,1.71539237269,1.71724452836,1.7190914024,1.72093306495,1.7227695837,1.72460102401,1.72642744903,1.72824891983,1.73006549549,1.73187723321,1.7336841884,1.73548641479,1.73728396448,1.73907688803,1.74086523457,1.7426490518,1.74442838612,1.74620328265,1.7479737853,1.74973993685,1.75150177894,1.75325935218,1.75501269618,1.75676184956,1.75850685003,1.76024773441,1.76198453867,1.76371729797,1.76544604668,1.76717081842,1.76889164609,1.77060856189,1.77232159737,1.7740307834,1.77573615027,1.77743772766,1.77913554465,1.7808296298,1.78252001112,1.78420671611,1.78588977175,1.78756920456,1.78924504058,1.79091730541,1.79258602421,1.7942512217,1.79591292223,1.79757114971,1.79922592769,1.80087727934,1.80252522748,1.80416979455,1.80581100269,1.80744887368,1.80908342899,1.81071468976,1.81234267685
182,0,0.274311459913,0.921847528703,1.20005337262,1.30307436735,1.35119622427,1.3847417431,1.40951721173,1.42861049002,1.44381878554,1.45625982501,1.46666507383,1.47553296635,1.48321450544,1.48996371713,1.49596873272,1.50137165887,1.50628168668,1.51078397847,1.51494583641,1.51882107449,1.52245317477,1.52587760378,1.52912353789,1.53221516579,1.53517268362,1.53801306386,1.54075065533,1.54339765594,1.54596448821,1.54846010007,1.55089220757,1.553267492,1.55559176107,1.55787008148,1.56010688859,1.56230607758,1.56447107964,1.5666049259,1.56871030143,1.57078959081,1.57284491705,1.57487817463,1.57689105791,1.5788850855,1.58086162125,1.58282189241,1.58476700541,1.58669795951,1.58861565878,1.59052092251,1.59241449438,1.59429705046,1.59616920632,1.59803152322,1.59988451366,1.60172864627,1.6035643501,1.60539201851,1.60721201261,1.60902466427,1.61083027891,1.61262913792,1.61442150089,1.61620760752,1.61798767944,1.61976192181,1.62153052472,1.62329366452,1.62505150498,1.62680419835,1.62855188634,1.63029470098,1.6320327654,1.63376619456,1.63549509593,1.63721957005,1.6389397111,1.64065560737,1.64236734174,1.64407499208,1.64577863166,1.64747832944,1.64917415044,1.650866156,1.65255440409,1.6542389495,1.65591984412,1.6575971371,1.6592708751,1.66094110241,1.66260786114,1.66427119139,1.66593113134,1.66758771742,1.66924098443,1.67089096561,1.67253769279,1.67418119644,1.67582150579,1.67745864891,1.67909265276,1.68072354328,1.68235134545,1.68397608336,1.68559778023,1.6872164585,1.68883213989,1.69044484538,1.69205459532,1.69366140944,1.69526530687,1.69686630621,1.69846442554,1.70005968245,1.70165209406,1.70324167709,1.70482844782,1.70641242215,1.70799361561,1.70957204341,1.71114772039,1.71272066111,1.71429087982,1.71585839051,1.71742320688,1.7189853424,1.72054481028,1.72210162352,1.72365579488,1.72520733694,1.72675626206,1.72830258243,1.72984631005,1.73138745676,1.7329260342,1.73446205391,1.73599552722,1.73752646536,1.7390548794,1.74058078029,1.74210417884,1.74362508573,1.74514351155,1.74665946676,1.7481729617,1.74968400662,1.75119261166,1.75269878687,1.75420254219
183,0,0.296203514807,0.907242036886,1.17865554153,1.28983286796,1.34196311237,1.37846232129,1.40553245016,1.42647758062,1.44322407737,1.45697203524,1.46850815877,1.47836943766,1.48693467549,1.49447849376,1.50120463414,1.5072672691,1.51278507538,1.51785078414,1.52253781667,1.52690499212,1.53099992954,1.5348615473,1.53852192664,1.54200771986,1.54534122745,1.54854123112,1.55162364463,1.55460202702,1.55748799086,1.56029152958,1.56302128179,1.56568474636,1.56828845836,1.57083813401,1.57333879067,1.57579484674,1.57821020527,1.58058832416,1.58293227554,1.58524479598,1.58752832937,1.58978506344,1.59201696113,1.5942257876,1.59641313344,1.59858043493,1.60072899147,1.60285998085,1.6049744726,1.60707343957,1.60915776824,1.61122826763,1.6132856773,1.61533067433,1.61736387953,1.61938586294,1.6213971487,1.62339821948,1.6253895203,1.62737146201,1.62934442444,1.63130875918,1.63326479205,1.63521282539,1.63715314008,1.63908599737,1.64101164053,1.64293029637,1.64484217656,1.64674747887,1.64864638833,1.65053907817,1.65242571079,1.6543064386,1.65618140479,1.65805074399,1.65991458298,1.66177304119,1.66362623133,1.66547425981,1.66731722721,1.66915522872,1.67098835449,1.67281669,1.67464031638,1.67645931067,1.67827374617,1.68008369263,1.68188921649,1.68369038114,1.68548724706,1.68727987205,1.68906831139,1.69085261799,1.69263284254,1.69440903364,1.69618123795,1.6979495003,1.69971386378,1.70147436987,1.7032310585,1.70498396818,1.70673313605,1.708478598,1.71022038867,1.71195854158,1.71369308917,1.71542406287,1.71715149314,1.71887540951,1.72059584068,1.72231281449,1.72402635804,1.72573649767,1.72744325903,1.72914666708,1.73084674619,1.73254352009,1.73423701196,1.73592724442,1.73761423958,1.73929801904,1.74097860394,1.74265601496,1.74433027235,1.74600139596,1.74766940521,1.74933431918,1.75099615657,1.75265493573,1.75431067468,1.75596339113,1.75761310247,1.75925982581,1.76090357795,1.76254437545,1.76418223458,1.76581717139,1.76744920165,1.76907834092,1.77070460452,1.77232800757,1.77394856496,1.77556629139,1.77718120135,1.77879330915,1.7804026289,1.78200917456,1.7836129599
184,0,0.334266153943,0.971715040531,1.23145921566,1.31888991455,1.36691999269,1.40050711895,1.42540032761,1.4446572141,1.46005761393,1.47270867361,1.48333512454,1.4924309694,1.50034421935,1.50732684181,1.51356553187,1.51920138524,1.52434287848,1.52907466945,1.53346370689,1.53756356111,1.54141755102,1.54506103951,1.54852314353,1.55182802525,1.55499587886,1.55804369315,1.56098584684,1.56383457764,1.56660035507,1.56929217921,1.57191782172,1.57448402174,1.57699664616,1.57946082141,1.58188104259,1.5842612642,1.58660497599,1.58891526669,1.59119487777,1.59344624896,1.595671557,1.5978727487,1.60005156925,1.60220958661,1.60434821251,1.6064687206,1.60857226226,1.61065988028,1.61273252086,1.61479104407,1.61683623305,1.61886880206,1.62088940359,1.62289863468,1.62489704241,1.62688512887,1.62886335554,1.63083214712,1.63279189509,1.63474296073,1.63668567793,1.63862035569,1.64054728029,1.64246671738,1.64437891368,1.6462840987,1.64818248615,1.65007427528,1.6519596521,1.65383879043,1.65571185293,1.65757899195,1.65944035038,1.66129606239,1.66314625407,1.66499104409,1.66683054425,1.66866485999,1.67049409086,1.67231833094,1.67413766927,1.67595219019,1.67776197366,1.6795670956,1.68136762816,1.68316363996,1.68495519634,1.6867423596,1.68852518918,1.69030374187,1.69207807194,1.69384823136,1.69561426991,1.69737623533,1.69913417344,1.70088812827,1.70263814215,1.70438425586,1.70612650865,1.70786493841,1.70959958167,1.71133047375,1.71305764879,1.71478113983,1.71650097885,1.71821719687,1.71992982396,1.72163888933,1.72334442134,1.72504644757,1.72674499485,1.72844008929,1.73013175636,1.73182002085,1.73350490696,1.73518643834,1.73686463804,1.73853952862,1.74021113215,1.74187947018,1.74354456386,1.74520643388,1.74686510051,1.74852058364,1.75017290277,1.75182207705,1.75346812528,1.75511106592,1.75675091711,1.75838769669,1.76002142222,1.76165211095,1.76327977987,1.76490444572,1.76652612497,1.76814483386,1.76976058838,1.77137340432,1.77298329722,1.77459028245,1.77619437513,1.77779559023,1.77939394248,1.78098944647,1.78258211659,1.78417196706,1.78575901192,1.78734326508,1.78892474025
185,0,0.336387372639,0.902422093133,1.15360325599,1.26112714935,1.31228971408,1.34814049043,1.37475284034,1.39536262614,1.41185663283,1.42541043304,1.43679475374,1.44653575118,1.45500464194,1.4624705901,1.46913332244,1.4751440006,1.48061900605,1.48564929481,1.49030689809,1.49464953435,1.49872394257,1.50256833131,1.50621420484,1.50968774324,1.51301085809,1.51620200904,1.51927684175,1.52224869116,1.52512898173,1.52792754841,1.53065289595,1.53331240976,1.53591252859,1.53845888665,1.54095643144,1.54340952175,1.54582200966,1.54819730958,1.55053845643,1.55284815503,1.55512882211,1.55738262231,1.55961149889,1.56181720031,1.56400130307,1.56616523155,1.56831027522,1.57043760362,1.57254827948,1.57464327013,1.57672345764,1.57878964758,1.58084257691,1.58288292084,1.58491129893,1.58692828052,1.58893438959,1.590930109,1.59291588435,1.59489212739,1.59685921911,1.5988175125,1.60076733497,1.60270899064,1.60464276229,1.60656891321,1.60848768881,1.61039931812,1.61230401509,1.61420197986,1.61609339983,1.61797845064,1.61985729717,1.62173009426,1.62359698758,1.62545811423,1.62731360343,1.6291635771,1.63100815038,1.63284743209,1.63468152523,1.63651052738,1.63833453103,1.640153624,1.6419678897,1.64377740748,1.64558225285,1.64738249776,1.64917821086,1.65096945763,1.6527563007,1.65453879991,1.65631701259,1.65809099364,1.65986079572,1.66162646936,1.66338806312,1.66514562368,1.66689919597,1.66864882323,1.67039454719,1.67213640806,1.67387444469,1.67560869459,1.67733919407,1.67906597822,1.68078908106,1.68250853554,1.68422437362,1.68593662631,1.68764532376,1.68935049522,1.69105216917,1.69275037331,1.69444513463,1.69613647941,1.69782443327,1.69950902122,1.70119026764,1.70286819638,1.70454283072,1.70621419343,1.70788230676,1.70954719253,1.71120887206,1.71286736626,1.71452269562,1.71617488024,1.71782393981,1.71946989368,1.72111276083,1.72275255992,1.72438930926,1.72602302688,1.72765373048,1.72928143747,1.73090616501,1.73252792996,1.73414674893,1.73576263829,1.73737561415,1.73898569241,1.74059288872,1.74219721853,1.74379869706,1.74539733934,1.7469931602,1.74858617428,1.75017639602
186,0,0.361287615878,1.01290447851,1.27097814566,1.35527128597,1.40306796395,1.43655578125,1.46142023832,1.48068756891,1.49612073577,1.50881724086,1.51949605781,1.5286476441,1.5366177825,1.54365702369,1.54995116048,1.55564071965,1.56083382855,1.56561494251,1.57005090641,1.57419525337,1.57809131005,1.58177447718,1.58527392933,1.58861389891,1.59181465795,1.59489327717,1.59786421885,1.60073980416,1.60353058489,1.60624564129,1.60889282263,1.61147894281,1.61400994038,1.6164910103,1.61892671305,1.6213210654,1.62367761633,1.62599951086,1.62828954395,1.6305502061,1.63278372227,1.63499208501,1.63717708298,1.63934032539,1.64148326314,1.64360720711,1.64571334403,1.64780275033,1.64987640416,1.65193519602,1.65397993799,1.6560113719,1.65803017649,1.66003697382,1.66203233483,1.66401678438,1.66599080564,1.66795484408,1.66990931096,1.6718545865,1.6737910227,1.67571894584,1.67763865879,1.67955044304,1.68145456051,1.68335125525,1.68524075493,1.68712327217,1.6889990058,1.69086814198,1.69273085516,1.69458730908,1.69643765752,1.69828204513,1.7001206081,1.7019534748,1.70378076636,1.70560259719,1.7074190755,1.7092303037,1.71103637885,1.71283739304,1.71463343367,1.71642458388,1.71821092273,1.71999252555,1.72176946415,1.72354180706,1.72530961975,1.72707296483,1.72883190221,1.73058648929,1.73233678112,1.7340828305,1.7358246882,1.73756240299,1.73929602183,1.74102558993,1.74275115089,1.74447274676,1.74619041813,1.74790420426,1.74961414307,1.7513202713,1.75302262452,1.7547212372,1.75641614279,1.75810737375,1.75979496161,1.76147893702,1.7631593298,1.76483616897,1.76650948278,1.76817929879,1.76984564384,1.77150854414,1.77316802527,1.77482411223,1.77647682943,1.77812620075,1.77977224957,1.78141499875,1.78305447068,1.78469068732,1.78632367017,1.78795344033,1.78958001849,1.79120342497,1.79282367972,1.79444080232,1.79605481203,1.79766572777,1.79927356815,1.80087835148,1.80248009578,1.80407881878,1.80567453793,1.80726727044,1.80885703326,1.81044384307,1.81202771635,1.81360866932,1.815186718,1.81676187817,1.81833416543,1.81990359517,1.82147018256,1.8230339426,1.82459489011
187,0,0.40888380088,0.972128216653,1.22094604928,1.32822772954,1.38219575151,1.42021785037,1.44859012717,1.47067377059,1.48843246687,1.50309207675,1.51545785811,1.52608061439,1.53534971734,1.54354805801,1.55088597318,1.55752298122,1.56358215362,1.56915987899,1.57433265563,1.57916191636,1.58369751958,1.58798031708,1.59204407121,1.59591690524,1.5996224143,1.60318052557,1.60660817129,1.60991982018,1.61312790069,1.61624314084,1.61927484307,1.62223110811,1.62511901848,1.62794478978,1.63071389621,1.63343117518,1.63610091497,1.63872692852,1.64131261585,1.64386101704,1.64637485742,1.64885658623,1.65130840979,1.65373232018,1.65613011996,1.65850344358,1.66085377614,1.66318246961,1.6654907571,1.66777976534,1.67005052571,1.67230398385,1.67454100828,1.67676239794,1.67896888891,1.68116116039,1.68333984001,1.68550550858,1.68765870436,1.68979992682,1.69192964009,1.694048276,1.69615623687,1.69825389796,1.70034160975,1.70241969996,1.70448847538,1.70654822356,1.70859921431,1.71064170108,1.71267592223,1.71470210214,1.71672045228,1.71873117215,1.72073445017,1.72273046446,1.72471938355,1.72670136712,1.72867656653,1.73064512547,1.73260718042,1.73456286115,1.73651229118,1.73845558816,1.74039286426,1.74232422654,1.74424977724,1.7461696141,1.74808383062,1.74999251635,1.75189575707,1.75379363509,1.75568622939,1.75757361584,1.75945586738,1.76133305419,1.76320524381,1.76507250134,1.76693488953,1.76879246894,1.77064529802,1.77249343326,1.77433692927,1.77617583887,1.77801021322,1.77984010185,1.78166555279,1.78348661261,1.7853033265,1.78711573835,1.78892389081,1.79072782532,1.7925275822,1.79432320068,1.79611471896,1.79790217426,1.79968560286,1.80146504011,1.80324052053,1.8050120778,1.80677974481,1.80854355368,1.81030353583,1.81205972196,1.8138121421,1.81556082565,1.81730580138,1.81904709747,1.82078474154,1.82251876063,1.82424918128,1.82597602951,1.82769933084,1.82941911031,1.83113539254,1.83284820166,1.83455756139,1.83626349507,1.83796602558,1.83966517548,1.8413609669,1.84305342165,1.84474256116,1.84642840656,1.8481109786,1.84979029777,1.85146638419,1.85313925774,1.85480893796
188,0,0.319577568674,0.911571927356,1.18306847954,1.30584893744,1.36292613844,1.40280663137,1.43251866951,1.45560302384,1.47412895555,1.48938856998,1.5022308216,1.51323650187,1.52281623587,1.5312683848,1.53881480196,1.54562374514,1.55182502861,1.55752031896,1.56279029867,1.56769975513,1.57230126321,1.57663789435,1.58074523919,1.58465293805,1.58838585316,1.59196497644,1.59540813976,1.59873057578,1.60194536468,1.6050637928,1.60809564278,1.61104942981,1.61393259531,1.61675166661,1.61951238943,1.62221983825,1.62487850884,1.62749239617,1.63006506018,1.63259968177,1.63509911041,1.63756590495,1.64000236865,1.64241057934,1.64479241556,1.64714957913,1.64948361488,1.6517959278,1.65408779805,1.65636039415,1.65861478452,1.66085194771,1.6630727814,1.66527811036,1.66746869355,1.66964523037,1.67180836628,1.6739586978,1.67609677697,1.67822311534,1.68033818755,1.68244243458,1.68453626664,1.68662006576,1.68869418817,1.69075896646,1.69281471143,1.69486171393,1.69690024639,1.69893056429,1.70095290746,1.70296750129,1.70497455781,1.70697427668,1.70896684612,1.71095244375,1.71293123732,1.71490338544,1.7168690382,1.7188283378,1.72078141904,1.72272840988,1.72466943184,1.72660460047,1.72853402574,1.73045781237,1.7323760602,1.73428886448,1.73619631617,1.73809850221,1.73999550574,1.74188740636,1.74377428034,1.74565620079,1.74753323789,1.74940545902,1.75127292892,1.7531357099,1.75499386189,1.75684744265,1.75869650783,1.76054111112,1.76238130435,1.76421713758,1.76604865919,1.76787591599,1.76969895328,1.77151781492,1.77333254344,1.77514318005,1.77694976477,1.77875233644,1.78055093277,1.78234559046,1.78413634516,1.78592323158,1.78770628351,1.78948553388,1.79126101476,1.79303275745,1.79480079246,1.79656514959,1.79832585794,1.80008294592,1.80183644132,1.80358637132,1.8053327625,1.80707564086,1.80881503189,1.81055096052,1.81228345122,1.81401252793,1.81573821418,1.817460533,1.81917950702,1.82089515845,1.8226075091,1.8243165804,1.82602239339,1.82772496876,1.82942432686,1.83112048769,1.83281347095,1.83450329599,1.8361899819,1.83787354743,1.83955401108,1.84123139106,1.84290570531
189,0,0.432143885584,0.971447787154,1.20212682047,1.29899082096,1.3474827531,1.38149097622,1.40676089595,1.42635319537,1.44205231785,1.4549699807,1.46583500482,1.47514492109,1.48325074526,1.49040699541,1.49680253505,1.50258030994,1.50785038245,1.51269877654,1.5171936238,1.52138952389,1.52533069587,1.52905329338,1.53258713115,1.53595698962,1.53918361294,1.54228448096,1.54527441231,1.54816604017,1.55097019065,1.5536961863,1.55635209118,1.55894491032,1.56148075293,1.56396496682,1.56640224981,1.56879674239,1.57115210531,1.57347158484,1.57575806781,1.57801412833,1.58024206759,1.5824439478,1.58462162135,1.58677675591,1.58891085611,1.59102528222,1.59312126652,1.59519992747,1.59726228208,1.59930925682,1.60134169708,1.60336037563,1.60536599996,1.60735921885,1.60934062813,1.61131077587,1.6132701669,1.61521926691,1.61715850607,1.6190882823,1.62100896418,1.62292089354,1.62482438782,1.62671974218,1.62860723144,1.63048711172,1.63235962208,1.63422498586,1.636083412,1.63793509615,1.63978022178,1.64161896107,1.64345147583,1.64527791829,1.64709843178,1.64891315143,1.65072220479,1.65252571233,1.65432378801,1.65611653968,1.65790406958,1.65968647467,1.66146384703,1.66323627418,1.66500383939,1.66676662196,1.66852469748,1.67027813809,1.67202701266,1.67377138705,1.67551132426,1.67724688465,1.67897812605,1.68070510395,1.68242787163,1.6841464803,1.68586097922,1.6875714158,1.68927783572,1.69098028303,1.69267880024,1.69437342839,1.69606420717,1.69775117494,1.69943436884,1.70111382487,1.70278957788,1.70446166172,1.70613010922,1.70779495227,1.70945622188,1.71111394819,1.71276816056,1.71441888755,1.71606615701,1.71770999608,1.71935043125,1.72098748834,1.72262119262,1.72425156873,1.72587864078,1.72750243236,1.72912296654,1.7307402659,1.73235435258,1.73396524825,1.73557297417,1.73717755118,1.73877899975,1.74037733993,1.74197259145,1.74356477366,1.7451539056,1.74674000596,1.74832309314,1.74990318523,1.75148030003,1.75305445506,1.75462566756,1.75619395454,1.75775933272,1.7593218186,1.76088142843,1.76243817824,1.76399208384,1.76554316082,1.76709142456,1.76863689024,1.77017957284
190,0,0.348022217539,0.923788189074,1.18118653207,1.29242497595,1.34561697353,1.38299270742,1.41080784574,1.43239974027,1.44971681456,1.46397454983,1.47597081329,1.48625095172,1.49520018823,1.50309818249,1.51015270269,1.5165211898,1.52232501001,1.52765913373,1.53259886637,1.53720462721,1.54152540569,1.54560130261,1.54946542651,1.55314532774,1.55666409635,1.5600412118,1.56329320748,1.5664341951,1.56947628223,1.57242990733,1.57530411055,1.57810675426,1.58084470363,1.5835239755,1.58614986179,1.58872703231,1.59125962083,1.59375129756,1.59620533033,1.59862463657,1.60101182757,1.60336924631,1.60569900001,1.60800298806,1.61028292624,1.61254036767,1.61477672102,1.61699326639,1.61919116923,1.62137149247,1.62353520722,1.62568320221,1.62781629207,1.62993522468,1.63204068773,1.63413331446,1.63621368884,1.63828235018,1.64033979717,1.64238649165,1.64442286182,1.64644930525,1.6484661915,1.65047386455,1.65247264495,1.65446283177,1.65644470437,1.65841852398,1.6603845352,1.66234296725,1.66429403524,1.66623794121,1.66817487516,1.67010501591,1.672028532,1.67394558238,1.67585631715,1.67776087819,1.6796593997,1.68155200882,1.68343882604,1.6853199657,1.68719553641,1.68906564139,1.69093037889,1.69278984247,1.69464412133,1.69649330055,1.69833746141,1.70017668159,1.70201103539,1.70384059396,1.70566542548,1.70748559533,1.70930116626,1.71111219857,1.71291875021,1.71472087695,1.71651863248,1.71831206853,1.72010123501,1.72188618007,1.72366695021,1.72544359036,1.727216144,1.72898465319,1.73074915866,1.7325096999,1.73426631519,1.73601904167,1.73776791542,1.73951297148,1.74125424391,1.74299176586,1.74472556958,1.74645568647,1.74818214714,1.74990498143,1.75162421843,1.75333988656,1.75505201353,1.75676062644,1.75846575177,1.76016741541,1.76186564267,1.76356045836,1.76525188673,1.76693995156,1.76862467615,1.77030608334,1.77198419551,1.77365903465,1.77533062232,1.7769989797,1.77866412757,1.78032608637,1.78198487618,1.78364051673,1.78529302745,1.78694242742,1.78858873545,1.79023197001,1.79187214933,1.79350929134,1.7951434137,1.79677453383,1.79840266888,1.80002783576,1.80165005114
191,0,0.434781401713,1.00839850566,1.24338410077,1.33176652648,1.37793100665,1.41023493076,1.43419086623,1.45273183417,1.46756581866,1.47975567211,1.48999738867,1.49876555589,1.50639462851,1.51312684608,1.51914176041,1.52457511752,1.52953131872,1.53409187109,1.53832125515,1.54227108526,1.54598311414,1.5494914389,1.55282414492,1.55600454724,1.55905213958,1.56198332784,1.56481200291,1.56754999203,1.57020741771,1.57279298524,1.57531421488,1.57777763052,1.58018891407,1.5825530325,1.58487434296,1.58715668031,1.58940343023,1.59161759072,1.59380182393,1.5959585001,1.59808973497,1.60019742169,1.60228325818,1.60434877066,1.60639533396,1.60842418904,1.61043645831,1.61243315883,1.61441521391,1.61638346326,1.61833867187,1.6202815378,1.62221269909,1.62413273985,1.62604219561,1.6279415581,1.62983127952,1.63171177626,1.63358343234,1.63544660233,1.63730161412,1.63914877127,1.64098835521,1.6428206272,1.64464583002,1.64646418961,1.64827591649,1.65008120702,1.65188024459,1.65367320067,1.65546023577,1.65724150033,1.6590171355,1.66078727385,1.66255204005,1.66431155148,1.66606591875,1.66781524622,1.66955963245,1.67129917065,1.67303394903,1.67476405118,1.67648955638,1.67821053993,1.67992707337,1.68163922479,1.68334705905,1.68505063796,1.68675002054,1.68844526315,1.69013641971,1.69182354181,1.69350667888,1.69518587834,1.69686118569,1.69853264466,1.7002002973,1.70186418408,1.70352434401,1.70518081468,1.70683363238,1.70848283216,1.71012844791,1.71177051239,1.71340905737,1.71504411358,1.71667571087,1.71830387817,1.71992864361,1.72155003452,1.72316807745,1.7247827983,1.72639422224,1.72800237383,1.729607277,1.73120895514,1.73280743104,1.73440272698,1.73599486477,1.7375838657,1.73916975062,1.74075253995,1.74233225369,1.74390891144,1.74548253242,1.74705313548,1.74862073914,1.75018536155,1.75174702058,1.75330573376,1.75486151833,1.75641439126,1.75796436923,1.75951146866,1.76105570571,1.76259709631,1.76413565614,1.76567140067,1.76720434512,1.76873450453,1.77026189371,1.77178652729,1.7733084197,1.77482758517,1.77634403777,1.77785779138,1.77936885974,1.78087725638,1.78238299471
192,0,0.344187673331,1.03482517138,1.29181056926,1.36283063265,1.40436972358,1.43320923903,1.45443861593,1.47075635572,1.48372855652,1.49432651926,1.50318416964,1.51073233072,1.51727359731,1.52302639189,1.52815205854,1.53277215442,1.53697983883,1.54084758135,1.54443250369,1.54778015959,1.55092725927,1.55390366574,1.5567338794,1.55943815697,1.56203336498,1.56453363826,1.56695089289,1.56929522973,1.57157525447,1.57379833354,1.57597080029,1.57809812217,1.58018503718,1.58223566593,1.58425360418,1.58624199965,1.58820361605,1.59014088682,1.59205596031,1.59395073798,1.59582690682,1.59768596697,1.59952925531,1.60135796571,1.60317316644,1.60497581522,1.60676677217,1.60854681119,1.6103166297,1.61207685724,1.61382806299,1.61557076228,1.61730542242,1.61903246776,1.62075228414,1.62246522289,1.62417160433,1.62587172085,1.62756583972,1.62925420553,1.63093704236,1.63261455579,1.63428693462,1.63595435242,1.63761696899,1.63927493158,1.64092837607,1.64257742792,1.64422220317,1.64586280924,1.64749934568,1.64913190486,1.65076057255,1.65238542856,1.65400654714,1.65562399755,1.65723784438,1.658848148,1.66045496487,1.66205834788,1.6636583466,1.66525500761,1.66684837465,1.66843848892,1.67002538925,1.67160911227,1.6731896926,1.674767163,1.6763415545,1.67791289654,1.6794812171,1.68104654279,1.68260889896,1.68416830979,1.68572479838,1.68727838684,1.68882909632,1.69037694713,1.69192195878,1.69346415002,1.69500353891,1.69654014288,1.69807397876,1.6996050628,1.70113341074,1.70265903787,1.70418195898,1.70570218846,1.70721974032,1.70873462819,1.71024686536,1.7117564648,1.71326343917,1.71476780088,1.71626956205,1.71776873456,1.71926533007,1.72075936002,1.72225083563,1.72373976795,1.72522616784,1.72671004601,1.72819141297,1.72967027913,1.73114665472,1.73262054986,1.73409197453,1.73556093859,1.7370274518,1.73849152379,1.73995316412,1.74141238223,1.74286918747,1.74432358911,1.74577559632,1.74722521822,1.74867246382,1.75011734209,1.7515598619,1.75300003206,1.75443786134,1.75587335841,1.75730653191,1.75873739041,1.76016594242,1.76159219641,1.76301616079,1.76443784391,1.76585725408
193,0,0.408191284674,1.02746846281,1.26698296595,1.34480794644,1.38686804708,1.41614287523,1.43774339099,1.45438263566,1.46763691795,1.47848495768,1.48756622895,1.4953158068,1.50203961279,1.50795871898,1.51323661241,1.51799660689,1.5223333188,1.52632043904,1.53001612267,1.53346680503,1.53670995424,1.53977608933,1.54269028211,1.54547328982,1.54814241979,1.55071219686,1.5531948838,1.55560089087,1.55793910098,1.56021712985,1.56244153573,1.56461798959,1.56675141419,1.56884609833,1.57090579124,1.57293378104,1.57493296022,1.57690588053,1.57885479931,1.58078171856,1.58268841825,1.58457648461,1.58644733442,1.58830223577,1.59014232603,1.5919686273,1.59378205986,1.59558345374,1.59737355899,1.59915305442,1.60092255544,1.60268262083,1.60443375874,1.60617643197,1.60791106259,1.60963803613,1.61135770516,1.61307039259,1.61477639455,1.61647598293,1.61816940771,1.61985689902,1.62153866894,1.62321491319,1.6248858126,1.62655153443,1.62821223358,1.62986805368,1.63151912804,1.63316558058,1.63480752656,1.63644507339,1.63807832121,1.63970736352,1.64133228772,1.64295317561,1.64457010383,1.64618314426,1.6477923644,1.64939782773,1.65099959399,1.65259771949,1.65419225736,1.65578325779,1.65737076824,1.65895483366,1.66053549667,1.66211279772,1.66368677525,1.66525746583,1.66682490431,1.66838912393,1.66995015641,1.67150803209,1.67306278002,1.67461442803,1.67616300281,1.67770853001,1.67925103429,1.68079053941,1.68232706824,1.68386064287,1.68539128463,1.68691901413,1.68844385136,1.68996581564,1.69148492576,1.69300119993,1.69451465585,1.69602531075,1.69753318142,1.69903828418,1.700540635,1.70204024943,1.70353714269,1.70503132964,1.70652282485,1.70801164255,1.70949779673,1.71098130108,1.71246216904,1.71394041382,1.71541604837,1.71688908546,1.71835953763,1.71982741723,1.72129273641,1.72275550716,1.72421574129,1.72567345044,1.7271286461,1.72858133963,1.73003154221,1.73147926491,1.73292451867,1.73436731429,1.73580766246,1.73724557376,1.73868105863,1.74011412744,1.74154479043,1.74297305776,1.74439893947,1.74582244554,1.74724358582,1.7486623701,1.75007880808,1.75149290938,1.75290468354
194,0,0.448204357828,0.995843243573,1.22668329381,1.31790403606,1.36417803086,1.39656665906,1.42058942167,1.43918383625,1.45406094676,1.46628577147,1.47655588786,1.48534707221,1.49299469205,1.49974170122,1.50576821976,1.51121045214,1.51617317426,1.52073820256,1.52497027563,1.52892122494,1.53263298735,1.53613981724,1.53946993517,1.54264677309,1.54568992634,1.54861588965,1.55143863181,1.55417004877,1.55682032384,1.55939821628,1.56191129448,1.56436612533,1.5667684293,1.56912320803,1.57143484994,1.57370721812,1.57594372385,1.57814738833,1.58032089484,1.58246663288,1.58458673575,1.58668311268,1.58875747631,1.59081136638,1.59284617012,1.59486313994,1.59686340875,1.59884800332,1.60081785595,1.60277381463,1.60471665202,1.60664707331,1.60856572314,1.61047319174,1.61237002034,1.61425670596,1.61613370573,1.61800144064,1.61986029898,1.62171063933,1.62355279328,1.6253870679,1.62721374786,1.62903309745,1.63084536232,1.63265077107,1.6344495367,1.63624185791,1.63802792029,1.63980789734,1.64158195153,1.64335023508,1.64511289083,1.64687005296,1.64862184762,1.6503683936,1.65210980281,1.65384618085,1.65557762746,1.65730423692,1.65902609847,1.66074329667,1.66245591169,1.66416401968,1.66586769297,1.66756700042,1.66926200757,1.6709527769,1.67263936805,1.67432183795,1.67600024107,1.6776746295,1.67934505315,1.6810115599,1.68267419565,1.68433300452,1.68598802894,1.68763930972,1.68928688616,1.69093079617,1.69257107631,1.69420776188,1.695840887,1.69747048467,1.69909658684,1.70071922446,1.70233842751,1.70395422511,1.70556664552,1.70717571619,1.70878146383,1.7103839144,1.7119830932,1.71357902487,1.71517173342,1.71676124229,1.71834757435,1.71993075193,1.72151079687,1.72308773051,1.72466157372,1.72623234695,1.72780007021,1.72936476311,1.73092644488,1.73248513436,1.73404085007,1.73559361014,1.73714343243,1.73869033445,1.74023433342,1.74177544627,1.74331368965,1.74484907994,1.74638163328,1.74791136554,1.74943829235,1.75096242914,1.75248379109,1.75400239317,1.75551825013,1.75703137655,1.7585417868,1.76004949504,1.76155451529,1.76305686136,1.76455654689,1.76605358539,1.76754799016
195,0,0.29903031398,0.953869133785,1.22662861214,1.32078444544,1.36718905087,1.3995135951,1.42337400814,1.44175493631,1.45639242681,1.46836552095,1.4783799567,1.4869163642,1.49431301978,1.50081460451,1.50660223038,1.51181262807,1.51655080161,1.52089860379,1.52492068683,1.52866871825,1.5321844234,1.53550181773,1.53864886885,1.54164875081,1.54452080209,1.54728126557,1.54994386574,1.55252026329,1.55502041624,1.55745286893,1.55982498524,1.5621431379,1.56441286324,1.56663898845,1.56882573675,1.57097681486,1.57309548602,1.57518463131,1.57724680134,1.57928425992,1.5812990213,1.58329288184,1.58526744715,1.58722415539,1.58916429736,1.59108903387,1.59299941078,1.59489637206,1.5967807712,1.59865338119,1.60051490321,1.60236597431,1.60420717414,1.6060390309,1.60786202658,1.60967660163,1.61148315905,1.6132820681,1.61507366751,1.61685826845,1.61863615706,1.62040759686,1.62217283074,1.62393208292,1.62568556056,1.62743345531,1.62917594466,1.63091319318,1.63264535362,1.63437256792,1.63609496811,1.63781267716,1.6395258097,1.64123447271,1.64293876615,1.64463878351,1.64633461232,1.64802633464,1.64971402746,1.65139776311,1.6530776096,1.65475363099,1.65642588762,1.65809443643,1.65975933123,1.66142062287,1.66307835952,1.66473258681,1.66638334804,1.66803068435,1.66967463486,1.67131523681,1.67295252569,1.67458653536,1.67621729819,1.6778448451,1.67946920573,1.68109040846,1.68270848053,1.68432344812,1.68593533638,1.68754416955,1.68914997096,1.69075276313,1.69235256782,1.69394940606,1.69554329818,1.69713426389,1.69872232232,1.70030749199,1.70188979094,1.70346923667,1.70504584624,1.70661963626,1.70819062291,1.709758822,1.71132424894,1.71288691883,1.7144468464,1.71600404608,1.717558532,1.71911031803,1.72065941775,1.7222058445,1.72374961137,1.72529073122,1.72682921671,1.7283650803,1.72989833421,1.73142899053,1.73295706113,1.73448255773,1.73600549189,1.737525875,1.73904371832,1.74055903294,1.74207182986,1.7435821199,1.74508991378,1.74659522211,1.74809805537,1.74959842392,1.75109633803,1.75259180786,1.75408484348,1.75557545485,1.75706365184,1.75854944423,1.76003284173
196,0,0.433170454082,0.988541736457,1.22641322556,1.32304593803,1.37233528611,1.40692837627,1.43265192844,1.45261059268,1.46861482733,1.481792798,1.49288426956,1.50239435594,1.51067950372,1.51799822896,1.52454240758,1.53045730093,1.53585478237,1.54082231389,1.54542918441,1.54973093617,1.55377256418,1.55759086715,1.5612162007,1.56467380253,1.56798480616,1.57116702527,1.57423556645,1.57720331277,1.5800813083,1.58287906668,1.58560482031,1.58826572309,1.59086801652,1.59341716637,1.595917976,1.59837468071,1.60079102667,1.60317033734,1.60551556953,1.60782936096,1.61011407076,1.6123718141,1.61460449187,1.61681381628,1.61900133288,1.62116843973,1.62331640398,1.62544637636,1.62755940383,1.62965644066,1.63173835812,1.63380595308,1.63585995556,1.63790103537,1.63992980807,1.64194684019,1.64395265391,1.64594773125,1.64793251772,1.64990742573,1.6518728375,1.65382910778,1.6557765662,1.65771551951,1.65964625344,1.66156903454,1.66348411172,1.66539171772,1.66729207039,1.66918537391,1.67107181983,1.67295158809,1.67482484788,1.67669175847,1.67855246996,1.68040712394,1.68225585413,1.68409878695,1.68593604203,1.68776773269,1.68959396642,1.69141484521,1.69323046599,1.69504092095,1.69684629783,1.69864668028,1.70044214804,1.70223277728,1.70401864075,1.70579980807,1.70757634585,1.70934831793,1.71111578555,1.71287880746,1.7146374401,1.71639173777,1.71814175268,1.71988753512,1.72162913357,1.72336659479,1.72509996391,1.72682928453,1.72855459879,1.73027594749,1.73199337011,1.73370690489,1.73541658892,1.73712245819,1.73882454762,1.74052289115,1.74221752176,1.74390847155,1.74559577174,1.74727945273,1.74895954416,1.75063607493,1.75230907322,1.75397856652,1.75564458172,1.75730714505,1.75896628217,1.76062201816,1.7622743776,1.76392338449,1.7655690624,1.76721143437,1.76885052301,1.77048635049,1.77211893856,1.77374830856,1.77537448143,1.77699747775,1.77861731775,1.78023402128,1.78184760787,1.78345809674,1.78506550679,1.7866698566,1.78827116448,1.78986944845,1.79146472627,1.79305701542,1.79464633312,1.79623269638,1.79781612192,1.79939662627,1.80097422572,1.80254893632,1.80412077395
197,0,0.311146430889,0.971185855246,1.24418771172,1.33696373564,1.38240708256,1.41401686247,1.43731769239,1.45524402515,1.46950176297,1.48115062491,1.49088332862,1.49917137489,1.5063464285,1.51264825201,1.51825421432,1.52329814172,1.52788274623,1.53208804519,1.53597720158,1.53960066064,1.54299913405,1.54620578868,1.54924787579,1.55214795999,1.55492485763,1.55759436135,1.56016980507,1.56266250886,1.56508213204,1.56743695592,1.5697341116,1.57197976503,1.57417926811,1.57633728293,1.57845788444,1.58054464572,1.58260070925,1.58462884665,1.586631509,1.58861086944,1.5905688594,1.59250719937,1.59442742536,1.5963309115,1.59821888961,1.60009246603,1.60195263622,1.60380029747,1.60563625992,1.60746125627,1.60927595017,1.61108094366,1.61287678371,1.61466396794,1.61644294971,1.61821414261,1.61997792445,1.62173464075,1.62348460796,1.62522811622,1.62696543185,1.62869679964,1.6304224448,1.63214257479,1.63385738091,1.6355670398,1.63727171468,1.63897155657,1.64066670536,1.64235729073,1.64404343308,1.64572524426,1.64740282832,1.64907628213,1.65074569602,1.65241115425,1.65407273556,1.65573051356,1.65738455718,1.65903493102,1.66068169569,1.66232490811,1.66396462183,1.66560088725,1.66723375185,1.66886326046,1.67048945542,1.67211237676,1.67373206241,1.67534854831,1.67696186857,1.67857205561,1.68017914026,1.68178315192,1.68338411859,1.68498206703,1.68657702281,1.68816901042,1.68975805332,1.69134417401,1.69292739412,1.69450773444,1.69608521501,1.69765985512,1.69923167341,1.70080068788,1.70236691593,1.70393037445,1.70549107977,1.70704904776,1.70860429384,1.71015683299,1.71170667981,1.71325384851,1.71479835297,1.71634020672,1.71787942298,1.71941601471,1.72094999456,1.72248137493,1.72401016798,1.72553638564,1.72706003964,1.72858114146,1.73009970243,1.73161573369,1.73312924617,1.73464025069,1.73614875787,1.7376547782,1.73915832203,1.74065939957,1.74215802091,1.74365419603,1.74514793475,1.74663924684,1.74812814192,1.74961462952,1.75109871909,1.75258041997,1.75405974142,1.75553669261,1.75701128264,1.75848352052,1.75995341519,1.7614209755,1.76288621027,1.76434912821,1.765809738
198,0,0.556346168522,1.04201575087,1.23277804317,1.30666859364,1.35133660432,1.3828060839,1.40631330268,1.42464605206,1.43942898574,1.45167398873,1.46204433185,1.47099277972,1.47883878518,1.48581401795,1.49209043113,1.49779821668,1.50303766083,1.50788718769,1.51240894769,1.51665278205,1.5206590877,1.52446092213,1.52808557291,1.53155574375,1.53489046199,1.53810578043,1.54121532587,1.54423073181,1.54716198268,1.55001768996,1.55280531529,1.555531352,1.55820147376,1.56082065703,1.56339328256,1.5659232199,1.56841389811,1.57086836535,1.57328933908,1.57567924879,1.57804027228,1.58037436676,1.58268329551,1.58496865084,1.58723187395,1.58947427208,1.59169703351,1.59390124054,1.59608788089,1.59825785773,1.60041199836,1.60255106202,1.60467574666,1.60678669499,1.60888449981,1.61096970879,1.61304282869,1.61510432913,1.61715464595,1.61919418426,1.62122332113,1.62324240801,1.62525177296,1.62725172256,1.62924254376,1.63122450541,1.6331978598,1.63516284392,1.63711968068,1.63906858,1.64100973979,1.64294334688,1.64486957781,1.64678859959,1.64870057042,1.65060564028,1.65250395152,1.6543956394,1.65628083256,1.65815965349,1.66003221892,1.6618986402,1.66375902368,1.66561347097,1.66746207931,1.6693049418,1.67114214766,1.67297378249,1.67479992847,1.67662066454,1.67843606665,1.68024620787,1.68205115861,1.68385098671,1.68564575763,1.68743553459,1.68922037864,1.6910003488,1.6927755022,1.69454589413,1.69631157816,1.69807260623,1.6998290287,1.70158089449,1.70332825108,1.70507114463,1.70680962002,1.70854372092,1.71027348983,1.71199896815,1.71372019623,1.71543721341,1.71715005806,1.71885876762,1.72056337867,1.72226392691,1.72396044726,1.72565297385,1.72734154005,1.72902617854,1.73070692129,1.73238379962,1.7340568442,1.73572608509,1.73739155177,1.73905327315,1.74071127758,1.74236559289,1.7440162464,1.74566326494,1.74730667486,1.74894650204,1.75058277194,1.75221550957,1.75384473953,1.75547048601,1.75709277284,1.75871162342,1.76032706084,1.76193910778,1.76354778663,1.76515311939,1.76675512778,1.76835383317,1.76994925665,1.77154141898,1.77313034067,1.77471604191,1.77629854264
199,0,0.38824318977,1.06652772959,1.3014811028,1.3665016191,1.40661641213,1.43448643676,1.45502130593,1.47082324603,1.48340201038,1.49369369655,1.50230910475,1.50966325089,1.51604757061,1.52167239498,1.52669306747,1.53122660887,1.53536269173,1.53917106664,1.542706708,1.54601345456,1.54912663312,1.55207498074,1.55488207404,1.5575674063,1.56014720904,1.5626350857,1.56504250531,1.56737919077,1.56965342678,1.57187230608,1.57404192773,1.57616755796,1.57825376143,1.58030450899,1.58232326668,1.58431306957,1.58627658341,1.58821615625,1.59013386185,1.59203153651,1.59391081014,1.59577313291,1.59761979785,1.59945196037,1.60127065499,1.60307680977,1.60487125887,1.60665475333,1.60842797059,1.61019152268,1.61194596343,1.61369179482,1.6154294725,1.61715941069,1.61888198648,1.62059754364,1.62230639599,1.62400883043,1.62570510954,1.62739547399,1.62908014466,1.63075932447,1.63243320014,1.63410194364,1.63576571358,1.63742465643,1.63907890758,1.64072859236,1.64237382694,1.64401471907,1.64565136888,1.6472838695,1.64891230763,1.65053676414,1.65215731451,1.6537740293,1.65538697452,1.65699621206,1.65860179995,1.66020379273,1.66180224169,1.66339719513,1.66498869861,1.66657679516,1.66816152544,1.66974292797,1.67132103926,1.67289589397,1.67446752504,1.67603596382,1.67760124022,1.67916338276,1.68072241868,1.6822783741,1.68383127398,1.68538114233,1.68692800218,1.68847187568,1.69001278419,1.69155074828,1.69308578783,1.69461792206,1.69614716955,1.69767354833,1.69919707586,1.70071776914,1.70223564465,1.70375071846,1.70526300621,1.70677252317,1.70827928422,1.70978330393,1.71128459652,1.71278317592,1.71427905577,1.71577224946,1.71726277011,1.7187506306,1.7202358436,1.72171842157,1.72319837674,1.72467572118,1.72615046677,1.72762262521,1.72909220806,1.73055922671,1.7320236924,1.73348561624,1.73494500921,1.73640188216,1.73785624581,1.73930811077,1.74075748754,1.74220438652,1.743648818,1.74509079218,1.74653031916,1.74796740895,1.74940207147,1.75083431657,1.75226415401,1.75369159346,1.75511664453,1.75653931676,1.7579596196,1.75937756246,1.76079315464,1.76220640542,1.76361732399
