timestamp_utc,Hs_m,Tavg_s
2023-05-10T07:00:00Z,0.060,2.835
2023-05-10T08:00:00Z,0.055,2.810
2023-05-10T09:00:00Z,0.055,3.015
2023-05-10T10:00:00Z,0.065,3.400
2023-05-10T11:00:00Z,0.055,3.220
2023-05-10T12:00:00Z,0.040,3.090
2023-05-10T13:00:00Z,0.040,3.050
2023-05-10T14:00:00Z,0.050,3.950
2023-05-10T15:00:00Z,0.045,3.665
2023-05-10T16:00:00Z,0.045,3.545
2023-05-10T17:00:00Z,0.075,3.255
2023-05-10T18:00:00Z,0.070,3.535
2023-05-10T19:00:00Z,0.050,3.735
2023-05-10T20:00:00Z,0.045,3.075
2023-05-10T21:00:00Z,0.060,3.455
2023-05-10T22:00:00Z,0.040,3.165
2023-05-10T23:00:00Z,0.035,2.980
2023-05-11T00:00:00Z,0.045,3.270
2023-05-11T01:00:00Z,0.055,3.560
2023-05-11T02:00:00Z,0.035,3.205
2023-05-11T03:00:00Z,0.045,3.275
2023-05-11T04:00:00Z,0.050,3.300
2023-05-11T05:00:00Z,0.045,3.125
2023-05-11T06:00:00Z,0.040,2.785
2023-05-11T07:00:00Z,0.045,2.715
2023-05-11T08:00:00Z,0.030,2.940
2023-05-11T09:00:00Z,0.025,2.810
2023-05-11T10:00:00Z,0.045,3.245
2023-05-11T11:00:00Z,0.020,3.170
2023-05-11T12:00:00Z,0.025,3.385
2023-05-11T13:00:00Z,0.025,2.885
2023-05-11T14:00:00Z,0.030,4.330
2023-05-11T15:00:00Z,0.055,3.580
2023-05-11T16:00:00Z,0.060,3.520
2023-05-11T17:00:00Z,0.035,2.900
2023-05-11T18:00:00Z,0.055,3.900
2023-05-11T19:00:00Z,0.065,3.255
2023-05-11T20:00:00Z,0.040,2.990
2023-05-11T21:00:00Z,0.070,3.665
2023-05-11T22:00:00Z,0.045,2.890
2023-05-11T23:00:00Z,0.035,2.720
2023-05-12T00:00:00Z,0.040,3.260
2023-05-12T01:00:00Z,0.055,3.935
2023-05-12T02:00:00Z,0.045,3.100
2023-05-12T03:00:00Z,0.040,2.805
2023-05-12T04:00:00Z,0.065,3.035
2023-05-12T05:00:00Z,0.045,3.340
2023-05-12T06:00:00Z,0.030,2.915
2023-05-12T07:00:00Z,0.030,2.885
2023-05-12T08:00:00Z,0.035,3.025
2023-05-12T09:00:00Z,0.035,3.195
2023-05-12T10:00:00Z,0.025,2.940
2023-05-12T11:00:00Z,0.025,2.640
2023-05-12T12:00:00Z,0.030,3.000
2023-05-12T13:00:00Z,0.025,2.920
2023-05-12T14:00:00Z,0.040,3.770
2023-05-12T15:00:00Z,0.045,3.370
2023-05-12T16:00:00Z,0.040,2.915
2023-05-12T17:00:00Z,0.045,3.245
2023-05-12T18:00:00Z,0.065,3.400
2023-05-12T19:00:00Z,0.055,3.150
2023-05-12T20:00:00Z,0.045,2.795
2023-05-12T21:00:00Z,0.065,3.520
2023-05-12T22:00:00Z,0.050,2.845
2023-05-12T23:00:00Z,0.050,2.805
2023-05-13T00:00:00Z,0.090,2.510
2023-05-13T01:00:00Z,0.110,2.355
2023-05-13T02:00:00Z,0.095,2.315
2023-05-13T03:00:00Z,0.105,2.250
2023-05-13T04:00:00Z,0.095,2.230
2023-05-13T05:00:00Z,0.115,2.315
2023-05-13T06:00:00Z,0.170,2.545
2023-05-13T07:00:00Z,0.175,2.700
2023-05-13T08:00:00Z,0.165,2.620
2023-05-13T09:00:00Z,0.150,2.535
2023-05-13T10:00:00Z,0.200,2.605
2023-05-13T11:00:00Z,0.240,2.730
2023-05-13T12:00:00Z,0.285,2.915
2023-05-13T13:00:00Z,0.325,2.845
2023-05-13T14:00:00Z,0.320,2.845
2023-05-13T15:00:00Z,0.355,2.930
2023-05-13T16:00:00Z,0.355,2.955
2023-05-13T17:00:00Z,0.335,2.950
2023-05-13T18:00:00Z,0.270,2.865
2023-05-13T19:00:00Z,0.255,2.965
2023-05-13T20:00:00Z,0.215,2.900
2023-05-13T21:00:00Z,0.195,2.905
2023-05-13T22:00:00Z,0.235,2.805
2023-05-13T23:00:00Z,0.305,2.775
2023-05-14T00:00:00Z,0.345,2.895
2023-05-14T01:00:00Z,0.375,2.885
2023-05-14T02:00:00Z,0.335,2.995
2023-05-14T03:00:00Z,0.325,3.040
2023-05-14T04:00:00Z,0.320,3.075
2023-05-14T05:00:00Z,0.300,2.995
2023-05-14T06:00:00Z,0.320,2.785
2023-05-14T07:00:00Z,0.280,2.990
2023-05-14T08:00:00Z,0.310,2.840
2023-05-14T10:00:00Z,0.510,3.620
2023-05-14T11:00:00Z,0.620,3.740
2023-05-14T12:00:00Z,0.640,3.760
2023-05-14T13:00:00Z,0.610,3.610
2023-05-14T14:00:00Z,0.590,3.610
2023-05-14T16:00:00Z,0.600,3.730
2023-05-14T17:00:00Z,0.575,3.535
2023-05-14T18:00:00Z,0.580,3.500
2023-05-14T19:00:00Z,0.560,3.290
2023-05-14T20:00:00Z,0.600,3.210
2023-05-14T21:00:00Z,0.535,3.135
2023-05-14T22:00:00Z,0.485,3.020
2023-05-14T23:00:00Z,0.460,2.960
2023-05-15T00:00:00Z,0.395,3.030
2023-05-15T01:00:00Z,0.415,3.125
2023-05-15T02:00:00Z,0.410,3.085
2023-05-15T03:00:00Z,0.405,3.090
2023-05-15T04:00:00Z,0.370,3.170
2023-05-15T05:00:00Z,0.375,3.240
2023-05-15T06:00:00Z,0.400,3.270
2023-05-15T07:00:00Z,0.380,3.295
2023-05-15T08:00:00Z,0.360,3.290
2023-05-15T09:00:00Z,0.380,3.175
2023-05-15T10:00:00Z,0.395,3.220
2023-05-15T11:00:00Z,0.400,3.385
2023-05-15T12:00:00Z,0.385,3.390
2023-05-15T13:00:00Z,0.355,3.240
2023-05-15T14:00:00Z,0.335,3.310
2023-05-15T15:00:00Z,0.300,3.175
2023-05-15T16:00:00Z,0.285,3.185
2023-05-15T17:00:00Z,0.255,3.090
2023-05-15T18:00:00Z,0.225,3.035
2023-05-15T19:00:00Z,0.200,3.060
2023-05-15T20:00:00Z,0.165,3.035
2023-05-15T21:00:00Z,0.160,3.075
2023-05-15T22:00:00Z,0.140,3.090
2023-05-15T23:00:00Z,0.120,2.995
2023-05-16T00:00:00Z,0.115,3.105
2023-05-16T01:00:00Z,0.115,3.025
2023-05-16T02:00:00Z,0.095,2.975
2023-05-16T03:00:00Z,0.090,3.010
2023-05-16T04:00:00Z,0.075,3.070
2023-05-16T05:00:00Z,0.090,3.260
2023-05-16T06:00:00Z,0.085,3.315
2023-05-16T07:00:00Z,0.085,3.270
2023-05-16T08:00:00Z,0.090,2.960
2023-05-16T09:00:00Z,0.115,2.430
2023-05-16T10:00:00Z,0.110,2.345
2023-05-16T11:00:00Z,0.135,2.270
2023-05-16T12:00:00Z,0.140,2.305
2023-05-16T13:00:00Z,0.185,2.330
2023-05-16T14:00:00Z,0.160,2.405
2023-05-16T15:00:00Z,0.180,2.465
2023-05-16T16:00:00Z,0.165,2.345
2023-05-16T17:00:00Z,0.145,2.295
2023-05-16T18:00:00Z,0.155,2.350
2023-05-16T19:00:00Z,0.140,2.300
2023-05-16T20:00:00Z,0.135,2.300
2023-05-16T21:00:00Z,0.160,2.430
2023-05-16T22:00:00Z,0.390,2.590
2023-05-16T23:00:00Z,0.670,3.180
2023-05-17T00:00:00Z,0.925,3.700
2023-05-17T01:00:00Z,1.110,3.905
2023-05-17T02:00:00Z,1.275,4.190
2023-05-17T03:00:00Z,1.370,4.425
2023-05-17T04:00:00Z,1.540,4.780
2023-05-17T05:00:00Z,1.800,4.870
2023-05-17T06:00:00Z,1.615,4.735
2023-05-17T07:00:00Z,1.290,4.365
2023-05-17T08:00:00Z,1.280,4.475
2023-05-17T09:00:00Z,1.175,4.440
2023-05-17T10:00:00Z,1.065,4.410
2023-05-17T11:00:00Z,0.975,4.290
2023-05-17T12:00:00Z,0.935,4.270
2023-05-17T13:00:00Z,0.895,4.290
2023-05-17T14:00:00Z,0.795,4.235
2023-05-17T15:00:00Z,0.800,4.200
2023-05-17T16:00:00Z,0.740,4.165
2023-05-17T17:00:00Z,0.665,4.025
2023-05-17T18:00:00Z,0.600,3.960
2023-05-17T19:00:00Z,0.550,3.795
2023-05-17T20:00:00Z,0.555,3.585
2023-05-17T21:00:00Z,0.510,3.290
2023-05-17T22:00:00Z,0.555,3.230
2023-05-17T23:00:00Z,0.530,3.160
2023-05-18T00:00:00Z,0.535,3.185
2023-05-18T01:00:00Z,0.515,3.200
2023-05-18T02:00:00Z,0.460,3.175
2023-05-18T03:00:00Z,0.450,3.335
2023-05-18T04:00:00Z,0.440,3.475
2023-05-18T05:00:00Z,0.435,3.650
2023-05-18T06:00:00Z,0.430,3.775
2023-05-18T07:00:00Z,0.400,3.560
2023-05-18T08:00:00Z,0.420,3.325
2023-05-18T09:00:00Z,0.440,3.180
2023-05-18T10:00:00Z,0.470,3.120
2023-05-18T11:00:00Z,0.505,3.245
2023-05-18T12:00:00Z,0.485,3.320
2023-05-18T13:00:00Z,0.480,3.290
2023-05-18T14:00:00Z,0.470,3.380
2023-05-18T15:00:00Z,0.475,3.430
2023-05-18T16:00:00Z,0.465,3.575
2023-05-18T17:00:00Z,0.435,3.485
2023-05-18T18:00:00Z,0.360,3.335
2023-05-18T19:00:00Z,0.325,3.250
2023-05-18T20:00:00Z,0.295,3.140
2023-05-18T21:00:00Z,0.270,3.155
2023-05-18T22:00:00Z,0.250,3.140
2023-05-18T23:00:00Z,0.230,3.095
2023-05-19T00:00:00Z,0.200,3.005
2023-05-19T01:00:00Z,0.180,3.020
2023-05-19T02:00:00Z,0.145,2.830
2023-05-19T03:00:00Z,0.175,2.480
2023-05-19T04:00:00Z,0.205,2.425
2023-05-19T05:00:00Z,0.245,2.445
2023-05-19T06:00:00Z,0.370,2.625
2023-05-19T07:00:00Z,0.450,2.910
2023-05-19T08:00:00Z,0.510,3.010
2023-05-19T09:00:00Z,0.660,3.250
2023-05-19T10:00:00Z,0.640,3.325
2023-05-19T11:00:00Z,0.595,3.315
2023-05-19T12:00:00Z,0.500,3.345
2023-05-19T13:00:00Z,0.455,3.320
2023-05-19T14:00:00Z,0.395,3.235
2023-05-19T15:00:00Z,0.370,3.190
2023-05-19T16:00:00Z,0.325,3.115
2023-05-19T17:00:00Z,0.275,3.010
2023-05-19T18:00:00Z,0.255,2.925
2023-05-19T19:00:00Z,0.250,2.950
2023-05-19T20:00:00Z,0.245,2.940
2023-05-19T21:00:00Z,0.230,2.960
2023-05-19T22:00:00Z,0.170,2.870
2023-05-19T23:00:00Z,0.120,2.830
2023-05-20T00:00:00Z,0.100,2.840
2023-05-20T01:00:00Z,0.090,3.085
2023-05-20T02:00:00Z,0.065,2.840
2023-05-20T03:00:00Z,0.070,2.805
2023-05-20T04:00:00Z,0.155,2.715
2023-05-20T05:00:00Z,0.150,2.640
2023-05-20T06:00:00Z,0.130,2.570
2023-05-20T07:00:00Z,0.160,2.540
2023-05-20T08:00:00Z,0.230,2.500
2023-05-20T09:00:00Z,0.290,2.715
2023-05-20T10:00:00Z,0.295,2.740
2023-05-20T11:00:00Z,0.330,2.675
2023-05-20T12:00:00Z,0.375,2.790
2023-05-20T13:00:00Z,0.410,2.975
2023-05-20T14:00:00Z,0.440,2.975
2023-05-20T15:00:00Z,0.495,3.000
2023-05-20T16:00:00Z,0.540,3.080
2023-05-20T17:00:00Z,0.545,3.215
2023-05-20T18:00:00Z,0.480,3.235
2023-05-20T19:00:00Z,0.400,3.225
2023-05-20T20:00:00Z,0.405,3.330
2023-05-20T21:00:00Z,0.415,3.585
2023-05-20T22:00:00Z,0.410,3.665
2023-05-20T23:00:00Z,0.390,3.755
2023-05-21T00:00:00Z,0.365,3.895
2023-05-21T01:00:00Z,0.390,3.640
2023-05-21T02:00:00Z,0.400,3.395
2023-05-21T03:00:00Z,0.385,3.420
2023-05-21T04:00:00Z,0.380,3.215
2023-05-21T05:00:00Z,0.375,3.070
2023-05-21T06:00:00Z,0.380,2.865
2023-05-21T07:00:00Z,0.390,2.910
2023-05-21T08:00:00Z,0.365,2.900
2023-05-21T09:00:00Z,0.340,2.950
2023-05-21T10:00:00Z,0.285,2.860
2023-05-21T11:00:00Z,0.255,2.760
2023-05-21T12:00:00Z,0.240,2.715
2023-05-21T13:00:00Z,0.215,2.710
2023-05-21T14:00:00Z,0.205,2.660
2023-05-21T15:00:00Z,0.205,2.625
2023-05-21T16:00:00Z,0.185,2.590
2023-05-21T17:00:00Z,0.190,2.625
2023-05-21T18:00:00Z,0.185,2.760
2023-05-21T19:00:00Z,0.165,2.725
2023-05-21T20:00:00Z,0.135,2.690
2023-05-21T21:00:00Z,0.145,2.820
2023-05-21T22:00:00Z,0.120,2.680
2023-05-21T23:00:00Z,0.105,2.610
2023-05-22T00:00:00Z,0.100,2.545
2023-05-22T01:00:00Z,0.085,2.825
2023-05-22T02:00:00Z,0.070,2.820
2023-05-22T03:00:00Z,0.065,2.835
2023-05-22T04:00:00Z,0.060,2.885
2023-05-22T05:00:00Z,0.080,2.945
2023-05-22T06:00:00Z,0.070,3.045
2023-05-22T07:00:00Z,0.055,2.880
2023-05-22T08:00:00Z,0.045,2.730
2023-05-22T09:00:00Z,0.040,2.620
2023-05-22T10:00:00Z,0.040,2.695
2023-05-22T11:00:00Z,0.030,2.760
2023-05-22T12:00:00Z,0.030,2.830
2023-05-22T13:00:00Z,0.030,2.860
2023-05-22T14:00:00Z,0.035,3.555
2023-05-22T15:00:00Z,0.040,3.800
2023-05-22T16:00:00Z,0.025,3.040
2023-05-22T17:00:00Z,0.035,3.370
2023-05-22T18:00:00Z,0.035,4.020
2023-05-22T19:00:00Z,0.045,3.890
2023-05-22T20:00:00Z,0.045,3.120
2023-05-22T21:00:00Z,0.050,4.115
2023-05-22T22:00:00Z,0.045,3.710
2023-05-22T23:00:00Z,0.090,3.845
2023-05-23T00:00:00Z,0.075,3.510
2023-05-23T01:00:00Z,0.055,3.430
2023-05-23T02:00:00Z,0.040,3.205
2023-05-23T03:00:00Z,0.045,2.850
2023-05-23T04:00:00Z,0.050,2.470
2023-05-23T05:00:00Z,0.065,2.425
2023-05-23T06:00:00Z,0.135,2.280
2023-05-23T07:00:00Z,0.165,2.320
2023-05-23T08:00:00Z,0.175,2.430
2023-05-23T09:00:00Z,0.175,2.455
2023-05-23T10:00:00Z,0.120,2.430
2023-05-23T11:00:00Z,0.085,2.320
2023-05-23T12:00:00Z,0.065,2.315
2023-05-23T13:00:00Z,0.080,2.570
2023-05-23T14:00:00Z,0.055,2.755
2023-05-23T15:00:00Z,0.050,2.995
2023-05-23T16:00:00Z,0.050,2.585
2023-05-23T17:00:00Z,0.060,2.565
2023-05-23T18:00:00Z,0.080,2.715
2023-05-23T19:00:00Z,0.085,2.605
2023-05-23T20:00:00Z,0.085,2.515
2023-05-23T21:00:00Z,0.090,2.655
2023-05-23T22:00:00Z,0.090,2.535
2023-05-23T23:00:00Z,0.070,2.435
2023-05-24T00:00:00Z,0.060,2.705
2023-05-24T01:00:00Z,0.060,2.860
2023-05-24T02:00:00Z,0.050,2.780
2023-05-24T03:00:00Z,0.055,2.840
2023-05-24T04:00:00Z,0.040,2.700
2023-05-24T05:00:00Z,0.030,2.750
2023-05-24T06:00:00Z,0.055,3.080
2023-05-24T07:00:00Z,0.045,3.150
2023-05-24T08:00:00Z,0.035,2.980
2023-05-24T09:00:00Z,0.035,2.815
2023-05-24T10:00:00Z,0.035,2.840
2023-05-24T11:00:00Z,0.030,2.615
2023-05-24T12:00:00Z,0.080,2.485
2023-05-24T13:00:00Z,0.370,2.500
2023-05-24T14:00:00Z,0.520,2.915
2023-05-24T15:00:00Z,0.705,3.375
2023-05-24T16:00:00Z,1.040,3.965
2023-05-24T17:00:00Z,1.330,4.440
2023-05-24T18:00:00Z,1.460,4.625
2023-05-24T19:00:00Z,1.400,4.560
2023-05-24T20:00:00Z,1.495,4.510
2023-05-24T21:00:00Z,1.545,4.720
2023-05-24T22:00:00Z,1.550,4.840
2023-05-24T23:00:00Z,1.520,4.860
2023-05-25T00:00:00Z,1.450,4.960
2023-05-25T01:00:00Z,1.445,5.085
2023-05-25T02:00:00Z,1.440,5.185
2023-05-25T03:00:00Z,1.415,5.305
2023-05-25T04:00:00Z,1.280,5.105
2023-05-25T05:00:00Z,1.125,4.655
2023-05-25T06:00:00Z,1.605,4.410
2023-05-25T07:00:00Z,1.555,4.435
2023-05-25T08:00:00Z,1.400,4.310
2023-05-25T09:00:00Z,1.310,4.145
2023-05-25T10:00:00Z,1.225,4.015
2023-05-25T11:00:00Z,1.185,3.975
2023-05-25T12:00:00Z,1.150,4.040
2023-05-25T13:00:00Z,1.025,3.935
2023-05-25T14:00:00Z,0.930,3.840
2023-05-25T15:00:00Z,0.800,3.780
2023-05-25T16:00:00Z,0.680,3.770
2023-05-25T17:00:00Z,0.550,3.550
2023-05-25T18:00:00Z,0.515,3.285
2023-05-25T19:00:00Z,0.600,3.170
2023-05-25T20:00:00Z,0.705,3.215
2023-05-25T21:00:00Z,0.805,3.340
2023-05-25T22:00:00Z,0.895,3.440
2023-05-25T23:00:00Z,0.905,3.510
2023-05-26T00:00:00Z,0.815,3.570
2023-05-26T01:00:00Z,0.845,3.670
2023-05-26T02:00:00Z,0.800,3.730
2023-05-26T03:00:00Z,0.715,3.705
2023-05-26T04:00:00Z,0.570,3.600
2023-05-26T05:00:00Z,0.530,3.695
2023-05-26T06:00:00Z,0.445,3.635
2023-05-26T07:00:00Z,0.410,3.680
2023-05-26T08:00:00Z,0.365,3.560
2023-05-26T09:00:00Z,0.350,3.580
2023-05-26T10:00:00Z,0.320,3.505
2023-05-26T11:00:00Z,0.295,3.430
2023-05-26T12:00:00Z,0.280,3.315
2023-05-26T13:00:00Z,0.285,3.170
2023-05-26T14:00:00Z,0.295,3.165
2023-05-26T15:00:00Z,0.300,3.145
2023-05-26T16:00:00Z,0.295,3.110
2023-05-26T17:00:00Z,0.260,3.065
2023-05-26T18:00:00Z,0.220,2.975
2023-05-26T19:00:00Z,0.195,2.920
2023-05-26T20:00:00Z,0.155,2.940
2023-05-26T21:00:00Z,0.145,2.980
2023-05-26T22:00:00Z,0.175,2.540
2023-05-26T23:00:00Z,0.175,2.540
2023-05-27T00:00:00Z,0.175,2.525
2023-05-27T01:00:00Z,0.200,2.575
2023-05-27T02:00:00Z,0.210,2.465
2023-05-27T03:00:00Z,0.220,2.515
2023-05-27T04:00:00Z,0.315,2.675
2023-05-27T05:00:00Z,0.305,2.740
2023-05-27T06:00:00Z,0.255,2.680
2023-05-27T07:00:00Z,0.225,2.695
2023-05-27T08:00:00Z,0.205,2.705
2023-05-27T09:00:00Z,0.165,2.685
2023-05-27T10:00:00Z,0.140,2.670
2023-05-27T11:00:00Z,0.125,2.620
2023-05-27T12:00:00Z,0.095,2.700
2023-05-27T13:00:00Z,0.085,2.710
2023-05-27T14:00:00Z,0.080,2.935
2023-05-27T15:00:00Z,0.080,3.055
2023-05-27T16:00:00Z,0.060,2.970
2023-05-27T17:00:00Z,0.070,2.910
2023-05-27T18:00:00Z,0.070,3.515
2023-05-27T19:00:00Z,0.065,3.185
2023-05-27T20:00:00Z,0.070,2.945
2023-05-27T21:00:00Z,0.080,3.230
2023-05-27T22:00:00Z,0.080,3.305
2023-05-27T23:00:00Z,0.055,3.075
2023-05-28T00:00:00Z,0.065,2.995
2023-05-28T01:00:00Z,0.080,3.090
2023-05-28T02:00:00Z,0.085,2.410
2023-05-28T03:00:00Z,0.095,2.340
2023-05-28T04:00:00Z,0.145,2.315
2023-05-28T05:00:00Z,0.140,2.350
2023-05-28T06:00:00Z,0.120,2.390
2023-05-28T07:00:00Z,0.125,2.475
2023-05-28T08:00:00Z,0.130,2.500
2023-05-28T09:00:00Z,0.110,2.535
2023-05-28T10:00:00Z,0.105,2.550
2023-05-28T11:00:00Z,0.105,3.005
2023-05-28T12:00:00Z,0.080,2.855
2023-05-28T13:00:00Z,0.065,2.620
2023-05-28T14:00:00Z,0.055,2.715
2023-05-28T15:00:00Z,0.070,3.395
2023-05-28T16:00:00Z,0.050,2.865
2023-05-28T17:00:00Z,0.050,2.895
2023-05-28T18:00:00Z,0.070,3.600
2023-05-28T19:00:00Z,0.050,2.995
2023-05-28T20:00:00Z,0.055,2.890
2023-05-28T21:00:00Z,0.075,3.575
2023-05-28T22:00:00Z,0.055,3.235
2023-05-28T23:00:00Z,0.050,3.150
2023-05-29T00:00:00Z,0.070,3.355
2023-05-29T01:00:00Z,0.075,2.900
2023-05-29T02:00:00Z,0.060,2.780
2023-05-29T03:00:00Z,0.070,2.915
2023-05-29T04:00:00Z,0.070,2.815
2023-05-29T05:00:00Z,0.075,2.670
2023-05-29T06:00:00Z,0.070,2.580
2023-05-29T07:00:00Z,0.070,2.555
2023-05-29T08:00:00Z,0.070,2.865
2023-05-29T09:00:00Z,0.050,2.640
2023-05-29T10:00:00Z,0.050,2.635
2023-05-29T11:00:00Z,0.045,2.585
2023-05-29T12:00:00Z,0.040,2.475
2023-05-29T13:00:00Z,0.040,2.500
2023-05-29T14:00:00Z,0.050,2.980
2023-05-29T15:00:00Z,0.050,3.205
2023-05-29T16:00:00Z,0.050,3.220
2023-05-29T17:00:00Z,0.045,2.865
2023-05-29T18:00:00Z,0.065,3.380
2023-05-29T19:00:00Z,0.050,2.985
2023-05-29T20:00:00Z,0.050,2.915
2023-05-29T21:00:00Z,0.070,3.720
2023-05-29T22:00:00Z,0.060,3.150
2023-05-29T23:00:00Z,0.055,2.815
2023-05-30T00:00:00Z,0.050,2.940
2023-05-30T01:00:00Z,0.080,3.880
2023-05-30T02:00:00Z,0.060,3.055
2023-05-30T03:00:00Z,0.065,2.980
2023-05-30T04:00:00Z,0.065,2.825
2023-05-30T05:00:00Z,0.060,2.750
2023-05-30T06:00:00Z,0.060,2.655
2023-05-30T07:00:00Z,0.070,2.730
2023-05-30T08:00:00Z,0.080,2.965
2023-05-30T09:00:00Z,0.060,2.850
2023-05-30T10:00:00Z,0.040,2.635
2023-05-30T11:00:00Z,0.040,2.735
2023-05-30T12:00:00Z,0.030,2.840
2023-05-30T13:00:00Z,0.035,3.045
2023-05-30T14:00:00Z,0.030,3.020
2023-05-30T15:00:00Z,0.075,3.905
2023-05-30T16:00:00Z,0.035,3.320
2023-05-30T17:00:00Z,0.030,3.080
2023-05-30T18:00:00Z,0.065,4.070
2023-05-30T19:00:00Z,0.035,3.280
2023-05-30T20:00:00Z,0.045,3.110
2023-05-30T21:00:00Z,0.050,4.150
2023-05-30T22:00:00Z,0.035,3.510
2023-05-30T23:00:00Z,0.070,3.460
2023-05-31T00:00:00Z,0.055,3.970
2023-05-31T01:00:00Z,0.060,3.820
2023-05-31T02:00:00Z,0.035,3.250
2023-05-31T03:00:00Z,0.035,3.205
2023-05-31T04:00:00Z,0.030,2.965
2023-05-31T05:00:00Z,0.030,2.950
2023-05-31T06:00:00Z,0.030,2.850
2023-05-31T07:00:00Z,0.030,2.920
2023-05-31T08:00:00Z,0.030,3.060
2023-05-31T09:00:00Z,0.040,2.455
2023-05-31T10:00:00Z,0.050,2.260
2023-05-31T11:00:00Z,0.070,2.215
2023-05-31T12:00:00Z,0.060,2.220
2023-05-31T13:00:00Z,0.070,2.355
2023-05-31T14:00:00Z,0.100,2.345
2023-05-31T15:00:00Z,0.140,2.370
2023-05-31T16:00:00Z,0.160,2.450
2023-05-31T17:00:00Z,0.150,2.465
2023-05-31T18:00:00Z,0.125,2.460
2023-05-31T19:00:00Z,0.090,2.355
2023-05-31T20:00:00Z,0.070,2.285
2023-05-31T21:00:00Z,0.065,2.775
2023-05-31T22:00:00Z,0.050,2.500
2023-05-31T23:00:00Z,0.040,2.575
2023-06-01T00:00:00Z,0.045,3.195
2023-06-01T01:00:00Z,0.050,3.835
2023-06-01T02:00:00Z,0.035,2.895
2023-06-01T03:00:00Z,0.040,2.745
2023-06-01T04:00:00Z,0.040,2.775
2023-06-01T05:00:00Z,0.060,3.000
2023-06-01T06:00:00Z,0.045,2.915
2023-06-01T07:00:00Z,0.045,3.045
2023-06-01T08:00:00Z,0.070,2.910
2023-06-01T09:00:00Z,0.065,3.475
2023-06-01T10:00:00Z,0.055,2.960
2023-06-01T11:00:00Z,0.035,2.765
2023-06-01T12:00:00Z,0.035,2.665
2023-06-01T13:00:00Z,0.030,2.575
2023-06-01T14:00:00Z,0.040,3.230
2023-06-01T15:00:00Z,0.040,3.525
2023-06-01T16:00:00Z,0.030,2.895
2023-06-01T17:00:00Z,0.030,3.010
2023-06-01T18:00:00Z,0.060,3.580
2023-06-01T19:00:00Z,0.040,3.505
2023-06-01T20:00:00Z,0.030,2.835
2023-06-01T21:00:00Z,0.060,4.005
2023-06-01T22:00:00Z,0.045,3.680
2023-06-01T23:00:00Z,0.030,3.305
2023-06-02T00:00:00Z,0.080,3.705
2023-06-02T01:00:00Z,0.060,4.505
2023-06-02T02:00:00Z,0.035,3.390
2023-06-02T03:00:00Z,0.050,3.260
2023-06-02T04:00:00Z,0.060,3.585
2023-06-02T05:00:00Z,0.085,3.285
2023-06-02T06:00:00Z,0.055,3.435
2023-06-02T07:00:00Z,0.035,3.075
2023-06-02T08:00:00Z,0.030,2.785
2023-06-02T09:00:00Z,0.030,2.895
2023-06-02T10:00:00Z,0.030,2.960
2023-06-02T11:00:00Z,0.035,2.985
2023-06-02T12:00:00Z,0.030,3.055
2023-06-02T13:00:00Z,0.045,3.175
2023-06-02T14:00:00Z,0.045,3.725
2023-06-02T15:00:00Z,0.055,4.460
2023-06-02T16:00:00Z,0.045,3.360
2023-06-02T17:00:00Z,0.060,3.220
2023-06-02T18:00:00Z,0.065,3.860
2023-06-02T19:00:00Z,0.075,3.415
2023-06-02T20:00:00Z,0.045,3.005
2023-06-02T21:00:00Z,0.055,3.575
2023-06-02T22:00:00Z,0.065,3.335
2023-06-02T23:00:00Z,0.055,2.870
2023-06-03T00:00:00Z,0.070,2.570
2023-06-03T01:00:00Z,0.085,2.895
2023-06-03T02:00:00Z,0.090,2.440
2023-06-03T03:00:00Z,0.150,2.235
2023-06-03T04:00:00Z,0.185,2.425
2023-06-03T05:00:00Z,0.215,2.535
2023-06-03T06:00:00Z,0.195,2.610
2023-06-03T07:00:00Z,0.165,2.650
2023-06-03T08:00:00Z,0.155,2.685
2023-06-03T09:00:00Z,0.135,2.685
2023-06-03T10:00:00Z,0.115,2.615
2023-06-03T11:00:00Z,0.105,2.545
2023-06-03T12:00:00Z,0.100,2.495
2023-06-03T13:00:00Z,0.085,2.430
2023-06-03T14:00:00Z,0.080,2.465
2023-06-03T15:00:00Z,0.085,2.460
2023-06-03T16:00:00Z,0.070,2.345
2023-06-03T17:00:00Z,0.075,2.380
2023-06-03T18:00:00Z,0.090,2.655
2023-06-03T19:00:00Z,0.095,2.305
2023-06-03T20:00:00Z,0.235,2.265
2023-06-03T21:00:00Z,0.285,2.460
2023-06-03T22:00:00Z,0.315,2.615
2023-06-03T23:00:00Z,0.425,2.830
2023-06-04T00:00:00Z,0.440,2.940
2023-06-04T01:00:00Z,0.425,3.000
2023-06-04T02:00:00Z,0.450,3.125
2023-06-04T03:00:00Z,0.480,3.220
2023-06-04T04:00:00Z,0.415,3.115
2023-06-04T05:00:00Z,0.390,2.985
2023-06-04T06:00:00Z,0.375,3.035
2023-06-04T07:00:00Z,0.360,2.990
2023-06-04T08:00:00Z,0.345,2.985
2023-06-04T09:00:00Z,0.315,2.965
2023-06-04T10:00:00Z,0.320,3.005
2023-06-04T11:00:00Z,0.320,2.965
2023-06-04T12:00:00Z,0.290,2.900
2023-06-04T13:00:00Z,0.280,2.925
2023-06-04T14:00:00Z,0.295,3.055
2023-06-04T15:00:00Z,0.310,3.060
2023-06-04T16:00:00Z,0.280,2.925
2023-06-04T17:00:00Z,0.270,2.955
2023-06-04T18:00:00Z,0.250,2.940
2023-06-04T19:00:00Z,0.245,2.775
2023-06-04T20:00:00Z,0.255,2.655
2023-06-04T21:00:00Z,0.335,2.620
2023-06-04T22:00:00Z,0.390,2.830
2023-06-04T23:00:00Z,0.420,2.905
2023-06-05T00:00:00Z,0.465,2.975
2023-06-05T01:00:00Z,0.490,3.045
2023-06-05T02:00:00Z,0.460,3.030
2023-06-05T03:00:00Z,0.500,3.050
2023-06-05T04:00:00Z,0.460,2.970
2023-06-05T05:00:00Z,0.405,2.965
2023-06-05T06:00:00Z,0.340,2.930
2023-06-05T07:00:00Z,0.295,2.890
2023-06-05T08:00:00Z,0.250,2.830
2023-06-05T09:00:00Z,0.210,2.830
2023-06-05T10:00:00Z,0.200,2.880
2023-06-05T11:00:00Z,0.175,2.875
2023-06-05T12:00:00Z,0.150,2.875
2023-06-05T13:00:00Z,0.145,3.090
2023-06-05T14:00:00Z,0.135,3.140
2023-06-05T15:00:00Z,0.150,3.220
2023-06-05T16:00:00Z,0.135,3.275
2023-06-05T17:00:00Z,0.130,3.130
2023-06-05T18:00:00Z,0.125,3.240
2023-06-05T19:00:00Z,0.125,3.385
2023-06-05T20:00:00Z,0.115,3.230
2023-06-05T21:00:00Z,0.100,3.385
2023-06-05T22:00:00Z,0.090,3.185
2023-06-05T23:00:00Z,0.085,2.925
2023-06-06T00:00:00Z,0.090,3.390
2023-06-06T01:00:00Z,0.075,3.200
2023-06-06T02:00:00Z,0.065,2.985
2023-06-06T03:00:00Z,0.060,3.015
2023-06-06T04:00:00Z,0.060,2.830
2023-06-06T05:00:00Z,0.115,2.480
2023-06-06T06:00:00Z,0.135,2.300
2023-06-06T07:00:00Z,0.175,2.270
2023-06-06T08:00:00Z,0.140,2.295
2023-06-06T09:00:00Z,0.125,2.325
2023-06-06T10:00:00Z,0.215,2.490
2023-06-06T11:00:00Z,0.260,2.545
2023-06-06T12:00:00Z,0.305,2.615
2023-06-06T13:00:00Z,0.285,2.695
2023-06-06T14:00:00Z,0.310,2.810
2023-06-06T15:00:00Z,0.355,2.880
2023-06-06T16:00:00Z,0.450,3.075
2023-06-06T17:00:00Z,0.500,3.180
2023-06-06T18:00:00Z,0.480,3.180
2023-06-06T19:00:00Z,0.485,3.215
2023-06-06T20:00:00Z,0.510,3.365
2023-06-06T21:00:00Z,0.495,3.380
2023-06-06T22:00:00Z,0.700,3.435
2023-06-06T23:00:00Z,0.820,3.590
2023-06-07T00:00:00Z,0.910,3.810
2023-06-07T01:00:00Z,1.170,4.180
2023-06-07T02:00:00Z,1.175,4.245
2023-06-07T03:00:00Z,1.060,4.130
2023-06-07T04:00:00Z,1.005,4.010
2023-06-07T05:00:00Z,0.915,4.000
2023-06-07T06:00:00Z,0.730,3.910
2023-06-07T07:00:00Z,0.665,3.870
2023-06-07T08:00:00Z,0.625,3.925
2023-06-07T09:00:00Z,0.565,3.925
2023-06-07T10:00:00Z,0.505,3.935
2023-06-07T11:00:00Z,0.460,3.810
2023-06-07T12:00:00Z,0.440,3.740
2023-06-07T13:00:00Z,0.475,3.790
2023-06-07T14:00:00Z,0.455,3.760
2023-06-07T15:00:00Z,0.435,3.640
2023-06-07T16:00:00Z,0.445,3.640
2023-06-07T17:00:00Z,0.435,3.365
2023-06-07T18:00:00Z,0.530,3.135
2023-06-07T19:00:00Z,0.545,3.185
2023-06-07T20:00:00Z,0.590,3.210
2023-06-07T21:00:00Z,0.670,3.260
2023-06-07T22:00:00Z,0.815,3.425
2023-06-07T23:00:00Z,1.100,3.885
2023-06-08T00:00:00Z,1.045,4.000
2023-06-08T01:00:00Z,0.975,3.820
2023-06-08T02:00:00Z,0.960,3.780
2023-06-08T03:00:00Z,0.940,3.845
2023-06-08T04:00:00Z,1.105,4.150
2023-06-08T05:00:00Z,1.020,4.170
2023-06-08T06:00:00Z,1.000,4.235
2023-06-08T07:00:00Z,0.830,4.145
2023-06-08T08:00:00Z,0.740,3.955
2023-06-08T09:00:00Z,0.665,3.920
2023-06-08T10:00:00Z,0.645,3.860
2023-06-08T11:00:00Z,0.560,3.735
2023-06-08T12:00:00Z,0.520,3.630
2023-06-08T13:00:00Z,0.465,3.550
2023-06-08T14:00:00Z,0.445,3.515
2023-06-08T15:00:00Z,0.400,3.315
2023-06-08T16:00:00Z,0.400,3.105
2023-06-08T17:00:00Z,0.390,3.090
2023-06-08T18:00:00Z,0.415,3.065
2023-06-08T19:00:00Z,0.420,3.145
2023-06-08T20:00:00Z,0.460,3.115
2023-06-08T21:00:00Z,0.430,3.165
2023-06-08T22:00:00Z,0.410,3.200
2023-06-08T23:00:00Z,0.375,3.185
2023-06-09T00:00:00Z,0.365,3.365
2023-06-09T01:00:00Z,0.350,3.330
2023-06-09T02:00:00Z,0.330,3.295
2023-06-09T03:00:00Z,0.345,3.190
2023-06-09T04:00:00Z,0.350,3.055
2023-06-09T05:00:00Z,0.380,2.980
2023-06-09T06:00:00Z,0.390,2.930
2023-06-09T07:00:00Z,0.390,3.040
2023-06-09T08:00:00Z,0.385,3.090
2023-06-09T09:00:00Z,0.355,3.025
2023-06-09T10:00:00Z,0.330,3.100
2023-06-09T11:00:00Z,0.275,3.075
2023-06-09T12:00:00Z,0.245,3.025
2023-06-09T13:00:00Z,0.230,3.070
2023-06-09T14:00:00Z,0.200,3.125
2023-06-09T15:00:00Z,0.180,3.195
2023-06-09T16:00:00Z,0.165,3.200
2023-06-09T17:00:00Z,0.155,3.235
2023-06-09T18:00:00Z,0.135,3.260
2023-06-09T19:00:00Z,0.135,3.315
2023-06-09T20:00:00Z,0.125,3.290
2023-06-09T21:00:00Z,0.130,3.495
2023-06-09T22:00:00Z,0.125,3.245
2023-06-09T23:00:00Z,0.105,3.185
2023-06-10T00:00:00Z,0.115,3.145
2023-06-10T01:00:00Z,0.100,3.445
2023-06-10T02:00:00Z,0.090,3.120
2023-06-10T03:00:00Z,0.075,3.115
2023-06-10T04:00:00Z,0.075,3.080
2023-06-10T05:00:00Z,0.065,2.945
2023-06-10T06:00:00Z,0.100,2.430
2023-06-10T07:00:00Z,0.150,2.315
2023-06-10T08:00:00Z,0.170,2.440
2023-06-10T09:00:00Z,0.195,2.330
2023-06-10T10:00:00Z,0.245,2.430
2023-06-10T11:00:00Z,0.265,2.565
2023-06-10T12:00:00Z,0.245,2.600
2023-06-10T13:00:00Z,0.220,2.540
2023-06-10T14:00:00Z,0.200,2.525
2023-06-10T15:00:00Z,0.200,2.490
2023-06-10T16:00:00Z,0.200,2.445
2023-06-10T17:00:00Z,0.245,2.550
2023-06-10T18:00:00Z,0.275,2.620
2023-06-10T19:00:00Z,0.300,2.690
2023-06-10T20:00:00Z,0.275,2.655
2023-06-10T21:00:00Z,0.225,2.650
2023-06-10T22:00:00Z,0.210,2.630
2023-06-10T23:00:00Z,0.225,2.715
2023-06-11T00:00:00Z,0.175,2.630
2023-06-11T01:00:00Z,0.145,2.545
2023-06-11T02:00:00Z,0.130,2.585
2023-06-11T03:00:00Z,0.140,2.335
2023-06-11T04:00:00Z,0.350,2.530
2023-06-11T05:00:00Z,0.710,3.250
2023-06-11T06:00:00Z,0.955,3.680
2023-06-11T07:00:00Z,1.260,4.095
2023-06-11T08:00:00Z,1.440,4.370
2023-06-11T09:00:00Z,1.510,4.590
2023-06-11T10:00:00Z,1.425,4.540
2023-06-11T11:00:00Z,1.500,4.625
2023-06-11T12:00:00Z,1.515,4.715
2023-06-11T13:00:00Z,1.565,4.915
2023-06-11T14:00:00Z,1.680,4.890
2023-06-11T15:00:00Z,1.720,4.965
2023-06-11T16:00:00Z,1.610,4.945
2023-06-11T17:00:00Z,1.470,4.780
2023-06-11T18:00:00Z,1.595,4.830
2023-06-11T19:00:00Z,1.780,4.920
2023-06-11T20:00:00Z,2.080,5.190
2023-06-11T21:00:00Z,2.210,5.235
2023-06-11T22:00:00Z,2.415,5.425
2023-06-11T23:00:00Z,2.460,5.495
2023-06-12T00:00:00Z,2.520,5.505
2023-06-12T01:00:00Z,2.500,5.520
2023-06-12T02:00:00Z,2.435,5.430
2023-06-12T03:00:00Z,2.260,5.280
2023-06-12T04:00:00Z,2.095,5.245
2023-06-12T05:00:00Z,2.010,5.155
2023-06-12T06:00:00Z,1.920,5.100
2023-06-12T07:00:00Z,1.660,4.940
2023-06-12T08:00:00Z,1.465,4.795
2023-06-12T09:00:00Z,1.360,4.550
2023-06-12T10:00:00Z,1.280,4.425
2023-06-12T11:00:00Z,1.230,4.300
2023-06-12T12:00:00Z,1.220,4.230
2023-06-12T13:00:00Z,1.150,4.070
2023-06-12T14:00:00Z,1.095,4.070
2023-06-12T15:00:00Z,0.970,3.910
2023-06-12T16:00:00Z,0.895,3.850
2023-06-12T17:00:00Z,0.800,3.775
2023-06-12T18:00:00Z,0.660,3.680
2023-06-12T19:00:00Z,0.575,3.790
2023-06-12T20:00:00Z,0.465,3.810
2023-06-12T21:00:00Z,0.435,3.540
2023-06-12T22:00:00Z,0.430,3.140
2023-06-12T23:00:00Z,0.435,3.105
2023-06-13T00:00:00Z,0.485,3.090
2023-06-13T01:00:00Z,0.535,3.155
2023-06-13T02:00:00Z,0.530,3.185
2023-06-13T03:00:00Z,0.490,3.235
2023-06-13T04:00:00Z,0.460,3.170
2023-06-13T05:00:00Z,0.455,3.025
2023-06-13T06:00:00Z,0.430,2.980
2023-06-13T07:00:00Z,0.410,2.975
2023-06-13T08:00:00Z,0.380,2.965
2023-06-13T09:00:00Z,0.400,2.945
2023-06-13T10:00:00Z,0.465,3.000
2023-06-13T11:00:00Z,0.560,3.195
2023-06-13T12:00:00Z,0.505,3.205
2023-06-13T13:00:00Z,0.460,3.150
2023-06-13T14:00:00Z,0.360,3.120
2023-06-13T15:00:00Z,0.320,3.050
2023-06-13T16:00:00Z,0.280,3.035
2023-06-13T17:00:00Z,0.265,2.990
2023-06-13T18:00:00Z,0.245,2.850
2023-06-13T19:00:00Z,0.330,2.650
2023-06-13T20:00:00Z,0.410,2.725
2023-06-13T21:00:00Z,0.425,2.755
2023-06-13T22:00:00Z,0.335,2.700
2023-06-13T23:00:00Z,0.345,2.690
2023-06-14T00:00:00Z,0.445,2.985
2023-06-14T01:00:00Z,0.540,3.245
2023-06-14T02:00:00Z,0.490,3.285
2023-06-14T03:00:00Z,0.445,3.340
2023-06-14T04:00:00Z,0.395,3.250
2023-06-14T05:00:00Z,0.310,3.070
2023-06-14T06:00:00Z,0.245,2.965
2023-06-14T07:00:00Z,0.205,2.860
2023-06-14T08:00:00Z,0.200,2.750
2023-06-14T09:00:00Z,0.190,2.710
2023-06-14T10:00:00Z,0.200,2.725
2023-06-14T11:00:00Z,0.190,2.790
2023-06-14T12:00:00Z,0.195,2.820
2023-06-14T13:00:00Z,0.205,2.810
2023-06-14T14:00:00Z,0.180,2.770
2023-06-14T15:00:00Z,0.150,2.825
2023-06-14T16:00:00Z,0.130,2.675
2023-06-14T17:00:00Z,0.120,2.620
2023-06-14T18:00:00Z,0.095,2.770
2023-06-14T19:00:00Z,0.095,2.950
2023-06-14T20:00:00Z,0.070,2.665
2023-06-14T21:00:00Z,0.080,3.100
2023-06-14T22:00:00Z,0.060,3.085
2023-06-14T23:00:00Z,0.060,2.965
2023-06-15T00:00:00Z,0.065,3.450
2023-06-15T01:00:00Z,0.065,3.210
2023-06-15T02:00:00Z,0.050,2.920
2023-06-15T03:00:00Z,0.045,2.915
2023-06-15T04:00:00Z,0.085,3.365
2023-06-15T05:00:00Z,0.050,2.815
2023-06-15T06:00:00Z,0.040,2.620
2023-06-15T07:00:00Z,0.050,2.660
2023-06-15T08:00:00Z,0.045,2.660
2023-06-15T09:00:00Z,0.045,2.610
2023-06-15T10:00:00Z,0.050,2.435
2023-06-15T11:00:00Z,0.080,2.610
2023-06-15T12:00:00Z,0.085,2.355
2023-06-15T13:00:00Z,0.120,2.330
2023-06-15T14:00:00Z,0.135,2.580
2023-06-15T15:00:00Z,0.135,2.785
2023-06-15T16:00:00Z,0.350,2.420
2023-06-15T17:00:00Z,0.660,3.050
2023-06-15T18:00:00Z,0.950,3.575
2023-06-15T19:00:00Z,1.050,3.945
2023-06-15T20:00:00Z,1.050,4.060
2023-06-15T21:00:00Z,1.190,4.295
2023-06-15T22:00:00Z,1.275,4.500
2023-06-15T23:00:00Z,1.435,4.585
2023-06-16T00:00:00Z,1.535,4.615
2023-06-16T01:00:00Z,1.615,4.690
2023-06-16T02:00:00Z,1.430,4.530
2023-06-16T03:00:00Z,1.340,4.335
2023-06-16T04:00:00Z,1.410,4.370
2023-06-16T05:00:00Z,1.515,4.425
2023-06-16T06:00:00Z,1.425,4.360
2023-06-16T07:00:00Z,1.430,4.295
2023-06-16T08:00:00Z,1.325,4.300
2023-06-16T09:00:00Z,1.100,4.190
2023-06-16T10:00:00Z,1.045,4.060
2023-06-16T11:00:00Z,0.950,3.960
2023-06-16T12:00:00Z,0.930,3.860
2023-06-16T13:00:00Z,0.910,3.815
2023-06-16T14:00:00Z,0.865,3.810
2023-06-16T15:00:00Z,0.815,3.855
2023-06-16T16:00:00Z,0.740,3.780
2023-06-16T17:00:00Z,0.710,3.705
2023-06-16T18:00:00Z,0.680,3.625
2023-06-16T19:00:00Z,0.680,3.595
2023-06-16T20:00:00Z,0.665,3.525
2023-06-16T21:00:00Z,0.610,3.410
2023-06-16T22:00:00Z,0.635,3.515
2023-06-16T23:00:00Z,0.580,3.415
2023-06-17T00:00:00Z,0.565,3.485
2023-06-17T01:00:00Z,0.505,3.355
2023-06-17T02:00:00Z,0.485,3.360
2023-06-17T03:00:00Z,0.445,3.345
2023-06-17T04:00:00Z,0.395,3.325
2023-06-17T05:00:00Z,0.385,3.435
2023-06-17T06:00:00Z,0.325,3.350
2023-06-17T07:00:00Z,0.285,3.375
2023-06-17T08:00:00Z,0.275,3.370
2023-06-17T09:00:00Z,0.245,3.315
2023-06-17T10:00:00Z,0.230,3.310
2023-06-17T11:00:00Z,0.230,3.340
2023-06-17T12:00:00Z,0.210,3.305
2023-06-17T13:00:00Z,0.200,3.235
2023-06-17T14:00:00Z,0.200,3.240
2023-06-17T15:00:00Z,0.180,3.285
2023-06-17T16:00:00Z,0.155,3.175
2023-06-17T17:00:00Z,0.155,3.185
2023-06-17T18:00:00Z,0.150,3.250
2023-06-17T19:00:00Z,0.150,3.165
2023-06-17T20:00:00Z,0.140,3.025
2023-06-17T21:00:00Z,0.145,3.200
2023-06-17T22:00:00Z,0.105,3.050
2023-06-17T23:00:00Z,0.105,2.950
2023-06-18T00:00:00Z,0.075,3.095
2023-06-18T01:00:00Z,0.095,3.545
2023-06-18T02:00:00Z,0.075,3.105
2023-06-18T03:00:00Z,0.075,3.050
2023-06-18T04:00:00Z,0.080,2.945
2023-06-18T05:00:00Z,0.075,2.845
2023-06-18T06:00:00Z,0.065,2.795
2023-06-18T07:00:00Z,0.065,2.870
2023-06-18T08:00:00Z,0.060,2.740
2023-06-18T09:00:00Z,0.050,2.745
2023-06-18T10:00:00Z,0.055,2.870
2023-06-18T11:00:00Z,0.050,2.745
2023-06-18T12:00:00Z,0.045,2.700
2023-06-18T13:00:00Z,0.040,2.830
2023-06-18T14:00:00Z,0.050,3.590
2023-06-18T15:00:00Z,0.045,3.600
2023-06-18T16:00:00Z,0.065,3.545
2023-06-18T17:00:00Z,0.050,3.445
2023-06-18T18:00:00Z,0.055,4.240
2023-06-18T19:00:00Z,0.045,3.445
2023-06-18T20:00:00Z,0.040,2.580
2023-06-18T21:00:00Z,0.085,3.690
2023-06-18T22:00:00Z,0.080,2.925
2023-06-18T23:00:00Z,0.090,2.775
2023-06-19T00:00:00Z,0.090,2.775
2023-06-19T01:00:00Z,0.100,2.890
2023-06-19T02:00:00Z,0.075,2.870
2023-06-19T03:00:00Z,0.075,2.710
2023-06-19T04:00:00Z,0.080,2.720
2023-06-19T05:00:00Z,0.070,2.645
2023-06-19T06:00:00Z,0.075,2.530
2023-06-19T07:00:00Z,0.075,2.360
2023-06-19T08:00:00Z,0.145,2.385
2023-06-19T09:00:00Z,0.115,2.285
2023-06-19T10:00:00Z,0.100,2.320
2023-06-19T11:00:00Z,0.110,2.290
2023-06-19T12:00:00Z,0.100,2.270
2023-06-19T13:00:00Z,0.075,2.335
2023-06-19T14:00:00Z,0.100,2.475
2023-06-19T15:00:00Z,0.140,2.690
2023-06-19T16:00:00Z,0.160,2.715
2023-06-19T17:00:00Z,0.160,2.695
2023-06-19T18:00:00Z,0.135,2.760
2023-06-19T19:00:00Z,0.125,2.765
2023-06-19T20:00:00Z,0.110,2.635
2023-06-19T21:00:00Z,0.115,2.695
2023-06-19T22:00:00Z,0.115,2.765
2023-06-19T23:00:00Z,0.120,2.370
2023-06-20T00:00:00Z,0.225,2.360
2023-06-20T01:00:00Z,0.265,2.445
2023-06-20T02:00:00Z,0.280,2.535
2023-06-20T03:00:00Z,0.295,2.760
2023-06-20T04:00:00Z,0.270,2.720
2023-06-20T05:00:00Z,0.280,2.870
2023-06-20T06:00:00Z,0.250,2.765
2023-06-20T07:00:00Z,0.220,2.750
2023-06-20T08:00:00Z,0.225,2.810
2023-06-20T09:00:00Z,0.210,2.705
2023-06-20T10:00:00Z,0.220,2.640
2023-06-20T11:00:00Z,0.235,2.655
2023-06-20T12:00:00Z,0.240,2.735
2023-06-20T13:00:00Z,0.275,2.750
2023-06-20T14:00:00Z,0.270,2.770
2023-06-20T15:00:00Z,0.250,2.655
2023-06-20T16:00:00Z,0.215,2.550
2023-06-20T17:00:00Z,0.225,2.450
2023-06-20T18:00:00Z,0.255,2.440
2023-06-20T19:00:00Z,0.310,2.365
2023-06-20T20:00:00Z,0.330,2.505
2023-06-20T21:00:00Z,0.380,2.710
2023-06-20T22:00:00Z,0.500,2.885
2023-06-20T23:00:00Z,0.610,3.110
2023-06-21T00:00:00Z,0.670,3.335
2023-06-21T01:00:00Z,0.630,3.465
2023-06-21T02:00:00Z,0.550,3.535
2023-06-21T03:00:00Z,0.495,3.570
2023-06-21T04:00:00Z,0.500,3.715
2023-06-21T05:00:00Z,0.490,3.710
2023-06-21T06:00:00Z,0.425,3.660
2023-06-21T07:00:00Z,0.405,3.560
2023-06-21T08:00:00Z,0.405,3.550
2023-06-21T09:00:00Z,0.385,3.595
2023-06-21T10:00:00Z,0.375,3.510
2023-06-21T11:00:00Z,0.315,3.430
2023-06-21T12:00:00Z,0.280,3.350
2023-06-21T13:00:00Z,0.255,3.325
2023-06-21T14:00:00Z,0.225,3.385
2023-06-21T15:00:00Z,0.225,3.425
2023-06-21T16:00:00Z,0.200,3.395
2023-06-21T17:00:00Z,0.195,3.440
2023-06-21T18:00:00Z,0.215,3.600
2023-06-21T19:00:00Z,0.195,3.470
2023-06-21T20:00:00Z,0.165,3.250
2023-06-21T21:00:00Z,0.205,2.820
2023-06-21T22:00:00Z,0.330,2.730
2023-06-21T23:00:00Z,0.380,2.815
2023-06-22T00:00:00Z,0.420,2.905
2023-06-22T01:00:00Z,0.525,3.110
2023-06-22T02:00:00Z,0.560,3.190
2023-06-22T03:00:00Z,0.555,3.285
2023-06-22T04:00:00Z,0.500,3.265
2023-06-22T05:00:00Z,0.435,3.195
2023-06-22T06:00:00Z,0.350,3.110
2023-06-22T07:00:00Z,0.315,3.010
2023-06-22T08:00:00Z,0.265,2.960
2023-06-22T09:00:00Z,0.210,2.865
2023-06-22T10:00:00Z,0.180,2.815
2023-06-22T11:00:00Z,0.155,2.825
2023-06-22T12:00:00Z,0.170,2.855
2023-06-22T13:00:00Z,0.165,2.870
2023-06-22T14:00:00Z,0.175,2.900
2023-06-22T15:00:00Z,0.175,2.925
2023-06-22T16:00:00Z,0.140,2.785
2023-06-22T17:00:00Z,0.145,2.800
2023-06-22T18:00:00Z,0.140,2.940
2023-06-22T19:00:00Z,0.120,2.905
2023-06-22T20:00:00Z,0.115,2.865
2023-06-22T21:00:00Z,0.155,2.540
2023-06-22T22:00:00Z,0.290,2.445
2023-06-22T23:00:00Z,0.355,2.615
2023-06-23T00:00:00Z,0.350,2.775
2023-06-23T01:00:00Z,0.335,2.795
2023-06-23T02:00:00Z,0.320,2.900
2023-06-23T03:00:00Z,0.285,2.890
2023-06-23T04:00:00Z,0.235,2.880
2023-06-23T05:00:00Z,0.220,2.960
2023-06-23T06:00:00Z,0.200,3.040
2023-06-23T07:00:00Z,0.190,3.050
2023-06-23T08:00:00Z,0.180,3.195
2023-06-23T09:00:00Z,0.185,3.160
2023-06-23T10:00:00Z,0.155,3.010
2023-06-23T11:00:00Z,0.145,2.855
2023-06-23T12:00:00Z,0.130,2.775
2023-06-23T13:00:00Z,0.120,2.645
2023-06-23T14:00:00Z,0.110,2.675
2023-06-23T15:00:00Z,0.105,2.785
2023-06-23T16:00:00Z,0.090,2.675
2023-06-23T17:00:00Z,0.100,2.765
2023-06-23T18:00:00Z,0.110,2.955
2023-06-23T19:00:00Z,0.100,3.020
2023-06-23T20:00:00Z,0.090,2.855
2023-06-23T21:00:00Z,0.105,3.050
2023-06-23T22:00:00Z,0.110,3.085
2023-06-23T23:00:00Z,0.100,2.835
2023-06-24T00:00:00Z,0.090,2.740
2023-06-24T01:00:00Z,0.085,2.790
2023-06-24T02:00:00Z,0.085,3.005
2023-06-24T03:00:00Z,0.065,2.655
2023-06-24T04:00:00Z,0.060,2.750
2023-06-24T05:00:00Z,0.060,2.640
2023-06-24T06:00:00Z,0.060,2.590
2023-06-24T07:00:00Z,0.060,2.600
2023-06-24T08:00:00Z,0.050,2.655
2023-06-24T09:00:00Z,0.050,2.590
2023-06-24T10:00:00Z,0.050,2.550
2023-06-24T11:00:00Z,0.040,2.630
2023-06-24T12:00:00Z,0.035,2.640
2023-06-24T13:00:00Z,0.030,2.740
2023-06-24T14:00:00Z,0.045,3.270
2023-06-24T15:00:00Z,0.045,3.660
2023-06-24T16:00:00Z,0.035,3.005
2023-06-24T17:00:00Z,0.040,3.340
2023-06-24T18:00:00Z,0.060,3.640
2023-06-24T19:00:00Z,0.065,3.125
2023-06-24T20:00:00Z,0.045,2.935
2023-06-24T21:00:00Z,0.055,3.190
2023-06-24T22:00:00Z,0.060,3.255
2023-06-24T23:00:00Z,0.065,2.675
2023-06-25T00:00:00Z,0.065,2.635
2023-06-25T01:00:00Z,0.080,2.950
2023-06-25T02:00:00Z,0.080,2.565
2023-06-25T03:00:00Z,0.075,2.555
2023-06-25T04:00:00Z,0.090,2.500
2023-06-25T05:00:00Z,0.135,2.370
2023-06-25T06:00:00Z,0.160,2.415
2023-06-25T07:00:00Z,0.195,2.420
2023-06-25T08:00:00Z,0.335,2.475
2023-06-25T09:00:00Z,0.315,2.695
2023-06-25T10:00:00Z,0.285,2.800
2023-06-25T11:00:00Z,0.325,2.620
2023-06-25T12:00:00Z,0.545,3.045
2023-06-25T13:00:00Z,0.865,3.680
2023-06-25T14:00:00Z,0.900,3.650
2023-06-25T15:00:00Z,0.795,3.470
2023-06-25T16:00:00Z,0.835,3.575
2023-06-25T17:00:00Z,0.730,3.460
2023-06-25T18:00:00Z,0.675,3.310
2023-06-25T19:00:00Z,0.785,3.460
2023-06-25T20:00:00Z,0.765,3.650
2023-06-25T21:00:00Z,0.680,3.560
2023-06-25T22:00:00Z,0.660,3.305
2023-06-25T23:00:00Z,0.830,3.490
2023-06-26T00:00:00Z,0.760,3.775
2023-06-26T01:00:00Z,0.675,3.655
2023-06-26T02:00:00Z,0.700,3.815
2023-06-26T03:00:00Z,0.595,3.685
2023-06-26T04:00:00Z,0.500,3.335
2023-06-26T05:00:00Z,0.440,3.225
2023-06-26T06:00:00Z,0.540,3.270
2023-06-26T07:00:00Z,0.520,3.255
2023-06-26T08:00:00Z,0.455,3.070
2023-06-26T09:00:00Z,0.390,2.885
2023-06-26T10:00:00Z,0.390,2.840
2023-06-26T11:00:00Z,0.410,2.705
2023-06-26T12:00:00Z,0.460,2.740
2023-06-26T13:00:00Z,0.460,2.850
2023-06-26T14:00:00Z,0.490,2.855
2023-06-26T15:00:00Z,0.590,3.005
2023-06-26T16:00:00Z,0.670,3.150
2023-06-26T17:00:00Z,0.700,3.230
2023-06-26T18:00:00Z,0.645,3.190
2023-06-26T19:00:00Z,0.690,3.275
2023-06-26T20:00:00Z,0.805,3.485
2023-06-26T21:00:00Z,0.880,3.605
2023-06-26T22:00:00Z,0.860,3.735
2023-06-26T23:00:00Z,0.770,3.785
2023-06-27T00:00:00Z,0.790,3.920
2023-06-27T01:00:00Z,0.790,4.015
2023-06-27T02:00:00Z,0.875,4.365
2023-06-27T03:00:00Z,0.905,4.595
2023-06-27T04:00:00Z,0.885,4.570
2023-06-27T05:00:00Z,0.820,4.430
2023-06-27T06:00:00Z,0.885,4.065
2023-06-27T07:00:00Z,0.900,3.860
2023-06-27T08:00:00Z,0.875,3.840
2023-06-27T09:00:00Z,0.925,3.710
2023-06-27T10:00:00Z,0.915,3.655
2023-06-27T11:00:00Z,0.925,3.575
2023-06-27T12:00:00Z,1.010,3.635
2023-06-27T13:00:00Z,1.130,3.820
2023-06-27T14:00:00Z,1.235,4.080
2023-06-27T15:00:00Z,1.225,4.205
2023-06-27T16:00:00Z,1.395,4.440
2023-06-27T17:00:00Z,1.420,4.595
2023-06-27T18:00:00Z,1.330,4.555
2023-06-27T19:00:00Z,1.305,4.575
2023-06-27T20:00:00Z,1.395,4.755
2023-06-27T21:00:00Z,1.260,4.560
2023-06-27T22:00:00Z,1.175,4.600
2023-06-27T23:00:00Z,1.125,4.590
2023-06-28T00:00:00Z,0.930,4.545
2023-06-28T01:00:00Z,0.880,4.580
2023-06-28T02:00:00Z,0.795,4.415
2023-06-28T03:00:00Z,0.720,4.330
2023-06-28T04:00:00Z,0.675,4.240
2023-06-28T05:00:00Z,0.660,4.230
2023-06-28T06:00:00Z,0.580,4.085
2023-06-28T07:00:00Z,0.565,4.050
2023-06-28T08:00:00Z,0.495,3.935
2023-06-28T09:00:00Z,0.440,3.895
2023-06-28T10:00:00Z,0.405,3.835
2023-06-28T11:00:00Z,0.390,3.915
2023-06-28T12:00:00Z,0.350,3.940
2023-06-28T13:00:00Z,0.335,3.925
2023-06-28T14:00:00Z,0.315,3.975
2023-06-28T15:00:00Z,0.305,4.095
2023-06-28T16:00:00Z,0.265,4.055
2023-06-28T17:00:00Z,0.250,4.025
2023-06-28T18:00:00Z,0.230,4.015
2023-06-28T19:00:00Z,0.220,3.980
2023-06-28T20:00:00Z,0.195,3.810
2023-06-28T21:00:00Z,0.185,3.850
2023-06-28T22:00:00Z,0.165,3.820
2023-06-28T23:00:00Z,0.165,3.725
2023-06-29T00:00:00Z,0.160,3.715
2023-06-29T01:00:00Z,0.165,3.630
2023-06-29T02:00:00Z,0.135,3.285
2023-06-29T03:00:00Z,0.125,3.335
2023-06-29T04:00:00Z,0.115,3.300
2023-06-29T05:00:00Z,0.120,2.825
2023-06-29T06:00:00Z,0.200,2.290
2023-06-29T07:00:00Z,0.260,2.360
2023-06-29T08:00:00Z,0.315,2.520
2023-06-29T09:00:00Z,0.365,2.645
2023-06-29T10:00:00Z,0.375,2.780
2023-06-29T11:00:00Z,0.380,2.865
2023-06-29T12:00:00Z,0.450,2.945
2023-06-29T13:00:00Z,0.440,3.030
2023-06-29T14:00:00Z,0.410,3.040
2023-06-29T15:00:00Z,0.370,3.150
2023-06-29T16:00:00Z,0.415,3.495
2023-06-29T17:00:00Z,0.525,3.725
2023-06-29T18:00:00Z,0.465,3.630
2023-06-29T19:00:00Z,0.400,3.405
2023-06-29T20:00:00Z,0.355,3.130
2023-06-29T21:00:00Z,0.330,2.915
2023-06-29T22:00:00Z,0.330,2.820
2023-06-29T23:00:00Z,0.350,2.865
2023-06-30T00:00:00Z,0.365,2.905
2023-06-30T01:00:00Z,0.255,2.830
2023-06-30T02:00:00Z,0.295,2.925
2023-06-30T03:00:00Z,0.275,2.965
2023-06-30T04:00:00Z,0.185,2.745
2023-06-30T05:00:00Z,0.150,2.610
2023-06-30T06:00:00Z,0.115,2.545
2023-06-30T07:00:00Z,0.120,2.535
2023-06-30T08:00:00Z,0.150,2.635
2023-06-30T09:00:00Z,0.175,2.665
2023-06-30T10:00:00Z,0.230,2.795
2023-06-30T11:00:00Z,0.225,3.035
2023-06-30T12:00:00Z,0.200,3.015
2023-06-30T13:00:00Z,0.185,2.950
2023-06-30T14:00:00Z,0.175,2.955
2023-06-30T15:00:00Z,0.160,2.875
2023-06-30T16:00:00Z,0.150,2.810
2023-06-30T17:00:00Z,0.125,2.710
2023-06-30T18:00:00Z,0.150,2.735
2023-06-30T19:00:00Z,0.140,2.735
2023-06-30T20:00:00Z,0.125,2.465
2023-06-30T21:00:00Z,0.115,2.490
2023-06-30T22:00:00Z,0.115,2.595
2023-06-30T23:00:00Z,0.085,2.675
2023-07-01T00:00:00Z,0.065,2.740
2023-07-01T01:00:00Z,0.075,3.025
2023-07-01T02:00:00Z,0.080,2.905
2023-07-01T03:00:00Z,0.075,2.905
2023-07-01T04:00:00Z,0.075,2.755
2023-07-01T05:00:00Z,0.080,2.625
2023-07-01T06:00:00Z,0.065,3.110
2023-07-01T07:00:00Z,0.060,2.970
2023-07-01T08:00:00Z,0.055,2.760
2023-07-01T09:00:00Z,0.050,2.785
2023-07-01T10:00:00Z,0.050,2.805
2023-07-01T11:00:00Z,0.060,2.970
2023-07-01T12:00:00Z,0.045,2.810
2023-07-01T13:00:00Z,0.040,2.755
2023-07-01T14:00:00Z,0.045,3.000
2023-07-01T15:00:00Z,0.070,3.935
2023-07-01T16:00:00Z,0.060,3.125
2023-07-01T17:00:00Z,0.040,3.030
2023-07-01T18:00:00Z,0.050,3.170
2023-07-01T19:00:00Z,0.085,3.215
2023-07-01T20:00:00Z,0.040,2.780
2023-07-01T21:00:00Z,0.075,2.985
2023-07-01T22:00:00Z,0.060,3.480
2023-07-01T23:00:00Z,0.060,3.000
2023-07-02T00:00:00Z,0.050,2.700
2023-07-02T01:00:00Z,0.070,3.590
2023-07-02T02:00:00Z,0.060,3.025
2023-07-02T03:00:00Z,0.050,2.940
2023-07-02T04:00:00Z,0.055,2.850
2023-07-02T05:00:00Z,0.050,2.855
2023-07-02T06:00:00Z,0.050,2.780
2023-07-02T07:00:00Z,0.060,2.720
2023-07-02T08:00:00Z,0.055,2.645
2023-07-02T09:00:00Z,0.045,2.635
2023-07-02T10:00:00Z,0.040,2.680
2023-07-02T11:00:00Z,0.035,2.605
2023-07-02T12:00:00Z,0.030,2.625
2023-07-02T13:00:00Z,0.045,2.530
2023-07-02T14:00:00Z,0.050,3.140
2023-07-02T15:00:00Z,0.050,3.535
2023-07-02T16:00:00Z,0.035,2.770
2023-07-02T17:00:00Z,0.060,2.970
2023-07-02T18:00:00Z,0.100,2.665
2023-07-02T19:00:00Z,0.090,2.395
2023-07-02T20:00:00Z,0.215,2.630
2023-07-02T21:00:00Z,0.390,2.910
2023-07-02T22:00:00Z,0.500,3.160
2023-07-02T23:00:00Z,0.575,3.310
2023-07-03T00:00:00Z,0.640,3.640
2023-07-03T01:00:00Z,0.730,3.815
2023-07-03T02:00:00Z,0.695,3.815
2023-07-03T03:00:00Z,0.645,3.770
2023-07-03T04:00:00Z,0.625,3.760
2023-07-03T05:00:00Z,0.630,3.745
2023-07-03T06:00:00Z,0.580,3.740
2023-07-03T07:00:00Z,0.530,3.585
2023-07-03T08:00:00Z,0.495,3.515
2023-07-03T09:00:00Z,0.455,3.380
2023-07-03T10:00:00Z,0.450,3.125
2023-07-03T11:00:00Z,0.410,2.990
2023-07-03T12:00:00Z,0.370,3.035
2023-07-03T13:00:00Z,0.340,2.935
2023-07-03T14:00:00Z,0.320,2.965
2023-07-03T15:00:00Z,0.330,2.940
2023-07-03T16:00:00Z,0.310,2.980
2023-07-03T17:00:00Z,0.295,3.080
2023-07-03T18:00:00Z,0.270,3.100
2023-07-03T19:00:00Z,0.250,3.075
2023-07-03T20:00:00Z,0.205,3.040
2023-07-03T21:00:00Z,0.200,3.025
2023-07-03T22:00:00Z,0.185,3.125
2023-07-03T23:00:00Z,0.165,2.990
2023-07-04T00:00:00Z,0.150,2.910
2023-07-04T01:00:00Z,0.150,3.090
2023-07-04T02:00:00Z,0.125,2.880
2023-07-04T03:00:00Z,0.130,2.840
2023-07-04T04:00:00Z,0.120,2.855
2023-07-04T05:00:00Z,0.120,2.820
2023-07-04T06:00:00Z,0.105,2.775
2023-07-04T07:00:00Z,0.110,2.950
2023-07-04T08:00:00Z,0.090,2.800
2023-07-04T09:00:00Z,0.085,2.875
2023-07-04T10:00:00Z,0.085,2.885
2023-07-04T11:00:00Z,0.070,2.885
2023-07-04T12:00:00Z,0.065,2.870
2023-07-04T13:00:00Z,0.060,2.895
2023-07-04T14:00:00Z,0.065,2.540
2023-07-04T15:00:00Z,0.125,2.345
2023-07-04T16:00:00Z,0.130,2.265
2023-07-04T17:00:00Z,0.155,2.235
2023-07-04T18:00:00Z,0.170,2.395
2023-07-04T19:00:00Z,0.180,2.450
2023-07-04T20:00:00Z,0.185,2.515
2023-07-04T21:00:00Z,0.195,2.530
2023-07-04T22:00:00Z,0.160,2.495
2023-07-04T23:00:00Z,0.160,2.490
2023-07-05T00:00:00Z,0.145,2.485
2023-07-05T01:00:00Z,0.140,2.660
2023-07-05T02:00:00Z,0.110,2.465
2023-07-05T03:00:00Z,0.105,2.595
2023-07-05T04:00:00Z,0.090,2.660
2023-07-05T05:00:00Z,0.090,2.650
2023-07-05T06:00:00Z,0.080,2.685
2023-07-05T07:00:00Z,0.090,2.705
2023-07-05T08:00:00Z,0.070,2.570
2023-07-05T09:00:00Z,0.065,2.550
2023-07-05T10:00:00Z,0.075,2.470
2023-07-05T11:00:00Z,0.090,2.360
2023-07-05T12:00:00Z,0.100,2.345
2023-07-05T13:00:00Z,0.100,2.285
2023-07-05T14:00:00Z,0.100,2.380
2023-07-05T15:00:00Z,0.085,2.345
2023-07-05T16:00:00Z,0.100,2.340
2023-07-05T17:00:00Z,0.120,2.395
2023-07-05T18:00:00Z,0.135,2.520
2023-07-05T19:00:00Z,0.115,2.495
2023-07-05T20:00:00Z,0.110,2.405
2023-07-05T21:00:00Z,0.090,2.470
2023-07-05T22:00:00Z,0.090,2.490
2023-07-05T23:00:00Z,0.295,2.540
2023-07-06T00:00:00Z,0.295,2.680
2023-07-06T01:00:00Z,0.240,2.765
2023-07-06T02:00:00Z,0.285,3.050
2023-07-06T03:00:00Z,0.280,3.070
2023-07-06T04:00:00Z,0.250,2.960
2023-07-06T05:00:00Z,0.210,2.845
2023-07-06T06:00:00Z,0.170,2.720
2023-07-06T07:00:00Z,0.145,2.815
2023-07-06T08:00:00Z,0.140,2.565
2023-07-06T09:00:00Z,0.125,2.490
2023-07-06T10:00:00Z,0.105,2.500
2023-07-06T11:00:00Z,0.120,2.445
2023-07-06T12:00:00Z,0.225,2.505
2023-07-06T13:00:00Z,0.370,2.765
2023-07-06T14:00:00Z,0.505,2.950
2023-07-06T15:00:00Z,0.645,3.180
2023-07-06T16:00:00Z,0.720,3.370
2023-07-06T17:00:00Z,0.765,3.525
2023-07-06T18:00:00Z,0.840,3.710
2023-07-06T19:00:00Z,0.880,3.875
2023-07-06T20:00:00Z,0.780,3.915
2023-07-06T21:00:00Z,0.750,3.955
2023-07-06T22:00:00Z,0.765,3.950
2023-07-06T23:00:00Z,0.715,3.865
2023-07-07T00:00:00Z,0.685,3.885
2023-07-07T01:00:00Z,0.640,3.850
2023-07-07T02:00:00Z,0.585,3.840
2023-07-07T03:00:00Z,0.580,3.795
2023-07-07T04:00:00Z,0.500,3.670
2023-07-07T05:00:00Z,0.455,3.620
2023-07-07T06:00:00Z,0.380,3.400
2023-07-07T07:00:00Z,0.330,3.230
2023-07-07T08:00:00Z,0.305,3.150
2023-07-07T09:00:00Z,0.285,3.045
2023-07-07T10:00:00Z,0.250,2.945
2023-07-07T11:00:00Z,0.225,2.955
2023-07-07T12:00:00Z,0.200,2.975
2023-07-07T13:00:00Z,0.195,3.005
2023-07-07T14:00:00Z,0.185,3.115
2023-07-07T15:00:00Z,0.190,3.155
2023-07-07T16:00:00Z,0.175,3.020
2023-07-07T17:00:00Z,0.175,3.075
2023-07-07T18:00:00Z,0.185,3.115
2023-07-07T19:00:00Z,0.170,3.035
2023-07-07T20:00:00Z,0.150,3.020
2023-07-07T21:00:00Z,0.160,3.010
2023-07-07T22:00:00Z,0.160,3.145
2023-07-07T23:00:00Z,0.170,3.345
2023-07-08T00:00:00Z,0.185,3.370
2023-07-08T01:00:00Z,0.190,3.430
2023-07-08T02:00:00Z,0.165,3.275
2023-07-08T03:00:00Z,0.145,3.190
2023-07-08T04:00:00Z,0.140,3.205
2023-07-08T05:00:00Z,0.120,3.050
2023-07-08T06:00:00Z,0.115,2.970
2023-07-08T07:00:00Z,0.125,3.010
2023-07-08T08:00:00Z,0.125,2.965
2023-07-08T09:00:00Z,0.125,2.735
2023-07-08T10:00:00Z,0.280,2.445
2023-07-08T11:00:00Z,0.435,2.800
2023-07-08T12:00:00Z,0.655,3.155
2023-07-08T13:00:00Z,0.755,3.360
2023-07-08T14:00:00Z,0.800,3.445
2023-07-08T15:00:00Z,0.780,3.530
2023-07-08T16:00:00Z,0.740,3.660
2023-07-08T17:00:00Z,0.615,3.510
2023-07-08T18:00:00Z,0.540,3.440
2023-07-08T19:00:00Z,0.460,3.415
2023-07-08T20:00:00Z,0.390,3.305
2023-07-08T21:00:00Z,0.325,3.230
2023-07-08T22:00:00Z,0.250,3.110
2023-07-08T23:00:00Z,0.180,2.975
2023-07-09T00:00:00Z,0.145,2.930
2023-07-09T01:00:00Z,0.125,2.890
2023-07-09T02:00:00Z,0.120,2.975
2023-07-09T03:00:00Z,0.100,2.845
2023-07-09T04:00:00Z,0.085,2.890
2023-07-09T05:00:00Z,0.090,3.165
2023-07-09T06:00:00Z,0.105,3.340
2023-07-09T07:00:00Z,0.140,2.725
2023-07-09T08:00:00Z,0.160,2.625
2023-07-09T09:00:00Z,0.150,2.725
2023-07-09T10:00:00Z,0.135,2.675
2023-07-09T11:00:00Z,0.125,2.615
2023-07-09T12:00:00Z,0.120,2.615
2023-07-09T13:00:00Z,0.110,2.530
2023-07-09T14:00:00Z,0.120,2.465
2023-07-09T15:00:00Z,0.125,2.420
2023-07-09T16:00:00Z,0.125,2.495
2023-07-09T17:00:00Z,0.110,2.440
2023-07-09T18:00:00Z,0.150,2.470
2023-07-09T19:00:00Z,0.145,2.485
2023-07-09T20:00:00Z,0.135,2.570
2023-07-09T21:00:00Z,0.130,2.725
2023-07-09T22:00:00Z,0.115,2.715
2023-07-09T23:00:00Z,0.125,2.775
2023-07-10T00:00:00Z,0.145,3.035
2023-07-10T01:00:00Z,0.190,3.320
2023-07-10T02:00:00Z,0.165,3.190
2023-07-10T03:00:00Z,0.140,3.080
2023-07-10T04:00:00Z,0.115,2.990
2023-07-10T05:00:00Z,0.110,2.935
2023-07-10T06:00:00Z,0.105,3.040
2023-07-10T07:00:00Z,0.095,3.080
2023-07-10T08:00:00Z,0.120,2.670
2023-07-10T09:00:00Z,0.200,2.310
2023-07-10T10:00:00Z,0.205,2.355
2023-07-10T11:00:00Z,0.190,2.390
2023-07-10T12:00:00Z,0.175,2.380
2023-07-10T13:00:00Z,0.170,2.385
2023-07-10T14:00:00Z,0.220,2.415
2023-07-10T15:00:00Z,0.265,2.500
2023-07-10T16:00:00Z,0.330,2.605
2023-07-10T17:00:00Z,0.370,2.760
2023-07-10T18:00:00Z,0.395,2.825
2023-07-10T19:00:00Z,0.375,2.790
2023-07-10T20:00:00Z,0.395,2.800
2023-07-10T21:00:00Z,0.420,2.850
2023-07-10T22:00:00Z,0.490,2.980
2023-07-10T23:00:00Z,0.475,2.935
2023-07-11T00:00:00Z,0.500,2.975
2023-07-11T01:00:00Z,0.500,2.970
2023-07-11T02:00:00Z,0.500,2.990
2023-07-11T03:00:00Z,0.435,2.975
2023-07-11T04:00:00Z,0.415,2.970
2023-07-11T05:00:00Z,0.390,2.975
2023-07-11T06:00:00Z,0.435,3.000
2023-07-11T07:00:00Z,0.475,3.045
2023-07-11T08:00:00Z,0.530,3.045
2023-07-11T09:00:00Z,0.580,3.125
2023-07-11T10:00:00Z,0.575,3.180
2023-07-11T11:00:00Z,0.535,3.235
2023-07-11T12:00:00Z,0.495,3.255
2023-07-11T13:00:00Z,0.470,3.390
2023-07-11T14:00:00Z,0.465,3.390
2023-07-11T15:00:00Z,0.430,3.370
2023-07-11T16:00:00Z,0.495,2.970
2023-07-11T17:00:00Z,0.595,3.095
2023-07-11T18:00:00Z,0.650,3.370
2023-07-11T19:00:00Z,0.805,3.580
2023-07-11T20:00:00Z,0.930,3.880
2023-07-11T21:00:00Z,0.905,3.880
2023-07-11T22:00:00Z,0.880,3.980
2023-07-11T23:00:00Z,0.780,4.080
2023-07-12T00:00:00Z,0.690,4.100
2023-07-12T01:00:00Z,0.690,4.205
2023-07-12T02:00:00Z,0.655,4.005
2023-07-12T03:00:00Z,0.615,3.865
2023-07-12T04:00:00Z,0.560,3.835
2023-07-12T05:00:00Z,0.550,3.635
2023-07-12T06:00:00Z,0.570,3.570
2023-07-12T07:00:00Z,0.535,3.540
2023-07-12T08:00:00Z,0.475,3.275
2023-07-12T09:00:00Z,0.470,2.995
2023-07-12T10:00:00Z,0.475,3.035
2023-07-12T11:00:00Z,0.485,3.020
2023-07-12T12:00:00Z,0.530,3.040
2023-07-12T13:00:00Z,0.545,3.140
2023-07-12T14:00:00Z,0.530,3.180
2023-07-12T15:00:00Z,0.495,3.190
2023-07-12T16:00:00Z,0.440,3.125
2023-07-12T17:00:00Z,0.390,2.930
2023-07-12T18:00:00Z,0.360,2.900
2023-07-12T19:00:00Z,0.315,2.850
2023-07-12T20:00:00Z,0.320,2.805
2023-07-12T21:00:00Z,0.335,2.720
2023-07-12T22:00:00Z,0.365,2.755
2023-07-12T23:00:00Z,0.420,2.765
2023-07-13T00:00:00Z,0.610,3.010
2023-07-13T01:00:00Z,1.020,3.630
2023-07-13T02:00:00Z,1.240,3.860
2023-07-13T03:00:00Z,1.475,4.245
2023-07-13T04:00:00Z,1.380,4.215
2023-07-13T05:00:00Z,1.130,3.995
2023-07-13T06:00:00Z,1.000,3.995
2023-07-13T07:00:00Z,0.805,3.840
2023-07-13T08:00:00Z,0.710,3.800
2023-07-13T09:00:00Z,0.605,3.770
2023-07-13T10:00:00Z,0.545,3.635
2023-07-13T11:00:00Z,0.500,3.590
2023-07-13T12:00:00Z,0.455,3.460
2023-07-13T13:00:00Z,0.410,3.290
2023-07-13T14:00:00Z,0.435,3.130
2023-07-13T15:00:00Z,0.465,3.170
2023-07-13T16:00:00Z,0.425,3.175
2023-07-13T17:00:00Z,0.365,3.055
2023-07-13T18:00:00Z,0.335,3.045
2023-07-13T19:00:00Z,0.280,2.990
2023-07-13T20:00:00Z,0.245,3.010
2023-07-13T21:00:00Z,0.220,3.220
2023-07-13T22:00:00Z,0.185,3.270
2023-07-13T23:00:00Z,0.190,2.945
2023-07-14T00:00:00Z,0.205,2.590
2023-07-14T01:00:00Z,0.190,2.570
2023-07-14T02:00:00Z,0.165,2.535
2023-07-14T03:00:00Z,0.155,2.510
2023-07-14T04:00:00Z,0.145,2.655
2023-07-14T05:00:00Z,0.175,2.490
2023-07-14T06:00:00Z,0.245,2.390
2023-07-14T07:00:00Z,0.340,2.545
2023-07-14T08:00:00Z,0.470,2.735
2023-07-14T09:00:00Z,0.480,2.970
2023-07-14T10:00:00Z,0.430,2.975
2023-07-14T11:00:00Z,0.495,3.080
2023-07-14T12:00:00Z,0.410,3.025
2023-07-14T13:00:00Z,0.435,3.095
2023-07-14T14:00:00Z,0.410,3.205
2023-07-14T15:00:00Z,0.400,3.205
2023-07-14T16:00:00Z,0.440,3.300
2023-07-14T17:00:00Z,0.385,3.170
2023-07-14T18:00:00Z,0.465,3.440
2023-07-14T19:00:00Z,0.345,3.150
2023-07-14T20:00:00Z,0.325,3.055
2023-07-14T21:00:00Z,0.330,3.070
2023-07-14T22:00:00Z,0.340,3.035
2023-07-14T23:00:00Z,0.280,2.875
2023-07-15T00:00:00Z,0.260,2.825
2023-07-15T01:00:00Z,0.265,2.855
2023-07-15T02:00:00Z,0.270,2.835
2023-07-15T03:00:00Z,0.215,2.720
2023-07-15T04:00:00Z,0.505,2.815
2023-07-15T05:00:00Z,0.470,2.965
2023-07-15T06:00:00Z,0.315,2.930
2023-07-15T07:00:00Z,0.385,3.650
2023-07-15T08:00:00Z,0.510,3.565
2023-07-15T09:00:00Z,0.620,3.410
2023-07-15T10:00:00Z,0.500,3.120
2023-07-15T11:00:00Z,0.470,2.960
2023-07-15T12:00:00Z,0.470,3.045
2023-07-15T13:00:00Z,0.650,3.320
2023-07-15T14:00:00Z,0.730,3.475
2023-07-15T15:00:00Z,0.640,3.400
2023-07-15T16:00:00Z,0.565,3.200
2023-07-15T17:00:00Z,0.510,3.130
2023-07-15T18:00:00Z,0.450,2.955
2023-07-15T19:00:00Z,0.420,2.965
2023-07-15T20:00:00Z,0.355,3.005
2023-07-15T21:00:00Z,0.300,3.050
2023-07-15T22:00:00Z,0.275,3.115
2023-07-15T23:00:00Z,0.225,3.105
2023-07-16T00:00:00Z,0.205,3.050
2023-07-16T01:00:00Z,0.190,3.040
2023-07-16T02:00:00Z,0.175,2.880
2023-07-16T03:00:00Z,0.145,2.715
2023-07-16T04:00:00Z,0.110,2.605
2023-07-16T05:00:00Z,0.100,2.545
2023-07-16T06:00:00Z,0.110,2.475
2023-07-16T07:00:00Z,0.125,2.360
2023-07-16T08:00:00Z,0.235,2.270
2023-07-16T09:00:00Z,0.390,2.490
2023-07-16T10:00:00Z,0.430,2.740
2023-07-16T11:00:00Z,0.400,2.805
2023-07-16T12:00:00Z,0.635,3.040
2023-07-16T13:00:00Z,0.725,3.190
2023-07-16T14:00:00Z,0.795,3.250
2023-07-16T15:00:00Z,0.745,3.360
2023-07-16T16:00:00Z,0.655,3.340
2023-07-16T17:00:00Z,0.585,3.415
2023-07-16T18:00:00Z,0.520,3.435
2023-07-16T19:00:00Z,0.420,3.355
2023-07-16T20:00:00Z,0.350,3.290
2023-07-16T21:00:00Z,0.305,3.115
2023-07-16T22:00:00Z,0.270,3.045
2023-07-16T23:00:00Z,0.250,3.070
2023-07-17T00:00:00Z,0.270,2.965
2023-07-17T01:00:00Z,0.315,2.620
2023-07-17T02:00:00Z,0.380,2.535
2023-07-17T03:00:00Z,0.390,2.515
2023-07-17T04:00:00Z,0.505,2.645
2023-07-17T05:00:00Z,0.610,2.895
2023-07-17T06:00:00Z,0.755,3.080
2023-07-17T07:00:00Z,0.625,3.110
2023-07-17T08:00:00Z,0.590,3.135
2023-07-17T09:00:00Z,0.560,3.185
2023-07-17T10:00:00Z,0.545,3.255
2023-07-17T11:00:00Z,0.590,3.275
2023-07-17T12:00:00Z,0.600,3.285
2023-07-17T13:00:00Z,0.605,3.350
2023-07-17T14:00:00Z,0.620,3.515
2023-07-17T15:00:00Z,0.630,3.695
2023-07-17T16:00:00Z,0.605,3.740
2023-07-17T17:00:00Z,0.555,3.775
2023-07-17T18:00:00Z,0.545,3.885
2023-07-17T19:00:00Z,0.490,3.915
2023-07-17T20:00:00Z,0.440,3.840
2023-07-17T21:00:00Z,0.365,3.730
2023-07-17T22:00:00Z,0.320,3.740
2023-07-17T23:00:00Z,0.260,3.580
2023-07-18T00:00:00Z,0.225,3.235
2023-07-18T01:00:00Z,0.200,2.785
2023-07-18T02:00:00Z,0.170,2.755
2023-07-18T03:00:00Z,0.155,2.905
2023-07-18T04:00:00Z,0.145,2.835
2023-07-18T05:00:00Z,0.120,2.805
2023-07-18T06:00:00Z,0.115,2.810
2023-07-18T07:00:00Z,0.105,2.670
2023-07-18T08:00:00Z,0.100,2.555
2023-07-18T09:00:00Z,0.115,2.385
2023-07-18T10:00:00Z,0.140,2.410
2023-07-18T11:00:00Z,0.145,2.430
2023-07-18T12:00:00Z,0.155,2.440
2023-07-18T13:00:00Z,0.170,2.485
2023-07-18T14:00:00Z,0.195,2.520
2023-07-18T15:00:00Z,0.225,2.710
2023-07-18T16:00:00Z,0.225,2.655
2023-07-18T17:00:00Z,0.245,2.760
2023-07-18T18:00:00Z,0.240,2.785
2023-07-18T19:00:00Z,0.250,2.815
2023-07-18T20:00:00Z,0.225,2.725
2023-07-18T21:00:00Z,0.210,2.705
2023-07-18T22:00:00Z,0.180,2.720
2023-07-18T23:00:00Z,0.165,2.755
2023-07-19T00:00:00Z,0.135,2.910
2023-07-19T01:00:00Z,0.100,3.000
2023-07-19T02:00:00Z,0.070,2.900
2023-07-19T03:00:00Z,0.075,2.940
2023-07-19T04:00:00Z,0.065,2.970
2023-07-19T05:00:00Z,0.060,2.980
2023-07-19T06:00:00Z,0.050,2.960
2023-07-19T07:00:00Z,0.045,2.950
2023-07-19T08:00:00Z,0.040,2.825
2023-07-19T09:00:00Z,0.040,2.935
2023-07-19T10:00:00Z,0.040,2.775
2023-07-19T11:00:00Z,0.040,2.770
2023-07-19T12:00:00Z,0.040,2.830
2023-07-19T13:00:00Z,0.045,2.800
2023-07-19T14:00:00Z,0.060,3.465
2023-07-19T15:00:00Z,0.065,3.275
2023-07-19T16:00:00Z,0.040,3.010
2023-07-19T17:00:00Z,0.045,3.210
2023-07-19T18:00:00Z,0.055,3.670
2023-07-19T19:00:00Z,0.040,3.015
2023-07-19T20:00:00Z,0.050,2.500
2023-07-19T21:00:00Z,0.055,3.950
2023-07-19T22:00:00Z,0.055,3.750
2023-07-19T23:00:00Z,0.040,3.065
2023-07-20T00:00:00Z,0.060,3.000
2023-07-20T01:00:00Z,0.065,3.750
2023-07-20T02:00:00Z,0.055,3.025
2023-07-20T03:00:00Z,0.055,3.035
2023-07-20T04:00:00Z,0.070,2.700
2023-07-20T05:00:00Z,0.105,2.500
2023-07-20T06:00:00Z,0.090,2.545
2023-07-20T07:00:00Z,0.085,2.785
2023-07-20T08:00:00Z,0.080,2.395
2023-07-20T09:00:00Z,0.090,2.400
2023-07-20T10:00:00Z,0.105,2.365
2023-07-20T11:00:00Z,0.125,2.400
2023-07-20T12:00:00Z,0.155,2.405
2023-07-20T13:00:00Z,0.235,2.445
2023-07-20T14:00:00Z,0.330,2.550
2023-07-20T15:00:00Z,0.435,2.745
2023-07-20T16:00:00Z,0.470,2.830
2023-07-20T17:00:00Z,0.445,2.935
2023-07-20T18:00:00Z,0.425,2.975
2023-07-20T19:00:00Z,0.380,2.990
2023-07-20T20:00:00Z,0.320,3.020
2023-07-20T21:00:00Z,0.310,2.990
2023-07-20T22:00:00Z,0.315,3.105
2023-07-20T23:00:00Z,0.345,3.105
2023-07-21T00:00:00Z,0.420,2.730
2023-07-21T01:00:00Z,0.505,2.810
2023-07-21T02:00:00Z,0.710,3.135
2023-07-21T03:00:00Z,0.855,3.495
2023-07-21T04:00:00Z,0.965,3.750
2023-07-21T05:00:00Z,0.920,3.625
2023-07-21T06:00:00Z,0.885,3.640
2023-07-21T07:00:00Z,1.020,3.945
2023-07-21T08:00:00Z,1.185,4.275
2023-07-21T09:00:00Z,1.315,4.605
2023-07-21T10:00:00Z,1.270,4.700
2023-07-21T11:00:00Z,1.200,4.655
2023-07-21T12:00:00Z,1.220,4.620
2023-07-21T13:00:00Z,1.200,4.670
2023-07-21T14:00:00Z,1.050,4.545
2023-07-21T15:00:00Z,0.990,4.370
2023-07-21T16:00:00Z,0.905,4.180
2023-07-21T17:00:00Z,0.880,4.125
2023-07-21T18:00:00Z,0.795,4.005
2023-07-21T19:00:00Z,0.680,3.730
2023-07-21T20:00:00Z,0.565,3.680
2023-07-21T21:00:00Z,0.515,3.585
2023-07-21T22:00:00Z,0.430,3.730
2023-07-21T23:00:00Z,0.415,3.890
2023-07-22T00:00:00Z,0.340,3.835
2023-07-22T01:00:00Z,0.300,3.930
2023-07-22T02:00:00Z,0.310,4.105
2023-07-22T03:00:00Z,0.255,4.025
2023-07-22T04:00:00Z,0.240,4.090
2023-07-22T05:00:00Z,0.230,4.095
2023-07-22T06:00:00Z,0.200,3.905
2023-07-22T07:00:00Z,0.195,3.865
2023-07-22T08:00:00Z,0.195,3.780
2023-07-22T09:00:00Z,0.185,3.485
2023-07-22T10:00:00Z,0.155,3.420
2023-07-22T11:00:00Z,0.150,3.365
2023-07-22T12:00:00Z,0.135,3.165
2023-07-22T13:00:00Z,0.135,2.730
2023-07-22T14:00:00Z,0.160,2.640
2023-07-22T15:00:00Z,0.140,2.715
2023-07-22T16:00:00Z,0.135,2.705
2023-07-22T17:00:00Z,0.135,2.680
2023-07-22T18:00:00Z,0.160,2.640
2023-07-22T19:00:00Z,0.205,2.490
2023-07-22T20:00:00Z,0.215,2.455
2023-07-22T21:00:00Z,0.235,2.430
2023-07-22T22:00:00Z,0.250,2.430
2023-07-22T23:00:00Z,0.240,2.445
2023-07-23T00:00:00Z,0.240,2.540
2023-07-23T01:00:00Z,0.220,2.530
2023-07-23T02:00:00Z,0.215,2.540
2023-07-23T03:00:00Z,0.335,2.675
2023-07-23T04:00:00Z,0.380,2.800
2023-07-23T05:00:00Z,0.445,2.995
2023-07-23T06:00:00Z,0.460,3.000
2023-07-23T07:00:00Z,0.500,3.105
2023-07-23T08:00:00Z,0.545,3.320
2023-07-23T09:00:00Z,0.680,3.780
2023-07-23T10:00:00Z,0.575,3.845
2023-07-23T11:00:00Z,0.465,3.675
2023-07-23T12:00:00Z,0.395,3.455
2023-07-23T13:00:00Z,0.315,3.105
2023-07-23T14:00:00Z,0.275,2.895
2023-07-23T15:00:00Z,0.325,2.985
2023-07-23T16:00:00Z,0.360,3.060
2023-07-23T17:00:00Z,0.325,2.940
2023-07-23T18:00:00Z,0.290,2.770
2023-07-23T19:00:00Z,0.280,2.760
2023-07-23T20:00:00Z,0.225,2.650
2023-07-23T21:00:00Z,0.190,2.570
2023-07-23T22:00:00Z,0.145,2.500
2023-07-23T23:00:00Z,0.125,2.375
2023-07-24T00:00:00Z,0.120,2.550
2023-07-24T01:00:00Z,0.115,2.565
2023-07-24T02:00:00Z,0.105,2.610
2023-07-24T03:00:00Z,0.115,2.650
2023-07-24T04:00:00Z,0.115,2.780
2023-07-24T05:00:00Z,0.110,2.625
2023-07-24T06:00:00Z,0.105,2.475
2023-07-24T07:00:00Z,0.135,2.370
2023-07-24T08:00:00Z,0.165,2.350
2023-07-24T09:00:00Z,0.155,2.335
2023-07-24T10:00:00Z,0.160,2.330
2023-07-24T11:00:00Z,0.135,2.320
2023-07-24T12:00:00Z,0.115,2.310
2023-07-24T13:00:00Z,0.105,2.385
2023-07-24T14:00:00Z,0.080,2.420
2023-07-24T15:00:00Z,0.090,2.495
2023-07-24T16:00:00Z,0.100,2.370
2023-07-24T17:00:00Z,0.095,2.300
2023-07-24T18:00:00Z,0.120,2.470
2023-07-24T19:00:00Z,0.130,2.430
2023-07-24T20:00:00Z,0.130,2.550
2023-07-24T21:00:00Z,0.130,2.780
2023-07-24T22:00:00Z,0.115,2.795
2023-07-24T23:00:00Z,0.105,2.910
2023-07-25T00:00:00Z,0.145,3.125
2023-07-25T01:00:00Z,0.170,3.540
2023-07-25T02:00:00Z,0.175,3.590
2023-07-25T03:00:00Z,0.160,3.505
2023-07-25T04:00:00Z,0.150,3.450
2023-07-25T05:00:00Z,0.130,3.330
2023-07-25T06:00:00Z,0.135,3.250
2023-07-25T07:00:00Z,0.120,3.115
2023-07-25T08:00:00Z,0.115,2.935
2023-07-25T09:00:00Z,0.105,2.805
2023-07-25T10:00:00Z,0.095,2.690
2023-07-25T11:00:00Z,0.080,2.650
2023-07-25T12:00:00Z,0.070,2.575
2023-07-25T13:00:00Z,0.070,2.365
2023-07-25T14:00:00Z,0.110,2.355
2023-07-25T15:00:00Z,0.125,2.425
2023-07-25T16:00:00Z,0.135,2.380
2023-07-25T17:00:00Z,0.145,2.375
2023-07-25T18:00:00Z,0.145,2.340
2023-07-25T19:00:00Z,0.165,2.480
2023-07-25T20:00:00Z,0.150,2.325
2023-07-25T21:00:00Z,0.170,2.375
2023-07-25T22:00:00Z,0.145,2.370
2023-07-25T23:00:00Z,0.120,2.300
2023-07-26T00:00:00Z,0.100,2.290
2023-07-26T01:00:00Z,0.120,2.400
2023-07-26T02:00:00Z,0.155,2.295
2023-07-26T03:00:00Z,0.235,2.410
2023-07-26T04:00:00Z,0.260,2.580
2023-07-26T05:00:00Z,0.245,2.720
2023-07-26T06:00:00Z,0.235,2.680
2023-07-26T07:00:00Z,0.235,2.605
2023-07-26T08:00:00Z,0.270,2.675
2023-07-26T09:00:00Z,0.330,2.730
2023-07-26T10:00:00Z,0.425,2.810
2023-07-26T11:00:00Z,0.480,2.955
2023-07-26T12:00:00Z,0.560,3.110
2023-07-26T13:00:00Z,0.550,3.125
2023-07-26T14:00:00Z,0.640,3.065
2023-07-26T15:00:00Z,0.715,3.225
2023-07-26T16:00:00Z,0.795,3.395
2023-07-26T17:00:00Z,0.860,3.540
2023-07-26T18:00:00Z,0.880,3.235
2023-07-26T19:00:00Z,0.740,3.350
2023-07-26T20:00:00Z,0.610,3.470
2023-07-26T21:00:00Z,0.455,3.340
2023-07-26T22:00:00Z,0.380,3.305
2023-07-26T23:00:00Z,0.320,3.210
2023-07-27T00:00:00Z,0.280,3.210
2023-07-27T01:00:00Z,0.255,3.105
2023-07-27T02:00:00Z,0.205,2.925
2023-07-27T03:00:00Z,0.200,2.865
2023-07-27T04:00:00Z,0.215,2.895
2023-07-27T05:00:00Z,0.165,2.680
2023-07-27T06:00:00Z,0.120,2.565
2023-07-27T07:00:00Z,0.100,2.670
2023-07-27T08:00:00Z,0.085,2.575
2023-07-27T09:00:00Z,0.085,2.435
2023-07-27T10:00:00Z,0.080,2.465
2023-07-27T11:00:00Z,0.085,2.435
2023-07-27T12:00:00Z,0.090,2.425
2023-07-27T13:00:00Z,0.105,2.545
2023-07-27T14:00:00Z,0.150,2.620
2023-07-27T15:00:00Z,0.195,2.720
2023-07-27T16:00:00Z,0.210,2.650
2023-07-27T17:00:00Z,0.190,2.620
2023-07-27T18:00:00Z,0.170,2.690
2023-07-27T19:00:00Z,0.140,2.565
2023-07-27T20:00:00Z,0.130,2.510
2023-07-27T21:00:00Z,0.095,2.915
2023-07-27T22:00:00Z,0.075,3.185
2023-07-27T23:00:00Z,0.065,2.920
2023-07-28T00:00:00Z,0.060,3.035
2023-07-28T01:00:00Z,0.060,3.825
2023-07-28T02:00:00Z,0.050,3.465
2023-07-28T03:00:00Z,0.040,3.120
2023-07-28T04:00:00Z,0.070,4.060
2023-07-28T05:00:00Z,0.085,2.545
2023-07-28T06:00:00Z,0.145,2.340
2023-07-28T07:00:00Z,0.125,2.485
2023-07-28T08:00:00Z,0.530,2.655
2023-07-28T09:00:00Z,0.650,3.090
2023-07-28T10:00:00Z,0.600,3.120
2023-07-28T11:00:00Z,0.565,3.175
2023-07-28T12:00:00Z,0.520,2.965
2023-07-28T13:00:00Z,0.565,2.960
2023-07-28T14:00:00Z,0.635,3.175
2023-07-28T15:00:00Z,0.620,3.180
2023-07-28T16:00:00Z,0.480,3.150
2023-07-28T17:00:00Z,0.465,3.110
2023-07-28T18:00:00Z,0.455,3.195
2023-07-28T19:00:00Z,0.440,3.270
2023-07-28T20:00:00Z,0.385,3.265
2023-07-28T21:00:00Z,0.335,3.240
2023-07-28T22:00:00Z,0.350,3.300
2023-07-28T23:00:00Z,0.300,3.375
2023-07-29T00:00:00Z,0.230,3.195
2023-07-29T01:00:00Z,0.200,3.070
2023-07-29T02:00:00Z,0.165,2.855
2023-07-29T03:00:00Z,0.315,2.715
2023-07-29T04:00:00Z,0.665,3.500
2023-07-29T05:00:00Z,0.830,3.520
2023-07-29T06:00:00Z,0.885,3.620
2023-07-29T07:00:00Z,0.990,3.530
2023-07-29T08:00:00Z,1.075,3.970
2023-07-29T09:00:00Z,1.180,4.530
2023-07-29T10:00:00Z,1.185,4.440
2023-07-29T11:00:00Z,1.085,4.285
2023-07-29T12:00:00Z,1.165,4.265
2023-07-29T13:00:00Z,1.185,4.265
2023-07-29T14:00:00Z,1.140,4.295
2023-07-29T15:00:00Z,1.180,4.255
2023-07-29T16:00:00Z,1.165,4.140
2023-07-29T17:00:00Z,1.060,4.080
2023-07-29T18:00:00Z,1.130,4.225
2023-07-29T19:00:00Z,1.130,4.135
2023-07-29T20:00:00Z,1.075,4.205
2023-07-29T21:00:00Z,0.990,4.155
2023-07-29T22:00:00Z,0.885,3.995
2023-07-29T23:00:00Z,0.830,4.060
2023-07-30T00:00:00Z,0.720,4.165
2023-07-30T01:00:00Z,0.650,4.245
2023-07-30T02:00:00Z,0.565,4.170
2023-07-30T03:00:00Z,0.535,4.180
2023-07-30T04:00:00Z,0.490,4.115
2023-07-30T05:00:00Z,0.475,4.145
2023-07-30T06:00:00Z,0.440,4.025
2023-07-30T07:00:00Z,0.455,4.015
2023-07-30T08:00:00Z,0.435,3.800
2023-07-30T09:00:00Z,0.390,3.415
2023-07-30T10:00:00Z,0.380,3.210
2023-07-30T11:00:00Z,0.405,3.170
2023-07-30T12:00:00Z,0.465,3.060
2023-07-30T13:00:00Z,0.540,3.080
2023-07-30T14:00:00Z,0.595,3.210
2023-07-30T15:00:00Z,0.535,3.195
2023-07-30T16:00:00Z,0.535,3.285
2023-07-30T17:00:00Z,0.460,3.335
2023-07-30T18:00:00Z,0.415,3.290
2023-07-30T19:00:00Z,0.380,3.255
2023-07-30T20:00:00Z,0.360,3.210
2023-07-30T21:00:00Z,0.360,3.280
2023-07-30T22:00:00Z,0.330,3.395
2023-07-30T23:00:00Z,0.300,3.315
2023-07-31T00:00:00Z,0.280,3.390
2023-07-31T01:00:00Z,0.275,3.365
2023-07-31T02:00:00Z,0.240,3.250
2023-07-31T03:00:00Z,0.245,3.175
2023-07-31T04:00:00Z,0.220,3.100
2023-07-31T05:00:00Z,0.180,2.975
2023-07-31T06:00:00Z,0.160,2.920
2023-07-31T07:00:00Z,0.145,3.195
2023-07-31T08:00:00Z,0.130,3.145
2023-07-31T09:00:00Z,0.160,2.685
2023-07-31T10:00:00Z,0.210,2.610
2023-07-31T11:00:00Z,0.210,2.630
2023-07-31T12:00:00Z,0.180,2.640
2023-07-31T13:00:00Z,0.155,2.600
2023-07-31T14:00:00Z,0.135,2.555
2023-07-31T15:00:00Z,0.135,2.675
2023-07-31T16:00:00Z,0.105,2.605
2023-07-31T17:00:00Z,0.095,2.530
2023-07-31T18:00:00Z,0.105,2.795
2023-07-31T19:00:00Z,0.105,2.580
2023-07-31T20:00:00Z,0.115,2.420
2023-07-31T21:00:00Z,0.140,2.665
2023-07-31T22:00:00Z,0.125,2.560
2023-07-31T23:00:00Z,0.100,2.535
2023-08-01T00:00:00Z,0.085,2.680
2023-08-01T01:00:00Z,0.080,3.000
2023-08-01T02:00:00Z,0.065,2.710
2023-08-01T03:00:00Z,0.075,2.940
2023-08-01T04:00:00Z,0.090,2.960
2023-08-01T05:00:00Z,0.085,2.935
2023-08-01T06:00:00Z,0.070,2.885
2023-08-01T07:00:00Z,0.070,2.740
2023-08-01T08:00:00Z,0.055,2.770
2023-08-01T09:00:00Z,0.045,2.715
2023-08-01T10:00:00Z,0.045,2.635
2023-08-01T11:00:00Z,0.040,2.590
2023-08-01T12:00:00Z,0.045,2.455
2023-08-01T13:00:00Z,0.090,2.245
2023-08-01T14:00:00Z,0.190,2.340
2023-08-01T15:00:00Z,0.265,2.515
2023-08-01T16:00:00Z,0.300,2.685
2023-08-01T17:00:00Z,0.345,2.800
2023-08-01T18:00:00Z,0.340,2.850
2023-08-01T19:00:00Z,0.360,2.805
2023-08-01T20:00:00Z,0.345,2.805
2023-08-01T21:00:00Z,0.330,2.800
2023-08-01T22:00:00Z,0.310,2.810
2023-08-01T23:00:00Z,0.300,2.745
2023-08-02T00:00:00Z,0.300,2.765
2023-08-02T01:00:00Z,0.330,2.705
2023-08-02T02:00:00Z,0.340,2.700
2023-08-02T03:00:00Z,0.365,2.730
2023-08-02T04:00:00Z,0.425,2.855
2023-08-02T05:00:00Z,0.460,3.035
2023-08-02T06:00:00Z,0.485,3.240
2023-08-02T07:00:00Z,0.465,3.230
2023-08-02T08:00:00Z,0.415,3.170
2023-08-02T09:00:00Z,0.410,3.180
2023-08-02T10:00:00Z,0.420,3.130
2023-08-02T11:00:00Z,0.420,3.030
2023-08-02T12:00:00Z,0.445,3.000
2023-08-02T13:00:00Z,0.455,3.030
2023-08-02T14:00:00Z,0.425,3.100
2023-08-02T15:00:00Z,0.435,3.035
2023-08-02T16:00:00Z,0.435,3.020
2023-08-02T17:00:00Z,0.465,3.105
2023-08-02T18:00:00Z,0.490,3.120
2023-08-02T19:00:00Z,0.515,3.210
2023-08-02T20:00:00Z,0.455,3.080
2023-08-02T21:00:00Z,0.425,3.075
2023-08-02T22:00:00Z,0.365,2.885
2023-08-02T23:00:00Z,0.310,2.850
2023-08-03T00:00:00Z,0.285,2.745
2023-08-03T01:00:00Z,0.270,2.670
2023-08-03T02:00:00Z,0.260,2.795
2023-08-03T03:00:00Z,0.255,2.770
2023-08-03T04:00:00Z,0.265,2.665
2023-08-03T05:00:00Z,0.260,2.735
2023-08-03T06:00:00Z,0.225,2.785
2023-08-03T07:00:00Z,0.215,2.795
2023-08-03T08:00:00Z,0.170,2.715
2023-08-03T09:00:00Z,0.185,2.610
2023-08-03T10:00:00Z,0.215,2.500
2023-08-03T11:00:00Z,0.210,2.520
2023-08-03T12:00:00Z,0.185,2.490
2023-08-03T13:00:00Z,0.190,2.560
2023-08-03T14:00:00Z,0.175,2.665
2023-08-03T15:00:00Z,0.195,2.720
2023-08-03T16:00:00Z,0.195,2.735
2023-08-03T17:00:00Z,0.190,2.615
2023-08-03T18:00:00Z,0.205,2.465
2023-08-03T19:00:00Z,0.195,2.430
2023-08-03T20:00:00Z,0.165,2.370
2023-08-03T21:00:00Z,0.145,2.335
2023-08-03T22:00:00Z,0.135,2.300
2023-08-03T23:00:00Z,0.200,2.285
2023-08-04T00:00:00Z,0.190,2.370
2023-08-04T01:00:00Z,0.175,2.515
2023-08-04T02:00:00Z,0.150,2.500
2023-08-04T03:00:00Z,0.130,2.490
2023-08-04T04:00:00Z,0.135,2.570
2023-08-04T05:00:00Z,0.195,2.570
2023-08-04T06:00:00Z,0.245,2.670
2023-08-04T07:00:00Z,0.365,2.570
2023-08-04T08:00:00Z,0.475,2.825
2023-08-04T09:00:00Z,0.420,2.925
2023-08-04T10:00:00Z,0.380,2.895
2023-08-04T11:00:00Z,0.390,2.760
2023-08-04T12:00:00Z,0.405,2.765
2023-08-04T13:00:00Z,0.400,2.880
2023-08-04T14:00:00Z,0.375,2.850
2023-08-04T15:00:00Z,0.340,2.860
2023-08-04T16:00:00Z,0.285,2.770
2023-08-04T17:00:00Z,0.235,2.760
2023-08-04T18:00:00Z,0.220,2.750
2023-08-04T19:00:00Z,0.195,2.690
2023-08-04T20:00:00Z,0.205,2.585
2023-08-04T21:00:00Z,0.255,2.525
2023-08-04T22:00:00Z,0.360,2.675
2023-08-04T23:00:00Z,0.505,2.980
2023-08-05T00:00:00Z,0.650,3.240
2023-08-05T01:00:00Z,0.790,3.535
2023-08-05T02:00:00Z,0.845,3.690
2023-08-05T03:00:00Z,0.845,3.890
2023-08-05T04:00:00Z,0.810,4.040
2023-08-05T05:00:00Z,0.665,3.895
2023-08-05T06:00:00Z,0.650,3.920
2023-08-05T07:00:00Z,0.580,3.930
2023-08-05T08:00:00Z,0.545,3.945
2023-08-05T09:00:00Z,0.485,3.880
2023-08-05T10:00:00Z,0.470,3.725
2023-08-05T11:00:00Z,0.535,3.310
2023-08-05T12:00:00Z,0.800,3.570
2023-08-05T13:00:00Z,0.870,3.805
2023-08-05T14:00:00Z,0.840,3.690
2023-08-05T15:00:00Z,0.850,3.715
2023-08-05T16:00:00Z,0.850,3.745
2023-08-05T17:00:00Z,0.840,3.800
2023-08-05T18:00:00Z,0.755,3.645
2023-08-05T19:00:00Z,0.650,3.490
2023-08-05T20:00:00Z,0.515,3.300
2023-08-05T21:00:00Z,0.495,3.095
2023-08-05T22:00:00Z,0.550,3.040
2023-08-05T23:00:00Z,0.585,3.080
2023-08-06T00:00:00Z,0.610,3.160
2023-08-06T01:00:00Z,0.725,3.230
2023-08-06T02:00:00Z,0.785,3.395
2023-08-06T03:00:00Z,0.935,3.600
2023-08-06T04:00:00Z,1.120,3.800
2023-08-06T05:00:00Z,1.080,3.815
2023-08-06T06:00:00Z,1.080,3.890
2023-08-06T07:00:00Z,1.030,3.940
2023-08-06T08:00:00Z,1.095,3.945
2023-08-06T09:00:00Z,1.090,3.995
2023-08-06T10:00:00Z,1.105,3.970
2023-08-06T11:00:00Z,1.080,4.025
2023-08-06T12:00:00Z,1.125,3.990
2023-08-06T13:00:00Z,1.170,4.045
2023-08-06T14:00:00Z,1.250,4.055
2023-08-06T15:00:00Z,1.170,3.935
2023-08-06T16:00:00Z,1.010,3.830
2023-08-06T17:00:00Z,1.010,3.715
2023-08-06T18:00:00Z,1.105,3.770
2023-08-06T19:00:00Z,1.215,4.000
2023-08-06T20:00:00Z,1.250,4.105
2023-08-06T21:00:00Z,1.165,4.100
2023-08-06T22:00:00Z,1.135,4.025
2023-08-06T23:00:00Z,1.075,4.075
2023-08-07T00:00:00Z,1.010,4.240
2023-08-07T01:00:00Z,0.830,4.005
2023-08-07T02:00:00Z,0.820,3.840
2023-08-07T03:00:00Z,0.765,3.690
2023-08-07T04:00:00Z,0.735,3.615
2023-08-07T05:00:00Z,0.765,3.620
2023-08-07T06:00:00Z,0.715,3.485
2023-08-07T07:00:00Z,0.655,3.475
2023-08-07T08:00:00Z,0.650,3.440
2023-08-07T09:00:00Z,0.630,3.320
2023-08-07T10:00:00Z,0.610,3.220
2023-08-07T11:00:00Z,0.655,3.180
2023-08-07T12:00:00Z,0.710,3.285
2023-08-07T13:00:00Z,0.795,3.420
2023-08-07T14:00:00Z,0.765,3.450
2023-08-07T15:00:00Z,0.735,3.540
2023-08-07T16:00:00Z,0.710,3.565
2023-08-07T17:00:00Z,0.710,3.550
2023-08-07T18:00:00Z,0.660,3.430
2023-08-07T19:00:00Z,0.710,3.545
2023-08-07T20:00:00Z,0.785,3.500
2023-08-07T21:00:00Z,0.800,3.580
2023-08-07T22:00:00Z,0.750,3.610
2023-08-07T23:00:00Z,0.750,3.640
2023-08-08T00:00:00Z,0.715,3.780
2023-08-08T01:00:00Z,0.680,3.800
2023-08-08T02:00:00Z,0.665,3.820
2023-08-08T03:00:00Z,0.620,3.710
2023-08-08T04:00:00Z,0.580,3.715
2023-08-08T05:00:00Z,0.540,3.545
2023-08-08T06:00:00Z,0.480,3.355
2023-08-08T07:00:00Z,0.495,3.125
2023-08-08T08:00:00Z,0.510,3.155
2023-08-08T09:00:00Z,0.545,3.085
2023-08-08T10:00:00Z,0.520,3.225
2023-08-08T11:00:00Z,0.480,3.215
2023-08-08T12:00:00Z,0.400,3.135
2023-08-08T13:00:00Z,0.320,3.005
2023-08-08T14:00:00Z,0.305,2.930
2023-08-08T15:00:00Z,0.320,2.890
2023-08-08T16:00:00Z,0.310,2.845
2023-08-08T17:00:00Z,0.280,2.840
2023-08-08T18:00:00Z,0.275,2.860
2023-08-08T19:00:00Z,0.300,2.795
2023-08-08T20:00:00Z,0.245,2.825
2023-08-08T21:00:00Z,0.300,2.725
2023-08-08T22:00:00Z,0.340,2.800
2023-08-08T23:00:00Z,0.340,2.935
2023-08-09T00:00:00Z,0.280,2.860
2023-08-09T01:00:00Z,0.295,2.995
2023-08-09T02:00:00Z,0.225,2.905
2023-08-09T03:00:00Z,0.165,2.685
2023-08-09T04:00:00Z,0.145,2.585
2023-08-09T05:00:00Z,0.180,2.375
2023-08-09T06:00:00Z,0.305,2.510
2023-08-09T07:00:00Z,0.380,2.685
2023-08-09T08:00:00Z,0.465,2.945
2023-08-09T09:00:00Z,0.575,3.290
2023-08-09T10:00:00Z,0.520,3.290
2023-08-09T11:00:00Z,0.520,3.305
2023-08-09T12:00:00Z,0.455,3.275
2023-08-09T13:00:00Z,0.385,3.160
2023-08-09T14:00:00Z,0.340,3.080
2023-08-09T15:00:00Z,0.310,2.970
2023-08-09T16:00:00Z,0.290,2.850
2023-08-09T17:00:00Z,0.270,2.755
2023-08-09T18:00:00Z,0.270,2.780
2023-08-09T19:00:00Z,0.270,2.655
2023-08-09T20:00:00Z,0.240,2.605
2023-08-09T21:00:00Z,0.240,2.575
2023-08-09T22:00:00Z,0.220,2.645
2023-08-09T23:00:00Z,0.235,2.655
2023-08-10T00:00:00Z,0.240,2.645
2023-08-10T01:00:00Z,0.240,2.640
2023-08-10T02:00:00Z,0.210,2.590
2023-08-10T03:00:00Z,0.220,2.500
2023-08-10T04:00:00Z,0.235,2.600
2023-08-10T05:00:00Z,0.235,2.480
2023-08-10T06:00:00Z,0.265,2.530
2023-08-10T07:00:00Z,0.325,2.690
2023-08-10T08:00:00Z,0.480,2.945
2023-08-10T09:00:00Z,0.525,3.105
2023-08-10T10:00:00Z,0.575,3.205
2023-08-10T11:00:00Z,0.635,3.320
2023-08-10T12:00:00Z,0.775,3.530
2023-08-10T13:00:00Z,0.815,3.565
2023-08-10T14:00:00Z,0.785,3.540
2023-08-10T15:00:00Z,0.680,3.460
2023-08-10T16:00:00Z,0.580,3.310
2023-08-10T17:00:00Z,0.520,3.165
2023-08-10T18:00:00Z,0.465,3.150
2023-08-10T19:00:00Z,0.425,3.205
2023-08-10T20:00:00Z,0.430,3.405
2023-08-10T21:00:00Z,0.425,3.440
2023-08-10T22:00:00Z,0.340,3.365
2023-08-10T23:00:00Z,0.300,3.360
2023-08-11T00:00:00Z,0.265,3.315
2023-08-11T01:00:00Z,0.245,3.325
2023-08-11T02:00:00Z,0.210,3.275
2023-08-11T03:00:00Z,0.190,3.180
2023-08-11T04:00:00Z,0.175,3.040
2023-08-11T05:00:00Z,0.205,2.595
2023-08-11T06:00:00Z,0.250,2.510
2023-08-11T07:00:00Z,0.335,2.550
2023-08-11T08:00:00Z,0.370,2.715
2023-08-11T09:00:00Z,0.430,2.820
2023-08-11T10:00:00Z,0.505,2.975
2023-08-11T11:00:00Z,0.570,3.115
2023-08-11T12:00:00Z,0.560,3.215
2023-08-11T13:00:00Z,0.515,3.240
2023-08-11T14:00:00Z,0.535,3.020
2023-08-11T15:00:00Z,0.585,3.110
2023-08-11T16:00:00Z,0.650,3.180
2023-08-11T17:00:00Z,0.715,3.355
2023-08-11T18:00:00Z,0.825,3.605
2023-08-11T19:00:00Z,0.860,3.705
2023-08-11T20:00:00Z,0.725,3.545
2023-08-11T21:00:00Z,0.670,3.430
2023-08-11T22:00:00Z,0.650,3.355
2023-08-11T23:00:00Z,0.530,3.225
2023-08-12T00:00:00Z,0.475,3.135
2023-08-12T01:00:00Z,0.460,3.050
2023-08-12T02:00:00Z,0.450,2.960
2023-08-12T03:00:00Z,0.415,2.890
2023-08-12T04:00:00Z,0.450,2.895
2023-08-12T05:00:00Z,0.810,3.220
2023-08-12T06:00:00Z,0.780,3.405
2023-08-12T07:00:00Z,0.720,3.525
2023-08-12T08:00:00Z,0.695,3.455
2023-08-12T09:00:00Z,0.765,3.495
2023-08-12T10:00:00Z,0.755,3.390
2023-08-12T11:00:00Z,0.790,3.485
2023-08-12T12:00:00Z,0.815,3.465
2023-08-12T13:00:00Z,0.930,3.580
2023-08-12T14:00:00Z,1.030,3.775
2023-08-12T15:00:00Z,1.015,3.805
2023-08-12T16:00:00Z,0.955,3.795
2023-08-12T17:00:00Z,0.915,3.825
2023-08-12T18:00:00Z,0.715,3.655
2023-08-12T19:00:00Z,0.620,3.695
2023-08-12T20:00:00Z,0.540,3.605
2023-08-12T21:00:00Z,0.465,3.670
2023-08-12T22:00:00Z,0.420,3.805
2023-08-12T23:00:00Z,0.380,3.905
2023-08-13T00:00:00Z,0.340,3.885
2023-08-13T01:00:00Z,0.305,3.775
2023-08-13T02:00:00Z,0.300,2.985
2023-08-13T03:00:00Z,0.305,2.750
2023-08-13T04:00:00Z,0.305,2.820
2023-08-13T05:00:00Z,0.325,2.845
2023-08-13T06:00:00Z,0.300,3.035
2023-08-13T07:00:00Z,0.300,3.255
2023-08-13T08:00:00Z,0.295,3.245
2023-08-13T09:00:00Z,0.270,3.475
2023-08-13T10:00:00Z,0.320,2.975
2023-08-13T11:00:00Z,0.570,2.990
2023-08-13T12:00:00Z,0.735,3.425
2023-08-13T13:00:00Z,0.785,3.540
2023-08-13T14:00:00Z,0.675,3.550
2023-08-13T15:00:00Z,0.625,3.650
2023-08-13T16:00:00Z,0.585,3.650
2023-08-13T17:00:00Z,0.565,3.590
2023-08-13T18:00:00Z,0.560,3.650
2023-08-13T19:00:00Z,0.585,3.885
2023-08-13T20:00:00Z,0.575,3.925
2023-08-13T21:00:00Z,0.585,3.715
2023-08-13T22:00:00Z,0.585,3.630
2023-08-13T23:00:00Z,0.630,3.670
2023-08-14T00:00:00Z,0.615,3.585
2023-08-14T01:00:00Z,0.645,3.545
2023-08-14T02:00:00Z,0.575,3.380
2023-08-14T03:00:00Z,0.525,3.385
2023-08-14T04:00:00Z,0.505,3.305
2023-08-14T05:00:00Z,0.470,3.420
2023-08-14T06:00:00Z,0.420,3.390
2023-08-14T07:00:00Z,0.405,3.395
2023-08-14T08:00:00Z,0.375,3.250
2023-08-14T09:00:00Z,0.375,3.060
2023-08-14T10:00:00Z,0.365,2.995
2023-08-14T11:00:00Z,0.360,3.045
2023-08-14T12:00:00Z,0.425,2.965
2023-08-14T13:00:00Z,0.505,3.010
2023-08-14T14:00:00Z,0.550,3.175
2023-08-14T15:00:00Z,0.610,3.320
2023-08-14T16:00:00Z,0.665,3.465
2023-08-14T17:00:00Z,0.720,3.445
2023-08-14T18:00:00Z,0.745,3.395
2023-08-14T19:00:00Z,0.870,3.450
2023-08-14T20:00:00Z,0.980,3.550
2023-08-14T21:00:00Z,1.265,3.840
2023-08-14T22:00:00Z,1.395,4.000
2023-08-14T23:00:00Z,1.465,4.160
2023-08-15T00:00:00Z,1.585,4.335
2023-08-15T01:00:00Z,1.610,4.345
2023-08-15T02:00:00Z,1.540,4.350
2023-08-15T03:00:00Z,1.390,4.350
2023-08-15T04:00:00Z,1.130,4.150
2023-08-15T05:00:00Z,1.205,4.255
2023-08-15T06:00:00Z,1.430,4.490
2023-08-15T07:00:00Z,1.590,4.670
2023-08-15T08:00:00Z,1.870,4.945
2023-08-15T09:00:00Z,2.020,5.025
2023-08-15T10:00:00Z,2.300,5.200
2023-08-15T11:00:00Z,2.415,5.325
2023-08-15T12:00:00Z,2.455,5.340
2023-08-15T13:00:00Z,2.195,5.140
2023-08-15T14:00:00Z,1.980,5.005
2023-08-15T15:00:00Z,1.685,4.670
2023-08-15T16:00:00Z,1.540,4.640
2023-08-15T17:00:00Z,1.365,4.595
2023-08-15T18:00:00Z,1.385,4.685
2023-08-15T19:00:00Z,1.440,4.820
2023-08-15T20:00:00Z,1.440,4.735
2023-08-15T21:00:00Z,1.265,4.575
2023-08-15T22:00:00Z,1.240,4.640
2023-08-15T23:00:00Z,1.225,4.675
2023-08-16T00:00:00Z,1.155,4.510
2023-08-16T01:00:00Z,1.050,4.430
2023-08-16T02:00:00Z,1.010,4.320
2023-08-16T03:00:00Z,0.975,4.200
2023-08-16T04:00:00Z,0.900,4.130
2023-08-16T05:00:00Z,0.775,3.975
2023-08-16T06:00:00Z,0.710,3.895
2023-08-16T07:00:00Z,0.595,3.690
2023-08-16T08:00:00Z,0.515,3.400
2023-08-16T09:00:00Z,0.500,3.310
2023-08-16T10:00:00Z,0.505,3.245
2023-08-16T11:00:00Z,0.485,3.240
2023-08-16T12:00:00Z,0.460,3.235
2023-08-16T13:00:00Z,0.460,3.200
2023-08-16T14:00:00Z,0.465,3.190
2023-08-16T15:00:00Z,0.430,3.120
2023-08-16T16:00:00Z,0.525,3.330
2023-08-16T17:00:00Z,0.480,3.185
2023-08-16T18:00:00Z,0.480,2.985
2023-08-16T19:00:00Z,0.430,2.835
2023-08-16T20:00:00Z,0.445,2.780
2023-08-16T21:00:00Z,0.480,2.870
2023-08-16T22:00:00Z,0.540,3.055
2023-08-16T23:00:00Z,0.655,3.280
2023-08-17T00:00:00Z,0.755,3.480
2023-08-17T01:00:00Z,0.865,3.710
2023-08-17T02:00:00Z,0.995,3.870
2023-08-17T03:00:00Z,1.110,3.970
2023-08-17T04:00:00Z,1.165,4.030
2023-08-17T05:00:00Z,1.270,4.145
2023-08-17T06:00:00Z,1.290,4.150
2023-08-17T07:00:00Z,1.525,4.265
2023-08-17T08:00:00Z,1.640,4.405
2023-08-17T09:00:00Z,1.900,4.620
2023-08-17T10:00:00Z,1.955,4.735
2023-08-17T11:00:00Z,1.800,4.690
2023-08-17T12:00:00Z,1.785,4.645
2023-08-17T13:00:00Z,1.645,4.565
2023-08-17T14:00:00Z,1.630,4.615
2023-08-17T15:00:00Z,1.455,4.685
2023-08-17T16:00:00Z,1.335,4.615
2023-08-17T17:00:00Z,1.205,4.645
2023-08-17T18:00:00Z,1.040,4.520
2023-08-17T19:00:00Z,1.015,4.345
2023-08-17T20:00:00Z,0.980,4.040
2023-08-17T21:00:00Z,1.075,4.030
2023-08-17T22:00:00Z,1.150,4.245
2023-08-17T23:00:00Z,1.420,4.570
2023-08-18T00:00:00Z,1.525,4.750
2023-08-18T01:00:00Z,1.450,4.685
2023-08-18T02:00:00Z,1.445,4.790
2023-08-18T03:00:00Z,1.275,4.640
2023-08-18T04:00:00Z,1.130,4.425
2023-08-18T05:00:00Z,1.100,4.080
2023-08-18T06:00:00Z,1.210,4.135
2023-08-18T07:00:00Z,1.255,4.205
2023-08-18T08:00:00Z,1.285,4.170
2023-08-18T09:00:00Z,1.145,4.055
2023-08-18T10:00:00Z,1.045,3.955
2023-08-18T11:00:00Z,1.060,4.000
2023-08-18T12:00:00Z,1.035,4.000
2023-08-18T13:00:00Z,1.045,4.065
2023-08-18T14:00:00Z,0.890,4.095
2023-08-18T15:00:00Z,0.820,4.180
2023-08-18T16:00:00Z,0.775,4.360
2023-08-18T17:00:00Z,0.750,4.365
2023-08-18T18:00:00Z,0.690,4.340
2023-08-18T19:00:00Z,0.595,4.080
2023-08-18T20:00:00Z,0.530,3.905
2023-08-18T21:00:00Z,0.500,3.895
2023-08-18T22:00:00Z,0.495,4.015
2023-08-18T23:00:00Z,0.445,3.985
2023-08-19T00:00:00Z,0.405,4.000
2023-08-19T01:00:00Z,0.355,4.005
2023-08-19T02:00:00Z,0.335,3.475
2023-08-19T03:00:00Z,0.355,3.095
2023-08-19T04:00:00Z,0.390,3.020
2023-08-19T05:00:00Z,0.430,3.055
2023-08-19T06:00:00Z,0.500,3.075
2023-08-19T07:00:00Z,0.535,3.110
2023-08-19T08:00:00Z,0.570,3.145
2023-08-19T09:00:00Z,0.585,3.170
2023-08-19T10:00:00Z,0.675,3.265
2023-08-19T11:00:00Z,0.705,3.285
2023-08-19T12:00:00Z,0.725,3.290
2023-08-19T13:00:00Z,0.770,3.455
2023-08-19T14:00:00Z,0.785,3.345
2023-08-19T15:00:00Z,0.830,3.415
2023-08-19T16:00:00Z,0.895,3.520
2023-08-19T17:00:00Z,0.965,3.730
2023-08-19T18:00:00Z,1.030,3.905
2023-08-19T19:00:00Z,1.000,3.950
2023-08-19T20:00:00Z,1.000,3.940
2023-08-19T21:00:00Z,0.895,3.880
2023-08-19T22:00:00Z,0.935,3.875
2023-08-19T23:00:00Z,0.890,3.780
2023-08-20T00:00:00Z,0.820,3.705
2023-08-20T01:00:00Z,0.810,3.590
2023-08-20T02:00:00Z,0.760,3.485
2023-08-20T03:00:00Z,0.700,3.375
2023-08-20T04:00:00Z,0.690,3.295
2023-08-20T05:00:00Z,0.650,3.290
2023-08-20T06:00:00Z,0.610,3.200
2023-08-20T07:00:00Z,0.545,3.045
2023-08-20T08:00:00Z,0.520,3.145
2023-08-20T09:00:00Z,0.465,3.085
2023-08-20T10:00:00Z,0.405,3.055
2023-08-20T11:00:00Z,0.355,3.055
2023-08-20T12:00:00Z,0.315,3.060
2023-08-20T13:00:00Z,0.300,3.140
2023-08-20T14:00:00Z,0.285,3.200
2023-08-20T15:00:00Z,0.265,3.195
2023-08-20T16:00:00Z,0.245,3.145
2023-08-20T17:00:00Z,0.225,3.050
2023-08-20T18:00:00Z,0.200,3.040
2023-08-20T19:00:00Z,0.180,2.895
2023-08-20T20:00:00Z,0.155,2.885
2023-08-20T21:00:00Z,0.135,2.855
2023-08-20T22:00:00Z,0.190,2.460
2023-08-20T23:00:00Z,0.290,2.570
2023-08-21T00:00:00Z,0.400,2.805
2023-08-21T01:00:00Z,0.530,3.065
2023-08-21T02:00:00Z,0.630,3.290
2023-08-21T03:00:00Z,0.645,3.350
2023-08-21T04:00:00Z,0.590,3.310
2023-08-21T05:00:00Z,0.575,3.250
2023-08-21T06:00:00Z,0.610,3.365
2023-08-21T07:00:00Z,0.565,3.265
2023-08-21T08:00:00Z,0.510,3.295
2023-08-21T09:00:00Z,0.455,3.120
2023-08-21T10:00:00Z,0.460,3.045
2023-08-21T11:00:00Z,0.545,3.135
2023-08-21T12:00:00Z,0.600,3.300
2023-08-21T13:00:00Z,0.575,3.365
2023-08-21T14:00:00Z,0.565,3.355
2023-08-21T15:00:00Z,0.545,3.380
2023-08-21T16:00:00Z,0.525,3.475
2023-08-21T17:00:00Z,0.535,3.530
2023-08-21T18:00:00Z,0.565,3.475
2023-08-21T19:00:00Z,0.600,3.365
2023-08-21T20:00:00Z,0.575,3.315
2023-08-21T21:00:00Z,0.565,3.225
2023-08-21T22:00:00Z,0.550,3.270
2023-08-21T23:00:00Z,0.635,3.310
2023-08-22T00:00:00Z,0.605,3.325
2023-08-22T01:00:00Z,0.610,3.300
2023-08-22T02:00:00Z,0.600,3.300
2023-08-22T03:00:00Z,0.555,3.420
2023-08-22T04:00:00Z,0.530,3.520
2023-08-22T05:00:00Z,0.480,3.540
2023-08-22T06:00:00Z,0.445,3.215
2023-08-22T08:00:00Z,0.610,3.145
2023-08-22T09:00:00Z,0.675,3.310
2023-08-22T10:00:00Z,0.750,3.405
2023-08-22T11:00:00Z,0.735,3.485
2023-08-22T12:00:00Z,0.745,3.505
2023-08-22T13:00:00Z,0.725,3.535
2023-08-22T14:00:00Z,0.730,3.515
2023-08-22T15:00:00Z,0.705,3.555
2023-08-22T16:00:00Z,0.665,3.500
2023-08-22T17:00:00Z,0.600,3.330
2023-08-22T18:00:00Z,0.545,3.390
2023-08-22T19:00:00Z,0.520,3.255
2023-08-22T20:00:00Z,0.465,3.175
2023-08-22T21:00:00Z,0.385,3.025
2023-08-22T22:00:00Z,0.305,2.950
2023-08-22T23:00:00Z,0.240,2.850
2023-08-23T00:00:00Z,0.250,2.630
2023-08-23T01:00:00Z,0.365,2.545
2023-08-23T02:00:00Z,0.445,2.655
2023-08-23T03:00:00Z,0.520,2.840
2023-08-23T04:00:00Z,0.615,2.960
2023-08-23T05:00:00Z,0.600,3.025
2023-08-23T06:00:00Z,0.645,3.125
2023-08-23T07:00:00Z,0.620,3.155
2023-08-23T08:00:00Z,0.605,3.185
2023-08-23T09:00:00Z,0.590,3.230
2023-08-23T10:00:00Z,0.640,3.295
2023-08-23T11:00:00Z,0.670,3.360
2023-08-23T12:00:00Z,0.805,3.625
2023-08-23T13:00:00Z,0.820,3.710
2023-08-23T14:00:00Z,0.800,3.795
2023-08-23T15:00:00Z,0.820,3.645
2023-08-23T16:00:00Z,0.805,3.655
2023-08-23T17:00:00Z,0.740,3.595
2023-08-23T18:00:00Z,0.705,3.660
2023-08-23T19:00:00Z,0.585,3.490
2023-08-23T20:00:00Z,0.540,3.250
2023-08-23T21:00:00Z,0.465,3.105
2023-08-23T22:00:00Z,0.455,2.935
2023-08-23T23:00:00Z,0.440,2.855
2023-08-24T00:00:00Z,0.455,2.775
2023-08-24T01:00:00Z,0.520,2.855
2023-08-24T02:00:00Z,0.485,2.910
2023-08-24T03:00:00Z,0.455,2.870
2023-08-24T04:00:00Z,0.485,2.955
2023-08-24T05:00:00Z,0.515,3.210
2023-08-24T06:00:00Z,0.485,3.340
2023-08-24T07:00:00Z,0.420,3.240
2023-08-24T08:00:00Z,0.390,3.185
2023-08-24T09:00:00Z,0.375,3.220
2023-08-24T10:00:00Z,0.425,3.265
2023-08-24T11:00:00Z,0.460,3.395
2023-08-24T12:00:00Z,0.450,3.510
2023-08-24T13:00:00Z,0.475,3.725
2023-08-24T14:00:00Z,0.455,3.635
2023-08-24T15:00:00Z,0.455,3.690
2023-08-24T16:00:00Z,0.405,3.695
2023-08-24T17:00:00Z,0.395,3.450
2023-08-24T18:00:00Z,0.470,2.980
2023-08-24T19:00:00Z,0.440,3.090
2023-08-24T20:00:00Z,0.505,3.035
2023-08-24T21:00:00Z,0.590,3.215
2023-08-24T22:00:00Z,0.575,3.375
2023-08-24T23:00:00Z,0.515,3.345
2023-08-25T00:00:00Z,0.500,3.120
2023-08-25T01:00:00Z,0.685,3.130
2023-08-25T02:00:00Z,1.260,3.815
2023-08-25T03:00:00Z,1.345,4.085
2023-08-25T04:00:00Z,1.145,4.060
2023-08-25T05:00:00Z,0.955,4.070
2023-08-25T06:00:00Z,0.970,4.120
2023-08-25T07:00:00Z,0.950,4.255
2023-08-25T08:00:00Z,1.015,4.425
2023-08-25T09:00:00Z,0.995,4.340
2023-08-25T10:00:00Z,1.040,4.355
2023-08-25T11:00:00Z,0.965,4.240
2023-08-25T12:00:00Z,0.960,4.215
2023-08-25T13:00:00Z,0.925,4.060
2023-08-25T14:00:00Z,0.830,3.805
2023-08-25T15:00:00Z,0.830,3.745
2023-08-25T16:00:00Z,0.810,3.575
2023-08-25T17:00:00Z,0.775,3.515
2023-08-25T18:00:00Z,0.685,3.485
2023-08-25T19:00:00Z,0.625,3.520
2023-08-25T20:00:00Z,0.540,3.510
2023-08-25T21:00:00Z,0.520,3.615
2023-08-25T22:00:00Z,0.440,3.625
2023-08-25T23:00:00Z,0.385,3.420
2023-08-26T00:00:00Z,0.360,3.350
2023-08-26T01:00:00Z,0.335,3.445
2023-08-26T02:00:00Z,0.305,3.450
2023-08-26T03:00:00Z,0.285,3.435
2023-08-26T04:00:00Z,0.265,3.380
2023-08-26T05:00:00Z,0.245,3.415
2023-08-26T06:00:00Z,0.220,3.380
2023-08-26T07:00:00Z,0.205,3.360
2023-08-26T08:00:00Z,0.195,3.340
2023-08-26T09:00:00Z,0.190,3.285
2023-08-26T10:00:00Z,0.185,3.125
2023-08-26T11:00:00Z,0.350,2.535
2023-08-26T12:00:00Z,0.510,2.805
2023-08-26T13:00:00Z,0.635,3.015
2023-08-26T14:00:00Z,0.705,3.190
2023-08-26T15:00:00Z,0.780,3.360
2023-08-26T16:00:00Z,1.015,3.790
2023-08-26T17:00:00Z,1.150,4.165
2023-08-26T18:00:00Z,1.300,4.485
2023-08-26T19:00:00Z,1.470,4.680
2023-08-26T20:00:00Z,1.410,4.610
2023-08-26T21:00:00Z,1.405,4.670
2023-08-26T22:00:00Z,1.445,4.660
2023-08-26T23:00:00Z,1.615,4.730
2023-08-27T00:00:00Z,1.705,4.745
2023-08-27T01:00:00Z,2.045,5.185
2023-08-27T02:00:00Z,1.990,5.100
2023-08-27T03:00:00Z,2.125,5.315
2023-08-27T04:00:00Z,2.020,5.285
2023-08-27T05:00:00Z,1.720,4.940
2023-08-27T06:00:00Z,1.440,4.610
2023-08-27T07:00:00Z,1.430,4.345
2023-08-27T08:00:00Z,1.375,4.400
2023-08-27T09:00:00Z,1.265,4.235
2023-08-27T10:00:00Z,1.200,4.175
2023-08-27T11:00:00Z,1.135,4.135
2023-08-27T12:00:00Z,1.045,4.120
2023-08-27T13:00:00Z,0.955,4.275
2023-08-27T14:00:00Z,0.935,4.325
2023-08-27T15:00:00Z,0.825,4.300
2023-08-27T16:00:00Z,0.850,4.440
2023-08-27T17:00:00Z,0.765,4.280
2023-08-27T18:00:00Z,0.725,4.085
2023-08-27T19:00:00Z,0.680,4.055
2023-08-27T20:00:00Z,0.625,3.995
2023-08-27T21:00:00Z,0.575,3.805
2023-08-27T22:00:00Z,0.540,3.520
2023-08-27T23:00:00Z,0.535,3.205
2023-08-28T00:00:00Z,0.585,3.120
2023-08-28T01:00:00Z,0.595,3.215
2023-08-28T02:00:00Z,0.575,3.170
2023-08-28T03:00:00Z,0.560,3.215
2023-08-28T04:00:00Z,0.535,3.345
2023-08-28T05:00:00Z,0.525,3.435
2023-08-28T06:00:00Z,0.455,3.445
2023-08-28T07:00:00Z,0.425,3.465
2023-08-28T08:00:00Z,0.415,3.425
2023-08-28T09:00:00Z,0.340,3.315
2023-08-28T10:00:00Z,0.300,3.255
2023-08-28T11:00:00Z,0.270,3.180
2023-08-28T12:00:00Z,0.250,3.195
2023-08-28T13:00:00Z,0.235,3.115
2023-08-28T14:00:00Z,0.225,3.035
2023-08-28T15:00:00Z,0.220,3.015
2023-08-28T16:00:00Z,0.205,2.975
2023-08-28T17:00:00Z,0.200,2.930
2023-08-28T18:00:00Z,0.190,3.015
2023-08-28T19:00:00Z,0.155,2.920
2023-08-28T20:00:00Z,0.140,2.965
2023-08-28T21:00:00Z,0.135,3.055
2023-08-28T22:00:00Z,0.135,3.060
2023-08-28T23:00:00Z,0.105,3.045
2023-08-29T00:00:00Z,0.095,2.935
2023-08-29T01:00:00Z,0.125,2.955
2023-08-29T02:00:00Z,0.130,2.575
2023-08-29T03:00:00Z,0.170,2.285
2023-08-29T04:00:00Z,0.250,2.340
2023-08-29T05:00:00Z,0.350,2.580
2023-08-29T06:00:00Z,0.410,2.880
2023-08-29T07:00:00Z,0.465,3.000
2023-08-29T08:00:00Z,0.565,3.260
2023-08-29T09:00:00Z,0.705,3.520
2023-08-29T10:00:00Z,0.895,3.830
2023-08-29T11:00:00Z,0.910,3.885
2023-08-29T12:00:00Z,0.900,3.945
2023-08-29T13:00:00Z,0.865,3.865
2023-08-29T14:00:00Z,0.900,3.795
2023-08-29T15:00:00Z,1.040,3.905
2023-08-29T16:00:00Z,0.970,3.800
2023-08-29T17:00:00Z,0.845,3.665
2023-08-29T18:00:00Z,0.755,3.585
2023-08-29T19:00:00Z,0.630,3.465
2023-08-29T20:00:00Z,0.630,3.080
2023-08-29T21:00:00Z,0.670,3.225
2023-08-29T22:00:00Z,0.935,3.465
2023-08-29T23:00:00Z,1.265,3.990
2023-08-30T00:00:00Z,1.475,4.280
2023-08-30T01:00:00Z,1.390,4.220
2023-08-30T02:00:00Z,1.385,4.205
2023-08-30T03:00:00Z,1.600,4.420
2023-08-30T05:00:00Z,1.935,5.040
2023-08-30T06:00:00Z,1.850,5.160
2023-08-30T07:00:00Z,1.960,5.470
2023-08-30T08:00:00Z,1.965,5.710
2023-08-30T09:00:00Z,2.080,5.800
2023-08-30T10:00:00Z,2.065,5.635
2023-08-30T11:00:00Z,2.120,5.450
2023-08-30T12:00:00Z,2.090,5.475
2023-08-30T13:00:00Z,2.035,5.400
2023-08-30T14:00:00Z,1.920,5.350
2023-08-30T15:00:00Z,1.970,5.170
2023-08-30T16:00:00Z,1.870,5.050
2023-08-30T17:00:00Z,1.730,4.915
2023-08-30T18:00:00Z,1.640,4.690
2023-08-30T19:00:00Z,1.535,4.665
2023-08-30T20:00:00Z,1.340,4.425
2023-08-30T21:00:00Z,1.415,4.455
2023-08-30T22:00:00Z,1.490,4.555
2023-08-30T23:00:00Z,1.545,4.695
2023-08-31T00:00:00Z,1.590,4.770
2023-08-31T01:00:00Z,1.410,4.625
2023-08-31T02:00:00Z,1.395,4.660
2023-08-31T03:00:00Z,1.340,4.705
2023-08-31T04:00:00Z,1.340,4.680
2023-08-31T05:00:00Z,1.260,4.615
2023-08-31T06:00:00Z,1.180,4.520
2023-08-31T07:00:00Z,1.055,4.290
2023-08-31T08:00:00Z,0.950,4.105
2023-08-31T09:00:00Z,0.860,3.920
2023-08-31T10:00:00Z,0.750,3.705
2023-08-31T11:00:00Z,0.680,3.580
2023-08-31T12:00:00Z,0.615,3.470
2023-08-31T13:00:00Z,0.540,3.410
2023-08-31T14:00:00Z,0.495,3.335
2023-08-31T15:00:00Z,0.475,3.305
2023-08-31T16:00:00Z,0.430,3.225
2023-08-31T17:00:00Z,0.380,3.160
2023-08-31T18:00:00Z,0.325,3.110
2023-08-31T19:00:00Z,0.305,3.045
2023-08-31T20:00:00Z,0.255,3.045
2023-08-31T21:00:00Z,0.240,3.045
2023-08-31T22:00:00Z,0.200,3.035
2023-08-31T23:00:00Z,0.175,3.070
2023-09-01T00:00:00Z,0.145,3.115
2023-09-01T01:00:00Z,0.125,3.280
2023-09-01T02:00:00Z,0.120,3.250
2023-09-01T03:00:00Z,0.140,2.610
2023-09-01T04:00:00Z,0.225,2.455
2023-09-01T05:00:00Z,0.270,2.540
2023-09-01T06:00:00Z,0.275,2.545
2023-09-01T07:00:00Z,0.400,2.660
2023-09-01T08:00:00Z,0.545,2.940
2023-09-01T09:00:00Z,0.775,3.300
2023-09-01T10:00:00Z,0.860,3.505
2023-09-01T11:00:00Z,0.945,3.635
2023-09-01T12:00:00Z,1.000,3.785
2023-09-01T13:00:00Z,0.930,3.730
2023-09-01T14:00:00Z,0.860,3.620
2023-09-01T15:00:00Z,0.765,3.455
2023-09-01T16:00:00Z,0.675,3.440
2023-09-01T17:00:00Z,0.545,3.350
2023-09-01T18:00:00Z,0.480,3.465
2023-09-01T19:00:00Z,0.470,3.420
2023-09-01T20:00:00Z,0.430,3.265
2023-09-01T21:00:00Z,0.440,3.260
2023-09-01T22:00:00Z,0.415,3.170
2023-09-01T23:00:00Z,0.380,3.055
2023-09-02T00:00:00Z,0.335,2.955
2023-09-02T01:00:00Z,0.325,2.930
2023-09-02T02:00:00Z,0.310,2.765
2023-09-02T03:00:00Z,0.330,2.660
2023-09-02T04:00:00Z,0.420,2.690
2023-09-02T05:00:00Z,0.525,2.880
2023-09-02T06:00:00Z,0.610,3.005
2023-09-02T07:00:00Z,0.590,3.040
2023-09-02T08:00:00Z,0.525,3.015
2023-09-02T09:00:00Z,0.440,3.025
2023-09-02T10:00:00Z,0.395,3.080
2023-09-02T11:00:00Z,0.380,3.050
2023-09-02T12:00:00Z,0.400,3.040
2023-09-02T13:00:00Z,0.425,2.955
2023-09-02T14:00:00Z,0.440,3.170
2023-09-02T15:00:00Z,0.470,3.200
2023-09-02T16:00:00Z,0.460,3.150
2023-09-02T17:00:00Z,0.490,3.095
2023-09-02T18:00:00Z,0.600,3.225
2023-09-02T19:00:00Z,0.640,3.220
2023-09-02T20:00:00Z,0.660,3.225
2023-09-02T21:00:00Z,0.705,3.235
2023-09-02T22:00:00Z,0.770,3.240
2023-09-02T23:00:00Z,0.635,3.085
2023-09-03T00:00:00Z,0.525,2.975
2023-09-03T01:00:00Z,0.430,3.010
2023-09-03T02:00:00Z,0.355,2.910
2023-09-03T03:00:00Z,0.345,2.870
2023-09-03T04:00:00Z,0.415,2.890
2023-09-03T05:00:00Z,0.470,3.010
2023-09-03T06:00:00Z,0.470,3.135
2023-09-03T07:00:00Z,0.510,3.290
2023-09-03T08:00:00Z,0.455,3.350
2023-09-03T09:00:00Z,0.440,3.330
2023-09-03T10:00:00Z,0.420,3.165
2023-09-03T11:00:00Z,0.440,3.090
2023-09-03T12:00:00Z,0.510,3.145
2023-09-03T13:00:00Z,0.555,3.100
2023-09-03T14:00:00Z,0.645,3.160
2023-09-03T15:00:00Z,0.715,3.235
2023-09-03T16:00:00Z,0.770,3.315
2023-09-03T17:00:00Z,0.875,3.425
2023-09-03T18:00:00Z,0.845,3.425
2023-09-03T19:00:00Z,0.800,3.430
2023-09-03T20:00:00Z,0.705,3.410
2023-09-03T21:00:00Z,0.630,3.360
2023-09-03T22:00:00Z,0.605,3.385
2023-09-03T23:00:00Z,0.565,3.320
2023-09-04T00:00:00Z,0.510,3.270
2023-09-04T01:00:00Z,0.395,3.250
2023-09-04T02:00:00Z,0.415,3.190
2023-09-04T03:00:00Z,0.400,3.135
2023-09-04T04:00:00Z,0.355,3.060
2023-09-04T05:00:00Z,0.345,3.060
2023-09-04T06:00:00Z,0.340,3.060
2023-09-04T07:00:00Z,0.315,2.885
2023-09-04T08:00:00Z,0.305,2.700
2023-09-04T09:00:00Z,0.340,2.620
2023-09-04T10:00:00Z,0.325,2.655
2023-09-04T11:00:00Z,0.335,2.660
2023-09-04T12:00:00Z,0.320,2.650
2023-09-04T13:00:00Z,0.335,2.690
2023-09-04T14:00:00Z,0.370,2.740
2023-09-04T15:00:00Z,0.380,2.965
2023-09-04T16:00:00Z,0.390,2.965
2023-09-04T17:00:00Z,0.380,3.005
2023-09-04T18:00:00Z,0.350,2.990
2023-09-04T19:00:00Z,0.335,2.915
2023-09-04T20:00:00Z,0.310,3.020
2023-09-04T21:00:00Z,0.285,2.925
2023-09-04T22:00:00Z,0.230,2.780
2023-09-04T23:00:00Z,0.215,2.665
2023-09-05T00:00:00Z,0.190,2.600
2023-09-05T01:00:00Z,0.195,2.550
2023-09-05T02:00:00Z,0.240,2.450
2023-09-05T03:00:00Z,0.295,2.430
2023-09-05T04:00:00Z,0.395,2.620
2023-09-05T05:00:00Z,0.425,2.735
2023-09-05T06:00:00Z,0.480,2.880
2023-09-05T07:00:00Z,0.475,2.950
2023-09-05T08:00:00Z,0.505,3.015
2023-09-05T09:00:00Z,0.475,3.030
2023-09-05T10:00:00Z,0.430,3.030
2023-09-05T11:00:00Z,0.430,3.055
2023-09-05T12:00:00Z,0.440,3.140
2023-09-05T13:00:00Z,0.475,3.205
2023-09-05T14:00:00Z,0.480,3.075
2023-09-05T15:00:00Z,0.530,3.110
2023-09-05T16:00:00Z,0.605,3.170
2023-09-05T17:00:00Z,0.660,3.230
2023-09-05T18:00:00Z,0.625,3.220
2023-09-05T19:00:00Z,0.535,3.100
2023-09-05T20:00:00Z,0.485,2.945
2023-09-05T21:00:00Z,0.455,2.890
2023-09-05T22:00:00Z,0.595,2.920
2023-09-05T23:00:00Z,0.635,3.145
2023-09-06T00:00:00Z,0.520,3.245
2023-09-06T01:00:00Z,0.475,3.320
2023-09-06T02:00:00Z,0.520,3.340
2023-09-06T03:00:00Z,0.495,3.285
2023-09-06T04:00:00Z,0.525,3.195
2023-09-06T05:00:00Z,0.670,3.340
2023-09-06T06:00:00Z,0.735,3.470
2023-09-06T07:00:00Z,0.880,3.675
2023-09-06T08:00:00Z,0.815,3.640
2023-09-06T09:00:00Z,0.745,3.690
2023-09-06T10:00:00Z,0.710,3.550
2023-09-06T11:00:00Z,0.795,3.495
2023-09-06T12:00:00Z,0.910,3.595
2023-09-06T13:00:00Z,0.935,3.750
2023-09-06T14:00:00Z,0.860,3.770
2023-09-06T15:00:00Z,1.050,4.135
2023-09-06T16:00:00Z,0.880,3.915
2023-09-06T17:00:00Z,0.760,3.645
2023-09-06T18:00:00Z,0.725,3.605
2023-09-06T19:00:00Z,0.660,3.500
2023-09-06T20:00:00Z,0.705,3.420
2023-09-06T21:00:00Z,0.720,3.490
2023-09-06T22:00:00Z,0.655,3.520
2023-09-06T23:00:00Z,0.550,3.370
2023-09-07T00:00:00Z,0.620,3.225
2023-09-07T01:00:00Z,0.860,3.615
2023-09-07T02:00:00Z,1.065,3.960
2023-09-07T03:00:00Z,0.930,3.860
2023-09-07T04:00:00Z,0.895,3.675
2023-09-07T05:00:00Z,0.945,3.585
2023-09-07T06:00:00Z,1.090,3.760
2023-09-07T07:00:00Z,1.335,4.180
2023-09-07T08:00:00Z,1.495,4.500
2023-09-07T09:00:00Z,1.815,4.895
2023-09-07T10:00:00Z,2.140,5.360
2023-09-07T11:00:00Z,2.140,5.250
2023-09-07T12:00:00Z,2.265,5.450
2023-09-07T13:00:00Z,1.965,5.150
2023-09-07T14:00:00Z,1.910,5.130
2023-09-07T15:00:00Z,1.865,5.050
2023-09-07T16:00:00Z,1.835,4.955
2023-09-07T17:00:00Z,1.750,4.875
2023-09-07T18:00:00Z,1.735,4.950
2023-09-07T19:00:00Z,1.685,4.885
2023-09-07T20:00:00Z,1.680,4.790
2023-09-07T21:00:00Z,1.655,4.875
2023-09-07T22:00:00Z,1.640,4.875
2023-09-07T23:00:00Z,1.580,4.760
2023-09-08T00:00:00Z,1.480,4.655
2023-09-08T01:00:00Z,1.575,4.790
2023-09-08T02:00:00Z,1.565,4.780
2023-09-08T03:00:00Z,1.495,4.740
2023-09-08T04:00:00Z,1.475,4.630
2023-09-08T05:00:00Z,1.395,4.555
2023-09-08T06:00:00Z,1.260,4.440
2023-09-08T07:00:00Z,1.155,4.280
2023-09-08T08:00:00Z,1.105,4.280
2023-09-08T09:00:00Z,1.010,4.140
2023-09-08T10:00:00Z,0.905,4.015
2023-09-08T11:00:00Z,0.890,3.940
2023-09-08T12:00:00Z,0.830,3.885
2023-09-08T13:00:00Z,0.870,3.880
2023-09-08T14:00:00Z,0.955,3.960
2023-09-08T15:00:00Z,1.040,4.185
2023-09-08T16:00:00Z,1.065,4.195
2023-09-08T17:00:00Z,1.100,4.210
2023-09-08T18:00:00Z,0.935,4.095
2023-09-08T19:00:00Z,1.000,4.090
2023-09-08T20:00:00Z,1.050,4.050
2023-09-08T21:00:00Z,1.115,4.015
2023-09-08T22:00:00Z,1.070,4.090
2023-09-08T23:00:00Z,0.965,3.870
2023-09-09T00:00:00Z,0.965,3.825
2023-09-09T01:00:00Z,0.875,3.775
2023-09-09T02:00:00Z,0.860,3.735
2023-09-09T03:00:00Z,0.845,3.815
2023-09-09T04:00:00Z,0.780,3.760
2023-09-09T05:00:00Z,0.760,3.775
2023-09-09T06:00:00Z,0.770,3.740
2023-09-09T07:00:00Z,0.770,3.780
2023-09-09T08:00:00Z,0.730,3.750
2023-09-09T09:00:00Z,0.765,3.745
2023-09-09T10:00:00Z,0.670,3.725
2023-09-09T11:00:00Z,0.625,3.590
2023-09-09T12:00:00Z,0.590,3.565
2023-09-09T13:00:00Z,0.585,3.440
2023-09-09T14:00:00Z,0.560,3.325
2023-09-09T15:00:00Z,0.555,3.340
2023-09-09T16:00:00Z,0.560,3.195
2023-09-09T17:00:00Z,0.525,3.135
2023-09-09T18:00:00Z,0.500,3.075
2023-09-09T19:00:00Z,0.450,2.945
2023-09-09T20:00:00Z,0.435,2.865
2023-09-09T21:00:00Z,0.445,2.985
2023-09-09T22:00:00Z,0.490,3.045
2023-09-09T23:00:00Z,0.490,3.155
2023-09-10T00:00:00Z,0.500,3.285
2023-09-10T01:00:00Z,0.535,3.285
2023-09-10T02:00:00Z,0.505,3.355
2023-09-10T03:00:00Z,0.445,3.335
2023-09-10T04:00:00Z,0.390,3.255
2023-09-10T05:00:00Z,0.365,3.285
2023-09-10T06:00:00Z,0.315,3.150
2023-09-10T07:00:00Z,0.285,3.130
2023-09-10T08:00:00Z,0.280,3.070
2023-09-10T09:00:00Z,0.225,3.020
2023-09-10T10:00:00Z,0.195,2.970
2023-09-10T11:00:00Z,0.170,2.920
2023-09-10T12:00:00Z,0.155,2.950
2023-09-10T13:00:00Z,0.135,2.990
2023-09-10T14:00:00Z,0.125,3.060
2023-09-10T15:00:00Z,0.130,2.845
2023-09-10T16:00:00Z,0.125,2.770
2023-09-10T17:00:00Z,0.110,2.805
2023-09-10T18:00:00Z,0.120,2.745
2023-09-10T19:00:00Z,0.120,2.830
2023-09-10T20:00:00Z,0.110,2.700
2023-09-10T21:00:00Z,0.100,2.990
2023-09-10T22:00:00Z,0.085,3.045
2023-09-10T23:00:00Z,0.080,3.025
2023-09-11T00:00:00Z,0.085,3.105
2023-09-11T01:00:00Z,0.095,3.240
2023-09-11T02:00:00Z,0.125,2.575
2023-09-11T03:00:00Z,0.145,2.420
2023-09-11T04:00:00Z,0.175,2.345
2023-09-11T05:00:00Z,0.240,2.355
2023-09-11T06:00:00Z,0.305,2.500
2023-09-11T07:00:00Z,0.325,2.590
2023-09-11T08:00:00Z,0.285,2.585
2023-09-11T09:00:00Z,0.260,2.575
2023-09-11T10:00:00Z,0.255,2.600
2023-09-11T11:00:00Z,0.255,2.675
2023-09-11T12:00:00Z,0.230,2.725
2023-09-11T13:00:00Z,0.255,2.870
2023-09-11T14:00:00Z,0.355,3.135
2023-09-11T15:00:00Z,0.580,3.285
2023-09-11T16:00:00Z,0.730,3.385
2023-09-11T17:00:00Z,0.820,3.490
2023-09-11T18:00:00Z,0.770,3.530
2023-09-11T19:00:00Z,0.720,3.435
2023-09-11T20:00:00Z,0.695,3.480
2023-09-11T21:00:00Z,0.645,3.475
2023-09-11T22:00:00Z,0.650,3.480
2023-09-11T23:00:00Z,0.635,3.435
2023-09-12T00:00:00Z,0.625,3.520
2023-09-12T01:00:00Z,0.650,3.705
2023-09-12T02:00:00Z,0.945,4.135
2023-09-12T03:00:00Z,1.010,4.025
2023-09-12T04:00:00Z,1.065,4.105
2023-09-12T05:00:00Z,1.035,4.120
2023-09-12T06:00:00Z,1.080,4.150
2023-09-12T07:00:00Z,1.065,4.120
2023-09-12T08:00:00Z,1.060,4.060
2023-09-12T09:00:00Z,1.020,3.900
2023-09-12T10:00:00Z,1.140,4.045
2023-09-12T11:00:00Z,1.275,4.180
2023-09-12T12:00:00Z,1.375,4.355
2023-09-12T13:00:00Z,1.380,4.310
2023-09-12T14:00:00Z,1.565,4.635
2023-09-12T15:00:00Z,1.480,4.550
2023-09-12T16:00:00Z,1.410,4.635
2023-09-12T17:00:00Z,1.375,4.610
2023-09-12T18:00:00Z,1.380,4.585
2023-09-12T19:00:00Z,1.445,4.555
2023-09-12T20:00:00Z,1.515,4.700
2023-09-12T21:00:00Z,1.445,4.730
2023-09-12T22:00:00Z,1.375,4.675
2023-09-12T23:00:00Z,1.330,4.580
2023-09-13T00:00:00Z,1.140,4.440
2023-09-13T01:00:00Z,1.010,4.320
2023-09-13T02:00:00Z,0.960,4.190
2023-09-13T03:00:00Z,0.885,4.000
2023-09-13T04:00:00Z,0.825,3.995
2023-09-13T05:00:00Z,0.815,4.110
2023-09-13T06:00:00Z,0.735,4.010
2023-09-13T07:00:00Z,0.710,4.160
2023-09-13T08:00:00Z,0.660,4.030
2023-09-13T09:00:00Z,0.600,4.000
2023-09-13T10:00:00Z,0.590,3.960
2023-09-13T11:00:00Z,0.560,3.935
2023-09-13T12:00:00Z,0.590,4.050
2023-09-13T13:00:00Z,0.535,3.910
2023-09-13T14:00:00Z,0.620,3.490
2023-09-13T15:00:00Z,0.620,3.425
2023-09-13T16:00:00Z,0.505,3.450
2023-09-13T17:00:00Z,0.435,3.440
2023-09-13T18:00:00Z,0.435,3.280
2023-09-13T19:00:00Z,0.410,3.430
2023-09-13T20:00:00Z,0.385,3.445
2023-09-13T21:00:00Z,0.405,3.310
2023-09-13T22:00:00Z,0.435,3.325
2023-09-13T23:00:00Z,0.445,3.445
2023-09-14T00:00:00Z,0.475,3.195
2023-09-14T01:00:00Z,0.450,3.305
2023-09-14T02:00:00Z,0.445,3.265
2023-09-14T03:00:00Z,0.460,3.335
2023-09-14T04:00:00Z,0.435,3.185
2023-09-14T05:00:00Z,0.395,3.205
2023-09-14T06:00:00Z,0.355,3.160
2023-09-14T07:00:00Z,0.330,3.265
2023-09-14T08:00:00Z,0.305,3.435
2023-09-14T09:00:00Z,0.300,3.560
2023-09-14T10:00:00Z,0.295,3.565
2023-09-14T11:00:00Z,0.280,3.615
2023-09-14T12:00:00Z,0.265,3.555
2023-09-14T13:00:00Z,0.275,3.670
2023-09-14T14:00:00Z,0.255,3.625
2023-09-14T15:00:00Z,0.255,3.515
2023-09-14T16:00:00Z,0.230,3.165
2023-09-14T17:00:00Z,0.220,3.040
2023-09-14T18:00:00Z,0.200,3.005
2023-09-14T19:00:00Z,0.190,2.925
2023-09-14T20:00:00Z,0.180,2.810
2023-09-14T21:00:00Z,0.190,2.795
2023-09-14T22:00:00Z,0.155,2.755
2023-09-14T23:00:00Z,0.145,2.680
2023-09-15T00:00:00Z,0.140,2.785
2023-09-15T01:00:00Z,0.145,2.945
2023-09-15T02:00:00Z,0.125,2.930
2023-09-15T03:00:00Z,0.105,2.955
2023-09-15T04:00:00Z,0.085,3.050
2023-09-15T05:00:00Z,0.065,3.170
2023-09-15T06:00:00Z,0.060,3.180
2023-09-15T07:00:00Z,0.055,3.000
2023-09-15T08:00:00Z,0.085,2.425
2023-09-15T09:00:00Z,0.165,2.270
2023-09-15T10:00:00Z,0.245,2.480
2023-09-15T11:00:00Z,0.265,2.660
2023-09-15T12:00:00Z,0.285,2.810
2023-09-15T13:00:00Z,0.375,3.135
2023-09-15T14:00:00Z,0.485,3.510
2023-09-15T15:00:00Z,0.465,3.465
2023-09-15T16:00:00Z,0.430,3.285
2023-09-15T17:00:00Z,0.445,3.145
2023-09-15T18:00:00Z,0.400,3.010
2023-09-15T19:00:00Z,0.380,2.970
2023-09-15T20:00:00Z,0.360,2.920
2023-09-15T21:00:00Z,0.340,2.940
2023-09-15T22:00:00Z,0.315,2.795
2023-09-15T23:00:00Z,0.310,2.670
2023-09-16T00:00:00Z,0.295,2.650
2023-09-16T01:00:00Z,0.330,2.640
2023-09-16T02:00:00Z,0.385,2.760
2023-09-16T03:00:00Z,0.415,2.890
2023-09-16T04:00:00Z,0.430,2.970
2023-09-16T05:00:00Z,0.490,3.035
2023-09-16T06:00:00Z,0.515,3.140
2023-09-16T07:00:00Z,0.605,3.210
2023-09-16T08:00:00Z,0.645,3.290
2023-09-16T09:00:00Z,0.685,3.345
2023-09-16T10:00:00Z,0.795,3.485
2023-09-16T11:00:00Z,0.810,3.535
2023-09-16T12:00:00Z,0.835,3.570
2023-09-16T13:00:00Z,0.815,3.625
2023-09-16T14:00:00Z,0.765,3.565
2023-09-16T15:00:00Z,0.670,3.440
2023-09-16T16:00:00Z,0.575,3.425
2023-09-16T17:00:00Z,0.500,3.350
2023-09-16T18:00:00Z,0.455,3.280
2023-09-16T19:00:00Z,0.415,3.195
2023-09-16T20:00:00Z,0.360,3.085
2023-09-16T21:00:00Z,0.340,3.010
2023-09-16T22:00:00Z,0.325,2.860
2023-09-16T23:00:00Z,0.325,2.800
2023-09-17T00:00:00Z,0.290,2.785
2023-09-17T01:00:00Z,0.285,2.740
2023-09-17T02:00:00Z,0.255,2.715
2023-09-17T03:00:00Z,0.200,2.610
2023-09-17T04:00:00Z,0.175,2.575
2023-09-17T05:00:00Z,0.140,2.505
2023-09-17T06:00:00Z,0.205,2.430
2023-09-17T07:00:00Z,0.175,2.580
2023-09-17T08:00:00Z,0.115,2.555
2023-09-17T09:00:00Z,0.080,2.490
2023-09-17T10:00:00Z,0.205,2.840
2023-09-17T11:00:00Z,0.350,2.565
2023-09-17T12:00:00Z,0.510,2.815
2023-09-17T13:00:00Z,0.690,3.130
2023-09-17T14:00:00Z,0.620,3.145
2023-09-17T15:00:00Z,0.695,3.325
2023-09-17T16:00:00Z,0.770,3.445
2023-09-17T17:00:00Z,0.955,3.710
2023-09-17T18:00:00Z,1.210,4.150
2023-09-17T19:00:00Z,1.260,4.270
2023-09-17T20:00:00Z,1.360,4.355
2023-09-17T21:00:00Z,1.405,4.430
2023-09-17T22:00:00Z,1.575,4.530
2023-09-17T23:00:00Z,1.540,4.555
2023-09-18T00:00:00Z,1.405,4.375
2023-09-18T01:00:00Z,1.365,4.470
2023-09-18T02:00:00Z,1.440,4.500
2023-09-18T03:00:00Z,1.370,4.375
2023-09-18T04:00:00Z,1.265,4.305
2023-09-18T05:00:00Z,1.225,4.310
2023-09-18T06:00:00Z,1.010,4.185
2023-09-18T07:00:00Z,0.905,4.020
2023-09-18T08:00:00Z,0.805,3.950
2023-09-18T09:00:00Z,0.735,3.825
2023-09-18T10:00:00Z,0.680,3.705
2023-09-18T11:00:00Z,0.620,3.730
2023-09-18T12:00:00Z,0.610,3.700
2023-09-18T13:00:00Z,0.690,3.500
2023-09-18T14:00:00Z,0.810,3.625
2023-09-18T15:00:00Z,0.895,3.805
2023-09-18T16:00:00Z,0.875,3.880
2023-09-18T17:00:00Z,0.935,3.980
2023-09-18T18:00:00Z,0.840,3.865
2023-09-18T19:00:00Z,0.785,3.940
2023-09-18T20:00:00Z,0.730,3.965
2023-09-18T21:00:00Z,0.640,3.845
2023-09-18T22:00:00Z,0.585,3.845
2023-09-18T23:00:00Z,0.525,3.820
2023-09-19T00:00:00Z,0.440,3.750
2023-09-19T01:00:00Z,0.400,3.685
2023-09-19T02:00:00Z,0.370,3.660
2023-09-19T03:00:00Z,0.340,3.640
2023-09-19T04:00:00Z,0.335,3.695
2023-09-19T05:00:00Z,0.330,3.615
2023-09-19T06:00:00Z,0.315,3.595
2023-09-19T07:00:00Z,0.290,3.540
2023-09-19T08:00:00Z,0.290,3.515
2023-09-19T09:00:00Z,0.285,3.505
2023-09-19T10:00:00Z,0.270,3.395
2023-09-19T11:00:00Z,0.315,2.900
2023-09-19T12:00:00Z,0.400,2.875
2023-09-19T13:00:00Z,0.505,3.025
2023-09-19T14:00:00Z,0.655,3.335
2023-09-19T15:00:00Z,0.730,3.505
2023-09-19T16:00:00Z,0.780,3.530
2023-09-19T17:00:00Z,0.785,3.500
2023-09-19T18:00:00Z,0.815,3.620
2023-09-19T19:00:00Z,0.810,3.590
2023-09-19T20:00:00Z,0.765,3.525
2023-09-19T21:00:00Z,0.630,3.430
2023-09-19T22:00:00Z,0.610,3.340
2023-09-19T23:00:00Z,0.590,3.335
2023-09-20T00:00:00Z,0.620,3.300
2023-09-20T01:00:00Z,0.700,3.330
2023-09-20T02:00:00Z,0.780,3.425
2023-09-20T03:00:00Z,0.940,3.605
2023-09-20T04:00:00Z,1.115,3.855
2023-09-20T05:00:00Z,1.120,3.925
2023-09-20T06:00:00Z,1.200,3.960
2023-09-20T07:00:00Z,1.080,3.930
2023-09-20T08:00:00Z,1.020,3.855
2023-09-20T09:00:00Z,1.010,3.845
2023-09-20T10:00:00Z,1.005,3.765
2023-09-20T11:00:00Z,1.040,3.760
2023-09-20T12:00:00Z,1.030,3.820
2023-09-20T13:00:00Z,0.960,3.800
2023-09-20T14:00:00Z,0.835,3.685
2023-09-20T15:00:00Z,0.835,3.640
2023-09-20T16:00:00Z,0.865,3.680
2023-09-20T17:00:00Z,0.980,3.875
2023-09-20T18:00:00Z,1.010,3.855
2023-09-20T19:00:00Z,0.855,3.680
2023-09-20T20:00:00Z,0.725,3.615
2023-09-20T21:00:00Z,0.670,3.605
2023-09-20T22:00:00Z,0.545,3.425
2023-09-20T23:00:00Z,0.415,3.185
2023-09-21T00:00:00Z,0.320,3.105
2023-09-21T01:00:00Z,0.265,2.980
2023-09-21T02:00:00Z,0.220,2.830
2023-09-21T03:00:00Z,0.175,2.765
2023-09-21T04:00:00Z,0.140,2.735
2023-09-21T05:00:00Z,0.115,2.695
2023-09-21T06:00:00Z,0.090,2.585
2023-09-21T07:00:00Z,0.085,2.530
2023-09-21T08:00:00Z,0.080,2.715
2023-09-21T09:00:00Z,0.080,2.535
2023-09-21T10:00:00Z,0.070,2.610
2023-09-21T11:00:00Z,0.070,2.710
2023-09-21T12:00:00Z,0.065,2.645
2023-09-21T13:00:00Z,0.055,2.620
2023-09-21T14:00:00Z,0.065,2.695
2023-09-21T15:00:00Z,0.105,2.515
2023-09-21T16:00:00Z,0.160,2.455
2023-09-21T17:00:00Z,0.235,2.710
2023-09-21T18:00:00Z,0.225,2.715
2023-09-21T19:00:00Z,0.225,2.680
2023-09-21T20:00:00Z,0.195,2.635
2023-09-21T21:00:00Z,0.180,2.620
2023-09-21T22:00:00Z,0.145,2.560
2023-09-21T23:00:00Z,0.110,2.590
2023-09-22T00:00:00Z,0.100,2.615
2023-09-22T01:00:00Z,0.090,2.745
2023-09-22T02:00:00Z,0.125,2.430
2023-09-22T03:00:00Z,0.245,2.375
2023-09-22T04:00:00Z,0.235,2.440
2023-09-22T05:00:00Z,0.255,2.410
2023-09-22T06:00:00Z,0.265,2.495
2023-09-22T07:00:00Z,0.270,2.490
2023-09-22T08:00:00Z,0.260,2.500
2023-09-22T09:00:00Z,0.320,2.570
2023-09-22T10:00:00Z,0.325,2.650
2023-09-22T11:00:00Z,0.365,2.685
2023-09-22T12:00:00Z,0.500,2.920
2023-09-22T13:00:00Z,0.495,2.995
2023-09-22T14:00:00Z,0.510,3.155
2023-09-22T15:00:00Z,0.535,3.275
2023-09-22T16:00:00Z,0.535,3.365
2023-09-22T17:00:00Z,0.495,3.345
2023-09-22T18:00:00Z,0.445,3.335
2023-09-22T19:00:00Z,0.385,3.285
2023-09-22T20:00:00Z,0.345,3.275
2023-09-22T21:00:00Z,0.280,3.140
2023-09-22T22:00:00Z,0.225,2.935
2023-09-22T23:00:00Z,0.195,2.870
2023-09-23T00:00:00Z,0.165,2.850
2023-09-23T01:00:00Z,0.140,2.840
2023-09-23T02:00:00Z,0.130,2.740
2023-09-23T03:00:00Z,0.155,2.440
2023-09-23T04:00:00Z,0.270,2.330
2023-09-23T05:00:00Z,0.410,2.575
2023-09-23T06:00:00Z,0.555,2.935
2023-09-23T07:00:00Z,0.705,3.260
2023-09-23T08:00:00Z,0.820,3.500
2023-09-23T09:00:00Z,0.790,3.630
2023-09-23T10:00:00Z,0.760,3.640
2023-09-23T11:00:00Z,0.745,3.715
2023-09-23T12:00:00Z,0.650,3.630
2023-09-23T13:00:00Z,0.625,3.535
2023-09-23T14:00:00Z,0.585,3.470
2023-09-23T15:00:00Z,0.595,3.325
2023-09-23T16:00:00Z,0.575,3.305
2023-09-23T17:00:00Z,0.530,3.180
2023-09-23T18:00:00Z,0.545,3.200
2023-09-23T19:00:00Z,0.450,3.125
2023-09-23T20:00:00Z,0.355,2.970
2023-09-23T21:00:00Z,0.285,2.855
2023-09-23T22:00:00Z,0.230,2.760
2023-09-23T23:00:00Z,0.240,2.815
2023-09-24T00:00:00Z,0.200,2.775
2023-09-24T01:00:00Z,0.210,2.805
2023-09-24T02:00:00Z,0.320,2.610
2023-09-24T03:00:00Z,0.480,2.945
2023-09-24T04:00:00Z,0.780,3.465
2023-09-24T05:00:00Z,0.890,3.675
2023-09-24T06:00:00Z,1.000,3.805
2023-09-24T07:00:00Z,1.045,3.900
2023-09-24T08:00:00Z,1.080,3.960
2023-09-24T09:00:00Z,1.040,3.795
2023-09-24T10:00:00Z,1.070,3.855
2023-09-24T11:00:00Z,0.945,3.715
2023-09-24T12:00:00Z,0.855,3.635
2023-09-24T13:00:00Z,0.735,3.470
2023-09-24T14:00:00Z,0.695,3.350
2023-09-24T15:00:00Z,0.655,3.305
2023-09-24T16:00:00Z,0.645,3.465
2023-09-24T17:00:00Z,0.650,3.495
2023-09-24T18:00:00Z,0.615,3.445
2023-09-24T19:00:00Z,0.560,3.350
2023-09-24T20:00:00Z,0.520,3.240
2023-09-24T21:00:00Z,0.455,3.235
2023-09-24T22:00:00Z,0.370,3.095
2023-09-24T23:00:00Z,0.300,2.985
2023-09-25T00:00:00Z,0.255,2.830
2023-09-25T01:00:00Z,0.265,2.700
2023-09-25T02:00:00Z,0.285,2.550
2023-09-25T03:00:00Z,0.385,2.605
2023-09-25T04:00:00Z,0.520,2.870
2023-09-25T05:00:00Z,0.670,3.145
2023-09-25T06:00:00Z,0.745,3.305
2023-09-25T07:00:00Z,0.965,3.585
2023-09-25T08:00:00Z,0.955,3.655
2023-09-25T09:00:00Z,0.850,3.600
2023-09-25T10:00:00Z,0.760,3.445
2023-09-25T11:00:00Z,0.625,3.325
2023-09-25T12:00:00Z,0.600,3.285
2023-09-25T13:00:00Z,0.530,3.225
2023-09-25T14:00:00Z,0.465,3.185
2023-09-25T15:00:00Z,0.410,3.135
2023-09-25T16:00:00Z,0.410,3.115
2023-09-25T17:00:00Z,0.415,3.030
2023-09-25T18:00:00Z,0.425,2.920
2023-09-25T19:00:00Z,0.390,2.935
2023-09-25T20:00:00Z,0.335,2.810
2023-09-25T21:00:00Z,0.315,2.790
2023-09-25T22:00:00Z,0.335,2.730
2023-09-25T23:00:00Z,0.425,2.755
2023-09-26T00:00:00Z,0.495,2.900
2023-09-26T01:00:00Z,0.575,3.010
2023-09-26T02:00:00Z,0.700,3.260
2023-09-26T04:00:00Z,1.065,3.825
2023-09-26T05:00:00Z,1.030,3.810
2023-09-26T06:00:00Z,0.950,3.755
2023-09-26T07:00:00Z,0.925,3.745
2023-09-26T08:00:00Z,0.880,3.700
2023-09-26T09:00:00Z,0.880,3.735
2023-09-26T10:00:00Z,0.915,3.735
2023-09-26T11:00:00Z,0.925,3.755
2023-09-26T12:00:00Z,0.795,3.585
2023-09-26T13:00:00Z,0.860,3.550
2023-09-26T14:00:00Z,0.860,3.535
2023-09-26T15:00:00Z,0.860,3.585
2023-09-26T16:00:00Z,0.860,3.580
2023-09-26T17:00:00Z,0.735,3.495
2023-09-26T18:00:00Z,0.625,3.375
2023-09-26T19:00:00Z,0.545,3.090
2023-09-26T20:00:00Z,0.575,2.990
2023-09-26T21:00:00Z,0.555,3.025
2023-09-26T22:00:00Z,0.685,3.135
2023-09-26T23:00:00Z,0.640,3.150
2023-09-27T00:00:00Z,0.715,3.365
2023-09-27T01:00:00Z,0.725,3.405
2023-09-27T02:00:00Z,0.765,3.545
2023-09-27T03:00:00Z,0.855,3.660
2023-09-27T04:00:00Z,1.075,3.900
2023-09-27T05:00:00Z,1.290,4.115
2023-09-27T06:00:00Z,1.405,4.280
2023-09-27T07:00:00Z,1.355,4.250
2023-09-27T08:00:00Z,1.205,4.075
2023-09-27T09:00:00Z,1.195,4.000
2023-09-27T10:00:00Z,1.175,3.930
2023-09-27T11:00:00Z,1.170,3.915
2023-09-27T12:00:00Z,1.130,3.850
2023-09-27T13:00:00Z,1.070,3.795
2023-09-27T14:00:00Z,1.085,3.815
2023-09-27T15:00:00Z,0.980,3.715
2023-09-27T16:00:00Z,0.990,3.785
2023-09-27T17:00:00Z,1.015,3.830
2023-09-27T18:00:00Z,1.005,3.825
2023-09-27T19:00:00Z,0.890,3.715
2023-09-27T20:00:00Z,0.880,3.725
2023-09-27T21:00:00Z,0.920,3.725
2023-09-27T22:00:00Z,0.910,3.695
2023-09-27T23:00:00Z,0.955,3.740
2023-09-28T00:00:00Z,0.980,3.770
2023-09-28T01:00:00Z,0.965,3.710
2023-09-28T02:00:00Z,0.830,3.485
2023-09-28T03:00:00Z,0.760,3.400
2023-09-28T04:00:00Z,0.705,3.335
2023-09-28T05:00:00Z,0.655,3.325
2023-09-28T06:00:00Z,0.640,3.280
2023-09-28T07:00:00Z,0.560,3.220
2023-09-28T08:00:00Z,0.520,3.290
2023-09-28T09:00:00Z,0.500,3.285
2023-09-28T10:00:00Z,0.495,3.290
2023-09-28T11:00:00Z,0.515,3.240
2023-09-28T12:00:00Z,0.565,3.315
2023-09-28T13:00:00Z,0.540,3.375
2023-09-28T14:00:00Z,0.510,3.340
2023-09-28T15:00:00Z,0.525,3.375
2023-09-28T16:00:00Z,0.510,3.315
2023-09-28T17:00:00Z,0.560,3.425
2023-09-28T18:00:00Z,0.515,3.440
2023-09-28T19:00:00Z,0.475,3.405
2023-09-28T20:00:00Z,0.435,3.370
2023-09-28T21:00:00Z,0.420,3.410
2023-09-28T22:00:00Z,0.360,3.340
2023-09-28T23:00:00Z,0.340,3.235
2023-09-29T00:00:00Z,0.325,3.195
2023-09-29T01:00:00Z,0.290,3.195
2023-09-29T02:00:00Z,0.300,3.065
2023-09-29T03:00:00Z,0.315,2.875
2023-09-29T04:00:00Z,0.365,2.870
2023-09-29T05:00:00Z,0.425,3.135
2023-09-29T06:00:00Z,0.370,3.195
2023-09-29T07:00:00Z,0.320,3.150
2023-09-29T08:00:00Z,0.285,3.090
2023-09-29T09:00:00Z,0.265,3.030
2023-09-29T10:00:00Z,0.260,2.905
2023-09-29T11:00:00Z,0.245,2.830
2023-09-29T12:00:00Z,0.250,2.835
2023-09-29T13:00:00Z,0.240,2.685
2023-09-29T14:00:00Z,0.235,2.575
2023-09-29T15:00:00Z,0.275,2.625
2023-09-29T16:00:00Z,0.330,2.570
2023-09-29T17:00:00Z,0.295,2.660
2023-09-29T18:00:00Z,0.275,2.770
2023-09-29T19:00:00Z,0.250,2.730
2023-09-29T20:00:00Z,0.210,2.690
2023-09-29T21:00:00Z,0.180,2.720
2023-09-29T22:00:00Z,0.155,2.670
2023-09-29T23:00:00Z,0.145,2.610
2023-09-30T00:00:00Z,0.165,2.490
2023-09-30T01:00:00Z,0.220,2.465
2023-09-30T02:00:00Z,0.260,2.465
2023-09-30T03:00:00Z,0.355,2.630
2023-09-30T04:00:00Z,0.420,2.815
2023-09-30T05:00:00Z,0.435,2.895
2023-09-30T06:00:00Z,0.570,3.030
2023-09-30T07:00:00Z,0.640,3.160
2023-09-30T08:00:00Z,0.610,3.180
2023-09-30T09:00:00Z,0.555,3.205
2023-09-30T10:00:00Z,0.445,3.110
2023-09-30T11:00:00Z,0.430,3.010
2023-09-30T12:00:00Z,0.425,2.865
2023-09-30T13:00:00Z,0.425,2.895
2023-09-30T14:00:00Z,0.490,2.935
2023-09-30T15:00:00Z,0.475,3.045
2023-09-30T16:00:00Z,0.450,3.050
2023-09-30T17:00:00Z,0.440,3.005
2023-09-30T18:00:00Z,0.455,3.095
2023-09-30T19:00:00Z,0.440,3.145
2023-09-30T20:00:00Z,0.410,3.115
2023-09-30T21:00:00Z,0.355,3.030
2023-09-30T22:00:00Z,0.310,2.985
2023-09-30T23:00:00Z,0.245,2.840
2023-10-01T00:00:00Z,0.190,2.765
2023-10-01T01:00:00Z,0.170,2.650
2023-10-01T02:00:00Z,0.125,2.585
2023-10-01T03:00:00Z,0.145,2.430
2023-10-01T04:00:00Z,0.205,2.330
2023-10-01T05:00:00Z,0.240,2.420
2023-10-01T06:00:00Z,0.285,2.475
2023-10-01T07:00:00Z,0.290,2.590
2023-10-01T08:00:00Z,0.310,2.745
2023-10-01T09:00:00Z,0.330,2.720
2023-10-01T10:00:00Z,0.395,2.850
2023-10-01T11:00:00Z,0.470,3.010
2023-10-01T12:00:00Z,0.470,3.105
2023-10-01T13:00:00Z,0.440,3.150
2023-10-01T14:00:00Z,0.410,3.185
2023-10-01T15:00:00Z,0.355,3.125
2023-10-01T16:00:00Z,0.330,3.055
2023-10-01T17:00:00Z,0.290,2.880
2023-10-01T18:00:00Z,0.265,2.795
2023-10-01T19:00:00Z,0.240,2.770
2023-10-01T20:00:00Z,0.210,2.680
2023-10-01T21:00:00Z,0.180,2.685
2023-10-01T22:00:00Z,0.145,2.605
2023-10-01T23:00:00Z,0.130,2.550
2023-10-02T00:00:00Z,0.100,2.640
2023-10-02T01:00:00Z,0.090,2.725
2023-10-02T02:00:00Z,0.080,2.685
2023-10-02T03:00:00Z,0.080,2.575
2023-10-02T04:00:00Z,0.085,2.500
2023-10-02T05:00:00Z,0.070,2.670
2023-10-02T06:00:00Z,0.075,2.615
2023-10-02T07:00:00Z,0.125,2.340
2023-10-02T08:00:00Z,0.135,2.285
2023-10-02T09:00:00Z,0.185,2.315
2023-10-02T10:00:00Z,0.215,2.450
2023-10-02T11:00:00Z,0.240,2.510
2023-10-02T12:00:00Z,0.285,2.610
2023-10-02T13:00:00Z,0.295,2.745
2023-10-02T14:00:00Z,0.275,2.780
2023-10-02T15:00:00Z,0.255,2.840
2023-10-02T16:00:00Z,0.230,2.715
2023-10-02T17:00:00Z,0.210,2.660
2023-10-02T18:00:00Z,0.210,2.590
2023-10-02T19:00:00Z,0.180,2.620
2023-10-02T20:00:00Z,0.170,2.560
2023-10-02T21:00:00Z,0.145,2.555
2023-10-02T22:00:00Z,0.125,2.445
2023-10-02T23:00:00Z,0.115,2.475
2023-10-03T00:00:00Z,0.095,2.475
2023-10-03T01:00:00Z,0.090,2.675
2023-10-03T02:00:00Z,0.065,2.430
2023-10-03T03:00:00Z,0.055,2.490
2023-10-03T04:00:00Z,0.045,2.630
2023-10-03T05:00:00Z,0.045,2.640
2023-10-03T06:00:00Z,0.055,2.980
2023-10-03T07:00:00Z,0.075,2.550
2023-10-03T08:00:00Z,0.185,2.365
2023-10-03T09:00:00Z,0.195,2.500
2023-10-03T10:00:00Z,0.190,2.540
2023-10-03T11:00:00Z,0.175,2.540
2023-10-03T12:00:00Z,0.165,2.505
2023-10-03T13:00:00Z,0.190,2.500
2023-10-03T14:00:00Z,0.240,2.525
2023-10-03T15:00:00Z,0.275,2.555
2023-10-03T16:00:00Z,0.295,2.670
2023-10-03T17:00:00Z,0.335,2.715
2023-10-03T18:00:00Z,0.330,2.720
2023-10-03T19:00:00Z,0.305,2.700
2023-10-03T20:00:00Z,0.300,2.735
2023-10-03T21:00:00Z,0.250,2.725
2023-10-03T22:00:00Z,0.225,2.715
2023-10-03T23:00:00Z,0.190,2.680
2023-10-04T00:00:00Z,0.150,2.700
2023-10-04T01:00:00Z,0.120,2.670
2023-10-04T02:00:00Z,0.110,2.575
2023-10-04T03:00:00Z,0.190,2.425
2023-10-04T04:00:00Z,0.345,2.635
2023-10-04T05:00:00Z,0.430,2.745
2023-10-04T06:00:00Z,0.470,2.905
2023-10-04T07:00:00Z,0.570,3.020
2023-10-04T08:00:00Z,0.600,3.090
2023-10-04T09:00:00Z,0.710,3.265
2023-10-04T10:00:00Z,0.670,3.210
2023-10-04T11:00:00Z,0.760,3.415
2023-10-04T12:00:00Z,0.855,3.525
2023-10-04T13:00:00Z,0.860,3.605
2023-10-04T14:00:00Z,0.950,3.740
2023-10-04T15:00:00Z,1.020,3.855
2023-10-04T16:00:00Z,1.075,3.895
2023-10-04T17:00:00Z,1.045,3.915
2023-10-04T18:00:00Z,0.960,3.890
2023-10-04T19:00:00Z,0.860,3.700
2023-10-04T20:00:00Z,0.795,3.645
2023-10-04T21:00:00Z,0.645,3.475
2023-10-04T22:00:00Z,0.515,3.270
2023-10-04T23:00:00Z,0.455,3.125
2023-10-05T00:00:00Z,0.435,2.975
2023-10-05T01:00:00Z,0.480,2.905
2023-10-05T02:00:00Z,0.695,3.175
2023-10-05T03:00:00Z,0.725,3.365
2023-10-05T04:00:00Z,0.640,3.315
2023-10-05T05:00:00Z,0.665,3.205
2023-10-05T06:00:00Z,0.725,3.265
2023-10-05T07:00:00Z,0.965,3.605
2023-10-05T08:00:00Z,0.975,3.730
2023-10-05T09:00:00Z,0.800,3.580
2023-10-05T10:00:00Z,0.760,3.635
2023-10-05T11:00:00Z,0.645,3.625
2023-10-05T12:00:00Z,0.520,3.550
2023-10-05T13:00:00Z,0.435,3.475
2023-10-05T14:00:00Z,0.395,3.330
2023-10-05T15:00:00Z,0.330,3.200
2023-10-05T16:00:00Z,0.330,3.055
2023-10-05T17:00:00Z,0.335,2.960
2023-10-05T18:00:00Z,0.320,2.925
2023-10-05T19:00:00Z,0.320,2.965
2023-10-05T20:00:00Z,0.320,3.060
2023-10-05T21:00:00Z,0.285,3.080
2023-10-05T22:00:00Z,0.240,3.005
2023-10-05T23:00:00Z,0.255,2.695
2023-10-06T00:00:00Z,0.370,2.585
2023-10-06T01:00:00Z,0.490,2.775
2023-10-06T02:00:00Z,0.620,3.035
2023-10-06T03:00:00Z,0.840,3.305
2023-10-06T04:00:00Z,0.815,3.280
2023-10-06T05:00:00Z,0.940,3.390
2023-10-06T06:00:00Z,1.185,3.775
2023-10-06T07:00:00Z,1.340,4.055
2023-10-06T08:00:00Z,1.315,4.150
2023-10-06T09:00:00Z,1.265,4.090
2023-10-06T10:00:00Z,1.235,4.100
2023-10-06T11:00:00Z,1.235,4.135
2023-10-06T12:00:00Z,1.160,4.080
2023-10-06T13:00:00Z,1.190,4.060
2023-10-06T14:00:00Z,1.125,4.055
2023-10-06T15:00:00Z,1.230,4.075
2023-10-06T16:00:00Z,1.305,4.125
2023-10-06T17:00:00Z,1.165,3.985
2023-10-06T18:00:00Z,1.030,3.790
2023-10-06T19:00:00Z,1.035,3.595
2023-10-06T20:00:00Z,1.365,3.970
2023-10-06T21:00:00Z,1.540,4.275
2023-10-06T22:00:00Z,1.575,4.325
2023-10-06T23:00:00Z,1.565,4.245
2023-10-07T00:00:00Z,1.490,4.275
2023-10-07T01:00:00Z,1.825,4.615
2023-10-07T02:00:00Z,1.805,4.645
2023-10-07T03:00:00Z,1.980,4.765
2023-10-07T04:00:00Z,2.220,4.935
2023-10-07T05:00:00Z,2.400,5.205
2023-10-07T06:00:00Z,2.460,5.335
2023-10-07T07:00:00Z,2.650,5.565
2023-10-07T08:00:00Z,2.545,5.630
2023-10-07T09:00:00Z,2.510,5.680
2023-10-07T10:00:00Z,2.410,5.580
2023-10-07T11:00:00Z,2.500,5.810
2023-10-07T12:00:00Z,2.360,5.655
2023-10-07T13:00:00Z,2.445,5.640
2023-10-07T14:00:00Z,2.375,5.520
2023-10-07T15:00:00Z,2.450,5.500
2023-10-07T16:00:00Z,2.305,5.385
2023-10-07T17:00:00Z,2.305,5.320
2023-10-07T18:00:00Z,2.125,5.260
2023-10-07T19:00:00Z,2.095,5.245
2023-10-07T20:00:00Z,1.895,5.255
2023-10-07T21:00:00Z,1.815,5.085
2023-10-07T22:00:00Z,1.765,4.980
2023-10-07T23:00:00Z,1.775,4.970
2023-10-08T00:00:00Z,1.820,4.830
2023-10-08T01:00:00Z,1.775,4.820
2023-10-08T02:00:00Z,1.685,4.820
2023-10-08T03:00:00Z,1.730,4.800
2023-10-08T04:00:00Z,1.730,4.895
2023-10-08T05:00:00Z,1.725,4.860
2023-10-08T06:00:00Z,1.595,4.640
2023-10-08T07:00:00Z,1.565,4.650
2023-10-08T08:00:00Z,1.545,4.655
2023-10-08T09:00:00Z,1.480,4.595
2023-10-08T10:00:00Z,1.420,4.650
2023-10-08T11:00:00Z,1.475,4.560
2023-10-08T12:00:00Z,1.480,4.610
2023-10-08T13:00:00Z,1.375,4.525
2023-10-08T14:00:00Z,1.195,4.280
2023-10-08T15:00:00Z,1.180,4.250
2023-10-08T16:00:00Z,1.185,4.265
2023-10-08T17:00:00Z,1.145,4.180
2023-10-08T18:00:00Z,1.115,4.115
2023-10-08T19:00:00Z,1.130,4.220
2023-10-08T20:00:00Z,1.050,4.165
2023-10-08T21:00:00Z,1.000,4.130
2023-10-08T22:00:00Z,0.970,4.140
2023-10-08T23:00:00Z,0.960,4.160
2023-10-09T00:00:00Z,1.025,4.355
2023-10-09T01:00:00Z,1.020,4.255
2023-10-09T02:00:00Z,1.100,4.200
2023-10-09T03:00:00Z,1.205,4.255
2023-10-09T04:00:00Z,1.195,4.100
2023-10-09T05:00:00Z,1.210,4.165
2023-10-09T06:00:00Z,1.315,4.305
2023-10-09T07:00:00Z,1.335,4.195
2023-10-09T08:00:00Z,1.300,4.235
2023-10-09T09:00:00Z,1.220,4.135
2023-10-09T10:00:00Z,1.245,4.155
2023-10-09T11:00:00Z,1.215,4.165
2023-10-09T12:00:00Z,1.320,4.340
2023-10-09T13:00:00Z,1.355,4.415
2023-10-09T14:00:00Z,1.490,4.565
2023-10-09T15:00:00Z,1.435,4.520
2023-10-09T16:00:00Z,1.510,4.590
2023-10-09T17:00:00Z,1.470,4.545
2023-10-09T18:00:00Z,1.525,4.640
2023-10-09T19:00:00Z,1.385,4.485
2023-10-09T20:00:00Z,1.280,4.330
2023-10-09T21:00:00Z,1.205,4.170
2023-10-09T22:00:00Z,1.230,4.135
2023-10-09T23:00:00Z,1.175,4.055
2023-10-10T00:00:00Z,1.210,4.080
2023-10-10T01:00:00Z,1.210,4.120
2023-10-10T02:00:00Z,1.265,4.150
2023-10-10T03:00:00Z,1.280,4.245
2023-10-10T04:00:00Z,1.270,4.155
2023-10-10T05:00:00Z,1.210,4.315
2023-10-10T06:00:00Z,1.075,4.075
2023-10-10T07:00:00Z,1.065,4.220
2023-10-10T08:00:00Z,1.230,4.555
2023-10-10T09:00:00Z,1.100,4.380
2023-10-10T10:00:00Z,1.075,4.290
2023-10-10T11:00:00Z,1.055,4.160
2023-10-10T12:00:00Z,1.120,4.200
2023-10-10T13:00:00Z,1.110,4.100
2023-10-10T14:00:00Z,1.160,3.925
2023-10-10T15:00:00Z,1.160,3.910
2023-10-10T16:00:00Z,1.130,4.000
2023-10-10T17:00:00Z,1.045,3.890
2023-10-10T18:00:00Z,1.020,3.925
2023-10-10T19:00:00Z,0.945,3.960
2023-10-10T20:00:00Z,0.860,4.080
2023-10-10T21:00:00Z,0.830,4.040
2023-10-10T22:00:00Z,0.835,4.095
2023-10-10T23:00:00Z,0.765,4.045
2023-10-11T00:00:00Z,0.750,3.995
2023-10-11T01:00:00Z,0.695,3.860
2023-10-11T02:00:00Z,0.660,3.825
2023-10-11T03:00:00Z,0.615,3.875
2023-10-11T04:00:00Z,0.600,3.890
2023-10-11T05:00:00Z,0.575,3.850
2023-10-11T06:00:00Z,0.540,3.820
2023-10-11T07:00:00Z,0.490,3.745
2023-10-11T08:00:00Z,0.440,3.665
2023-10-11T09:00:00Z,0.440,3.660
2023-10-11T10:00:00Z,0.420,3.595
2023-10-11T11:00:00Z,0.390,3.490
2023-10-11T12:00:00Z,0.370,3.275
2023-10-11T13:00:00Z,0.350,3.245
2023-10-11T14:00:00Z,0.335,3.170
2023-10-11T15:00:00Z,0.350,3.170
2023-10-11T16:00:00Z,0.335,3.075
2023-10-11T17:00:00Z,0.315,3.085
2023-10-11T18:00:00Z,0.325,3.025
2023-10-11T19:00:00Z,0.320,2.910
2023-10-11T20:00:00Z,0.315,2.890
2023-10-11T21:00:00Z,0.300,2.955
2023-10-11T22:00:00Z,0.285,2.825
2023-10-11T23:00:00Z,0.265,2.760
2023-10-12T00:00:00Z,0.310,2.695
2023-10-12T01:00:00Z,0.380,2.705
2023-10-12T02:00:00Z,0.465,2.815
2023-10-12T03:00:00Z,0.465,2.990
2023-10-12T04:00:00Z,0.455,3.055
2023-10-12T05:00:00Z,0.470,3.075
2023-10-12T06:00:00Z,0.480,3.085
2023-10-12T07:00:00Z,0.530,2.995
2023-10-12T08:00:00Z,0.620,3.055
2023-10-12T09:00:00Z,0.730,3.255
2023-10-12T10:00:00Z,0.810,3.370
2023-10-12T11:00:00Z,0.905,3.445
2023-10-12T12:00:00Z,1.000,3.695
2023-10-12T13:00:00Z,0.990,3.820
2023-10-12T14:00:00Z,0.990,3.775
2023-10-12T15:00:00Z,1.065,3.865
2023-10-12T16:00:00Z,0.935,3.765
2023-10-12T17:00:00Z,0.790,3.630
2023-10-12T18:00:00Z,0.725,3.535
2023-10-12T19:00:00Z,0.765,3.485
2023-10-12T20:00:00Z,0.915,3.690
2023-10-12T21:00:00Z,0.875,3.640
2023-10-12T22:00:00Z,0.910,3.640
2023-10-12T23:00:00Z,0.920,3.600
2023-10-13T00:00:00Z,1.020,3.650
2023-10-13T01:00:00Z,1.020,3.725
2023-10-13T02:00:00Z,1.010,3.605
2023-10-13T03:00:00Z,1.180,3.705
2023-10-13T04:00:00Z,1.285,3.850
2023-10-13T05:00:00Z,1.515,4.135
2023-10-13T06:00:00Z,1.630,4.320
2023-10-13T07:00:00Z,1.685,4.495
2023-10-13T08:00:00Z,1.740,4.585
2023-10-13T09:00:00Z,1.675,4.565
2023-10-13T10:00:00Z,1.710,4.595
2023-10-13T11:00:00Z,1.760,4.740
2023-10-13T12:00:00Z,1.840,4.785
2023-10-13T13:00:00Z,1.805,4.835
2023-10-13T14:00:00Z,1.930,4.915
2023-10-13T15:00:00Z,1.950,4.940
2023-10-13T16:00:00Z,1.850,4.815
2023-10-13T17:00:00Z,1.885,4.745
2023-10-13T18:00:00Z,1.795,4.580
2023-10-13T19:00:00Z,1.740,4.545
2023-10-13T20:00:00Z,1.795,4.485
2023-10-13T21:00:00Z,1.835,4.580
2023-10-13T22:00:00Z,2.010,4.690
2023-10-13T23:00:00Z,2.130,4.770
2023-10-14T00:00:00Z,2.100,4.860
2023-10-14T01:00:00Z,2.170,4.880
2023-10-14T02:00:00Z,2.085,4.965
2023-10-14T03:00:00Z,2.120,5.080
2023-10-14T04:00:00Z,2.330,5.205
2023-10-14T05:00:00Z,2.255,5.210
2023-10-14T06:00:00Z,2.355,5.390
2023-10-14T07:00:00Z,2.460,5.445
2023-10-14T08:00:00Z,2.445,5.420
2023-10-14T09:00:00Z,2.510,5.450
2023-10-14T10:00:00Z,2.770,5.530
2023-10-14T11:00:00Z,2.940,5.620
2023-10-14T12:00:00Z,2.670,5.330
2023-10-14T13:00:00Z,2.400,5.145
2023-10-14T14:00:00Z,2.080,4.865
2023-10-14T15:00:00Z,2.025,4.850
2023-10-14T16:00:00Z,2.215,5.120
2023-10-14T17:00:00Z,2.320,5.300
2023-10-14T18:00:00Z,2.240,5.360
2023-10-14T19:00:00Z,2.165,5.390
2023-10-14T20:00:00Z,2.175,5.540
2023-10-14T21:00:00Z,2.240,5.515
2023-10-14T22:00:00Z,2.375,5.595
2023-10-14T23:00:00Z,2.695,5.845
2023-10-15T00:00:00Z,3.090,6.215
2023-10-15T01:00:00Z,3.020,6.125
2023-10-15T02:00:00Z,2.955,6.135
2023-10-15T03:00:00Z,2.675,5.975
2023-10-15T04:00:00Z,2.470,5.830
2023-10-15T05:00:00Z,2.095,5.470
2023-10-15T06:00:00Z,1.965,5.370
2023-10-15T07:00:00Z,1.765,5.270
2023-10-15T08:00:00Z,1.645,5.210
2023-10-15T09:00:00Z,1.585,5.265
2023-10-15T10:00:00Z,1.540,5.200
2023-10-15T11:00:00Z,1.735,5.225
2023-10-15T12:00:00Z,1.885,5.305
2023-10-15T13:00:00Z,1.835,5.240
2023-10-15T14:00:00Z,1.820,5.130
2023-10-15T15:00:00Z,1.920,5.055
2023-10-15T16:00:00Z,2.190,5.125
2023-10-15T17:00:00Z,2.245,5.175
2023-10-15T18:00:00Z,2.040,5.060
2023-10-15T19:00:00Z,2.020,4.970
2023-10-15T20:00:00Z,2.045,5.045
2023-10-15T21:00:00Z,2.040,5.000
2023-10-15T22:00:00Z,2.080,5.115
2023-10-15T23:00:00Z,2.040,5.140
2023-10-16T00:00:00Z,2.145,5.200
2023-10-16T01:00:00Z,2.285,5.350
2023-10-16T02:00:00Z,2.220,5.400
2023-10-16T03:00:00Z,2.405,5.615
2023-10-16T04:00:00Z,2.510,5.615
2023-10-16T05:00:00Z,2.645,5.770
2023-10-16T06:00:00Z,2.870,5.955
2023-10-16T07:00:00Z,2.620,5.830
2023-10-16T08:00:00Z,2.510,5.725
2023-10-16T09:00:00Z,2.505,5.835
2023-10-16T10:00:00Z,2.240,5.570
2023-10-16T11:00:00Z,2.155,5.525
2023-10-16T12:00:00Z,1.905,5.125
2023-10-16T13:00:00Z,1.750,5.020
2023-10-16T14:00:00Z,1.765,5.085
2023-10-16T15:00:00Z,1.650,4.855
2023-10-16T16:00:00Z,1.635,4.750
2023-10-16T17:00:00Z,1.630,4.775
2023-10-16T18:00:00Z,1.625,4.765
2023-10-16T19:00:00Z,1.550,4.775
2023-10-16T20:00:00Z,1.555,4.715
2023-10-16T21:00:00Z,1.375,4.585
2023-10-16T22:00:00Z,1.410,4.660
2023-10-16T23:00:00Z,1.485,4.635
2023-10-17T00:00:00Z,1.375,4.600
2023-10-17T01:00:00Z,1.310,4.525
2023-10-17T02:00:00Z,1.175,4.430
2023-10-17T03:00:00Z,1.100,4.505
2023-10-17T04:00:00Z,0.930,4.230
2023-10-17T05:00:00Z,0.855,4.265
2023-10-17T06:00:00Z,0.725,4.070
2023-10-17T07:00:00Z,0.655,3.955
2023-10-17T08:00:00Z,0.585,4.055
2023-10-17T09:00:00Z,0.465,3.830
2023-10-17T10:00:00Z,0.440,3.860
2023-10-17T11:00:00Z,0.385,3.905
2023-10-17T12:00:00Z,0.335,3.920
2023-10-17T13:00:00Z,0.340,3.575
2023-10-17T14:00:00Z,0.340,3.385
2023-10-17T15:00:00Z,0.365,3.115
2023-10-17T16:00:00Z,0.360,2.900
2023-10-17T17:00:00Z,0.400,2.765
2023-10-17T18:00:00Z,0.400,2.780
2023-10-17T19:00:00Z,0.455,2.760
2023-10-17T20:00:00Z,0.435,2.830
2023-10-17T21:00:00Z,0.430,2.870
2023-10-17T22:00:00Z,0.390,2.930
2023-10-17T23:00:00Z,0.330,3.010
2023-10-18T00:00:00Z,0.295,3.040
2023-10-18T01:00:00Z,0.250,3.090
2023-10-18T02:00:00Z,0.245,3.065
2023-10-18T03:00:00Z,0.225,2.920
2023-10-18T04:00:00Z,0.255,2.765
2023-10-18T05:00:00Z,0.265,2.690
2023-10-18T06:00:00Z,0.275,2.680
2023-10-18T07:00:00Z,0.265,2.595
2023-10-18T08:00:00Z,0.335,2.670
2023-10-18T09:00:00Z,0.405,2.750
2023-10-18T10:00:00Z,0.380,2.820
2023-10-18T11:00:00Z,0.445,2.790
2023-10-18T12:00:00Z,0.545,2.935
2023-10-18T13:00:00Z,0.705,3.225
2023-10-18T14:00:00Z,0.785,3.500
2023-10-18T15:00:00Z,1.005,3.865
2023-10-18T16:00:00Z,1.110,4.020
2023-10-18T17:00:00Z,1.230,4.295
2023-10-18T18:00:00Z,1.395,4.490
2023-10-18T19:00:00Z,1.495,4.590
2023-10-18T20:00:00Z,1.475,4.580
2023-10-18T21:00:00Z,1.370,4.440
2023-10-18T22:00:00Z,1.190,4.145
2023-10-18T23:00:00Z,1.170,4.045
2023-10-19T00:00:00Z,1.175,3.945
2023-10-19T01:00:00Z,1.155,3.945
2023-10-19T02:00:00Z,1.190,4.010
2023-10-19T03:00:00Z,1.225,4.040
2023-10-19T04:00:00Z,1.275,4.195
2023-10-19T05:00:00Z,1.275,4.145
2023-10-19T06:00:00Z,1.330,4.175
2023-10-19T07:00:00Z,1.360,4.315
2023-10-19T08:00:00Z,1.385,4.380
2023-10-19T09:00:00Z,1.275,4.330
2023-10-19T10:00:00Z,1.130,4.190
2023-10-19T11:00:00Z,1.005,4.195
2023-10-19T12:00:00Z,0.960,4.020
2023-10-19T13:00:00Z,0.900,3.855
2023-10-19T14:00:00Z,0.875,3.780
2023-10-19T15:00:00Z,0.900,3.725
2023-10-19T16:00:00Z,0.910,3.805
2023-10-19T17:00:00Z,0.920,3.835
2023-10-19T18:00:00Z,0.845,3.890
2023-10-19T19:00:00Z,0.765,3.745
2023-10-19T20:00:00Z,0.745,3.665
2023-10-19T21:00:00Z,0.635,3.425
2023-10-19T22:00:00Z,0.580,3.310
2023-10-19T23:00:00Z,0.565,3.090
2023-10-20T00:00:00Z,0.560,3.125
2023-10-20T01:00:00Z,0.685,3.085
2023-10-20T02:00:00Z,0.845,3.340
2023-10-20T03:00:00Z,1.005,3.605
2023-10-20T04:00:00Z,1.260,3.990
2023-10-20T05:00:00Z,1.140,3.980
2023-10-20T06:00:00Z,1.100,3.910
2023-10-20T07:00:00Z,1.210,4.070
2023-10-20T08:00:00Z,1.465,4.385
2023-10-20T09:00:00Z,1.750,4.645
2023-10-20T10:00:00Z,1.810,4.865
2023-10-20T11:00:00Z,1.980,5.065
2023-10-20T12:00:00Z,1.870,4.970
2023-10-20T13:00:00Z,1.915,4.975
2023-10-20T14:00:00Z,1.860,4.985
2023-10-20T15:00:00Z,1.905,4.955
2023-10-20T16:00:00Z,1.955,5.070
2023-10-20T17:00:00Z,1.905,4.965
2023-10-20T18:00:00Z,1.845,4.870
2023-10-20T19:00:00Z,2.080,4.990
2023-10-20T20:00:00Z,1.985,5.115
2023-10-20T21:00:00Z,1.885,5.140
2023-10-20T22:00:00Z,1.825,5.050
2023-10-20T23:00:00Z,1.745,5.100
2023-10-21T00:00:00Z,1.610,5.035
2023-10-21T01:00:00Z,1.625,5.190
2023-10-21T02:00:00Z,1.420,4.975
2023-10-21T03:00:00Z,1.290,4.875
2023-10-21T04:00:00Z,1.190,4.825
2023-10-21T05:00:00Z,1.105,4.795
2023-10-21T06:00:00Z,0.965,4.725
2023-10-21T07:00:00Z,0.845,4.535
2023-10-21T08:00:00Z,0.780,4.525
2023-10-21T09:00:00Z,0.725,4.485
2023-10-21T10:00:00Z,0.740,4.750
2023-10-21T11:00:00Z,0.720,4.735
2023-10-21T12:00:00Z,0.720,4.830
2023-10-21T13:00:00Z,0.725,4.790
2023-10-21T14:00:00Z,0.730,4.255
2023-10-21T15:00:00Z,0.760,3.920
2023-10-21T16:00:00Z,0.850,3.615
2023-10-21T17:00:00Z,0.815,3.630
2023-10-21T18:00:00Z,0.790,3.610
2023-10-21T19:00:00Z,0.705,3.575
2023-10-21T20:00:00Z,0.625,3.625
2023-10-21T21:00:00Z,0.650,3.385
2023-10-21T22:00:00Z,0.695,3.275
2023-10-21T23:00:00Z,0.865,3.420
2023-10-22T00:00:00Z,1.150,3.865
2023-10-22T01:00:00Z,1.335,4.135
2023-10-22T02:00:00Z,1.500,4.355
2023-10-22T03:00:00Z,1.660,4.550
2023-10-22T04:00:00Z,1.830,4.645
2023-10-22T05:00:00Z,1.950,4.880
2023-10-22T06:00:00Z,1.910,4.895
2023-10-22T07:00:00Z,1.800,4.945
2023-10-22T08:00:00Z,1.800,5.010
2023-10-22T09:00:00Z,1.730,4.960
2023-10-22T10:00:00Z,1.565,4.920
2023-10-22T11:00:00Z,1.575,4.825
2023-10-22T12:00:00Z,1.480,4.785
2023-10-22T13:00:00Z,1.420,4.745
2023-10-22T14:00:00Z,1.315,4.695
2023-10-22T15:00:00Z,1.180,4.640
2023-10-22T16:00:00Z,1.155,4.470
2023-10-22T17:00:00Z,1.130,4.285
2023-10-22T18:00:00Z,1.005,4.055
2023-10-22T19:00:00Z,0.975,4.160
2023-10-22T20:00:00Z,0.880,4.250
2023-10-22T21:00:00Z,0.740,4.175
2023-10-22T22:00:00Z,0.675,4.140
2023-10-22T23:00:00Z,0.630,4.140
2023-10-23T00:00:00Z,0.575,4.180
2023-10-23T01:00:00Z,0.485,4.045
2023-10-23T02:00:00Z,0.445,4.015
2023-10-23T03:00:00Z,0.430,4.045
2023-10-23T04:00:00Z,0.365,3.965
2023-10-23T05:00:00Z,0.370,4.110
2023-10-23T06:00:00Z,0.345,4.105
2023-10-23T07:00:00Z,0.300,3.865
2023-10-23T08:00:00Z,0.280,3.325
2023-10-23T09:00:00Z,0.275,3.040
2023-10-23T10:00:00Z,0.340,2.735
2023-10-23T11:00:00Z,0.460,2.900
2023-10-23T12:00:00Z,0.535,3.085
2023-10-23T13:00:00Z,0.680,3.290
2023-10-23T14:00:00Z,0.780,3.440
2023-10-23T15:00:00Z,0.840,3.585
2023-10-23T16:00:00Z,0.965,3.820
2023-10-23T17:00:00Z,1.070,3.980
2023-10-23T18:00:00Z,1.160,4.005
2023-10-23T19:00:00Z,1.220,4.070
2023-10-23T20:00:00Z,1.140,3.980
2023-10-23T21:00:00Z,1.170,3.945
2023-10-23T22:00:00Z,1.165,3.835
2023-10-23T23:00:00Z,1.150,3.820
2023-10-24T00:00:00Z,1.315,3.950
2023-10-24T01:00:00Z,1.330,4.060
2023-10-24T02:00:00Z,1.475,4.240
2023-10-24T03:00:00Z,1.475,4.255
2023-10-24T04:00:00Z,1.395,4.230
2023-10-24T05:00:00Z,1.360,4.315
2023-10-24T06:00:00Z,1.260,4.155
2023-10-24T07:00:00Z,1.215,4.230
2023-10-24T08:00:00Z,1.190,4.255
2023-10-24T09:00:00Z,1.175,4.220
2023-10-24T10:00:00Z,1.210,4.240
2023-10-24T11:00:00Z,1.145,4.200
2023-10-24T12:00:00Z,1.225,4.255
2023-10-24T13:00:00Z,1.170,4.210
2023-10-24T14:00:00Z,1.075,4.115
2023-10-24T15:00:00Z,1.005,4.145
2023-10-24T16:00:00Z,0.875,3.960
2023-10-24T17:00:00Z,0.750,3.770
2023-10-24T18:00:00Z,0.750,3.670
2023-10-24T19:00:00Z,0.745,3.490
2023-10-24T20:00:00Z,0.765,3.430
2023-10-24T21:00:00Z,0.745,3.420
2023-10-24T22:00:00Z,0.660,3.350
2023-10-24T23:00:00Z,0.590,3.315
2023-10-25T00:00:00Z,0.690,3.445
2023-10-25T01:00:00Z,0.835,3.560
2023-10-25T02:00:00Z,1.005,3.950
2023-10-25T03:00:00Z,0.945,3.935
2023-10-25T04:00:00Z,0.910,3.865
2023-10-25T05:00:00Z,0.985,3.810
2023-10-25T06:00:00Z,1.025,3.915
2023-10-25T07:00:00Z,0.985,3.850
2023-10-25T08:00:00Z,0.985,3.905
2023-10-25T09:00:00Z,0.795,3.615
2023-10-25T10:00:00Z,0.685,3.440
2023-10-25T11:00:00Z,0.620,3.335
2023-10-25T12:00:00Z,0.570,3.150
2023-10-25T13:00:00Z,0.585,3.115
2023-10-25T14:00:00Z,0.640,3.155
2023-10-25T15:00:00Z,0.850,3.450
2023-10-25T16:00:00Z,0.910,3.660
2023-10-25T17:00:00Z,0.950,3.800
2023-10-25T18:00:00Z,0.885,3.860
2023-10-25T19:00:00Z,0.855,3.915
2023-10-25T20:00:00Z,0.700,3.805
2023-10-25T21:00:00Z,0.630,3.625
2023-10-25T22:00:00Z,0.515,3.515
2023-10-25T23:00:00Z,0.450,3.435
2023-10-26T00:00:00Z,0.430,3.385
2023-10-26T01:00:00Z,0.390,3.365
2023-10-26T02:00:00Z,0.325,3.205
2023-10-26T03:00:00Z,0.295,3.055
2023-10-26T04:00:00Z,0.275,2.920
2023-10-26T05:00:00Z,0.265,2.895
2023-10-26T06:00:00Z,0.235,2.840
2023-10-26T07:00:00Z,0.205,2.675
2023-10-26T08:00:00Z,0.290,2.580
2023-10-26T09:00:00Z,0.525,2.930
2023-10-26T10:00:00Z,0.630,3.180
2023-10-26T11:00:00Z,0.795,3.485
2023-10-26T12:00:00Z,0.725,3.510
2023-10-26T13:00:00Z,0.670,3.390
2023-10-26T14:00:00Z,0.730,3.390
2023-10-26T15:00:00Z,0.905,3.650
2023-10-26T16:00:00Z,0.915,3.725
2023-10-26T17:00:00Z,1.010,3.875
2023-10-26T18:00:00Z,0.880,3.790
2023-10-26T19:00:00Z,0.980,3.905
2023-10-26T20:00:00Z,1.010,3.990
2023-10-26T21:00:00Z,0.865,3.700
2023-10-26T22:00:00Z,0.705,3.470
2023-10-26T23:00:00Z,0.675,3.405
2023-10-27T00:00:00Z,0.610,3.230
2023-10-27T01:00:00Z,0.610,3.230
2023-10-27T02:00:00Z,0.590,3.325
2023-10-27T03:00:00Z,0.620,3.220
2023-10-27T04:00:00Z,0.770,3.435
2023-10-27T05:00:00Z,0.815,3.560
2023-10-27T06:00:00Z,0.825,3.620
2023-10-27T07:00:00Z,0.885,3.720
2023-10-27T08:00:00Z,0.935,3.810
2023-10-27T09:00:00Z,0.860,3.805
2023-10-27T10:00:00Z,0.795,3.775
2023-10-27T11:00:00Z,0.760,3.865
2023-10-27T12:00:00Z,0.670,3.735
2023-10-27T13:00:00Z,0.620,3.415
2023-10-27T14:00:00Z,0.685,3.485
2023-10-27T15:00:00Z,0.650,3.445
2023-10-27T16:00:00Z,0.615,3.330
2023-10-27T17:00:00Z,0.685,3.340
2023-10-27T18:00:00Z,0.615,3.205
2023-10-27T19:00:00Z,0.640,3.280
2023-10-27T20:00:00Z,0.620,3.285
2023-10-27T21:00:00Z,0.650,3.240
2023-10-27T22:00:00Z,0.655,3.230
2023-10-27T23:00:00Z,0.660,3.190
2023-10-28T00:00:00Z,0.825,3.240
2023-10-28T01:00:00Z,1.380,3.940
2023-10-28T02:00:00Z,1.700,4.400
2023-10-28T03:00:00Z,1.695,4.510
2023-10-28T04:00:00Z,1.745,4.665
2023-10-28T05:00:00Z,1.805,4.750
2023-10-28T06:00:00Z,1.825,4.835
2023-10-28T07:00:00Z,1.960,5.115
2023-10-28T08:00:00Z,1.860,5.070
2023-10-28T09:00:00Z,1.770,5.020
2023-10-28T10:00:00Z,1.705,4.950
2023-10-28T11:00:00Z,1.790,5.010
2023-10-28T12:00:00Z,1.700,4.950
2023-10-28T13:00:00Z,1.635,4.930
2023-10-28T14:00:00Z,1.550,4.875
2023-10-28T15:00:00Z,1.365,4.630
2023-10-28T16:00:00Z,1.240,4.615
2023-10-28T17:00:00Z,1.180,4.510
2023-10-28T18:00:00Z,1.175,4.455
2023-10-28T19:00:00Z,1.065,4.435
2023-10-28T20:00:00Z,0.940,4.220
2023-10-28T21:00:00Z,0.910,4.200
2023-10-28T22:00:00Z,0.885,4.130
2023-10-28T23:00:00Z,0.825,3.970
2023-10-29T00:00:00Z,0.815,3.790
2023-10-29T01:00:00Z,0.845,3.585
2023-10-29T02:00:00Z,1.005,3.750
2023-10-29T03:00:00Z,1.100,3.905
2023-10-29T04:00:00Z,1.205,4.075
2023-10-29T05:00:00Z,1.165,4.085
2023-10-29T06:00:00Z,1.015,4.010
2023-10-29T07:00:00Z,0.960,3.895
2023-10-29T08:00:00Z,0.810,3.705
2023-10-29T09:00:00Z,0.810,3.670
2023-10-29T10:00:00Z,0.750,3.535
2023-10-29T11:00:00Z,0.735,3.480
2023-10-29T12:00:00Z,0.770,3.530
2023-10-29T13:00:00Z,0.725,3.520
2023-10-29T14:00:00Z,0.670,3.505
2023-10-29T15:00:00Z,0.615,3.435
2023-10-29T16:00:00Z,0.570,3.425
2023-10-29T17:00:00Z,0.585,3.480
2023-10-29T18:00:00Z,0.650,3.645
2023-10-29T19:00:00Z,0.755,3.925
2023-10-29T20:00:00Z,0.990,4.275
2023-10-29T21:00:00Z,1.015,4.045
2023-10-29T22:00:00Z,1.165,4.255
2023-10-29T23:00:00Z,1.525,4.610
2023-10-30T00:00:00Z,1.585,4.635
2023-10-30T01:00:00Z,1.320,4.450
2023-10-30T02:00:00Z,1.230,4.265
2023-10-30T03:00:00Z,1.300,4.210
2023-10-30T04:00:00Z,1.280,4.175
2023-10-30T05:00:00Z,1.275,4.130
2023-10-30T06:00:00Z,1.240,4.110
2023-10-30T07:00:00Z,1.345,4.215
2023-10-30T08:00:00Z,1.350,4.220
2023-10-30T09:00:00Z,1.310,4.155
2023-10-30T10:00:00Z,1.485,4.315
2023-10-30T11:00:00Z,1.440,4.365
2023-10-30T12:00:00Z,1.435,4.355
2023-10-30T13:00:00Z,1.505,4.495
2023-10-30T14:00:00Z,1.430,4.470
2023-10-30T15:00:00Z,1.525,4.485
2023-10-30T16:00:00Z,1.530,4.615
2023-10-30T17:00:00Z,1.530,4.555
2023-10-30T18:00:00Z,1.490,4.510
2023-10-30T19:00:00Z,1.455,4.535
2023-10-30T20:00:00Z,1.360,4.420
2023-10-30T21:00:00Z,1.300,4.365
2023-10-30T22:00:00Z,1.165,4.250
2023-10-30T23:00:00Z,1.090,4.100
2023-10-31T00:00:00Z,1.025,4.065
2023-10-31T01:00:00Z,0.990,3.885
2023-10-31T02:00:00Z,0.915,3.790
2023-10-31T03:00:00Z,0.845,3.695
2023-10-31T04:00:00Z,0.840,3.690
2023-10-31T05:00:00Z,0.790,3.600
2023-10-31T06:00:00Z,0.750,3.590
2023-10-31T07:00:00Z,0.820,3.650
2023-10-31T08:00:00Z,0.850,3.720
2023-10-31T09:00:00Z,0.860,3.745
2023-10-31T10:00:00Z,0.850,3.655
2023-10-31T11:00:00Z,0.850,3.700
2023-10-31T12:00:00Z,0.945,3.705
2023-10-31T13:00:00Z,0.995,3.770
2023-10-31T14:00:00Z,1.260,4.120
2023-10-31T15:00:00Z,1.560,4.410
2023-10-31T16:00:00Z,1.535,4.455
2023-10-31T17:00:00Z,1.390,4.280
2023-10-31T18:00:00Z,1.260,4.110
2023-10-31T19:00:00Z,1.165,3.960
2023-10-31T20:00:00Z,1.125,3.935
2023-10-31T21:00:00Z,1.090,3.745
2023-10-31T22:00:00Z,1.130,3.845
2023-10-31T23:00:00Z,1.205,4.115
2023-11-01T00:00:00Z,1.085,4.080
2023-11-01T01:00:00Z,0.865,3.585
2023-11-01T02:00:00Z,1.030,3.740
2023-11-01T03:00:00Z,1.470,4.375
2023-11-01T04:00:00Z,1.290,4.340
2023-11-01T05:00:00Z,1.260,4.495
2023-11-01T06:00:00Z,1.490,4.930
2023-11-01T07:00:00Z,1.100,4.605
2023-11-01T08:00:00Z,1.340,5.140
2023-11-01T09:00:00Z,1.485,4.810
2023-11-01T10:00:00Z,1.425,4.850
2023-11-01T11:00:00Z,1.465,4.870
2023-11-01T12:00:00Z,1.345,4.720
2023-11-01T13:00:00Z,1.245,4.600
2023-11-01T14:00:00Z,1.080,4.410
2023-11-01T15:00:00Z,1.000,4.500
2023-11-01T16:00:00Z,0.870,4.305
2023-11-01T17:00:00Z,0.785,3.970
2023-11-01T18:00:00Z,0.715,3.880
2023-11-01T19:00:00Z,0.700,3.850
2023-11-01T20:00:00Z,0.730,3.715
2023-11-01T21:00:00Z,0.715,3.585
2023-11-01T22:00:00Z,0.800,3.550
2023-11-01T23:00:00Z,0.895,3.595
2023-11-02T00:00:00Z,0.965,3.665
2023-11-02T01:00:00Z,1.015,3.680
2023-11-02T02:00:00Z,1.110,3.695
2023-11-02T03:00:00Z,1.235,3.925
2023-11-02T04:00:00Z,1.270,3.915
2023-11-02T05:00:00Z,1.440,4.115
2023-11-02T06:00:00Z,1.435,4.255
2023-11-02T07:00:00Z,1.415,4.255
2023-11-02T08:00:00Z,1.345,4.320
2023-11-02T09:00:00Z,1.355,4.350
2023-11-02T10:00:00Z,1.305,4.420
2023-11-02T11:00:00Z,1.375,4.595
2023-11-02T12:00:00Z,1.290,4.440
2023-11-02T13:00:00Z,1.295,4.370
2023-11-02T14:00:00Z,1.375,4.405
2023-11-02T15:00:00Z,1.355,4.345
2023-11-02T16:00:00Z,1.420,4.290
2023-11-02T17:00:00Z,1.375,4.225
2023-11-02T18:00:00Z,1.505,4.215
2023-11-02T19:00:00Z,1.565,4.260
2023-11-02T20:00:00Z,1.480,4.250
2023-11-02T21:00:00Z,1.460,4.225
2023-11-02T22:00:00Z,1.480,4.300
2023-11-02T23:00:00Z,1.375,4.200
2023-11-03T00:00:00Z,1.475,4.370
2023-11-03T01:00:00Z,1.485,4.490
2023-11-03T02:00:00Z,1.615,4.700
2023-11-03T03:00:00Z,1.730,4.835
2023-11-03T04:00:00Z,1.785,4.930
2023-11-03T05:00:00Z,1.855,5.025
2023-11-03T06:00:00Z,1.845,5.000
2023-11-03T07:00:00Z,1.910,5.030
2023-11-03T08:00:00Z,1.965,4.950
2023-11-03T09:00:00Z,1.890,4.855
2023-11-03T10:00:00Z,1.950,4.780
2023-11-03T11:00:00Z,1.850,4.690
2023-11-03T12:00:00Z,1.875,4.670
2023-11-03T13:00:00Z,1.805,4.610
2023-11-03T14:00:00Z,1.785,4.595
2023-11-03T15:00:00Z,1.700,4.535
2023-11-03T16:00:00Z,1.735,4.720
2023-11-03T17:00:00Z,1.705,4.640
2023-11-03T18:00:00Z,1.515,4.635
2023-11-03T19:00:00Z,1.525,4.755
2023-11-03T20:00:00Z,1.285,4.515
2023-11-03T21:00:00Z,1.130,4.480
2023-11-03T22:00:00Z,0.980,4.300
2023-11-03T23:00:00Z,0.905,4.265
2023-11-04T00:00:00Z,0.805,4.100
2023-11-04T01:00:00Z,0.725,3.865
2023-11-04T02:00:00Z,0.665,3.710
2023-11-04T03:00:00Z,0.595,3.485
2023-11-04T04:00:00Z,0.535,3.315
2023-11-04T05:00:00Z,0.515,3.320
2023-11-04T06:00:00Z,0.425,3.220
2023-11-04T07:00:00Z,0.345,3.140
2023-11-04T08:00:00Z,0.290,3.060
2023-11-04T09:00:00Z,0.245,2.995
2023-11-04T10:00:00Z,0.245,2.675
2023-11-04T11:00:00Z,0.325,2.570
2023-11-04T12:00:00Z,0.320,2.655
2023-11-04T13:00:00Z,0.350,2.940
2023-11-04T14:00:00Z,0.480,3.465
2023-11-04T15:00:00Z,0.790,4.155
2023-11-04T16:00:00Z,0.830,4.145
2023-11-04T17:00:00Z,0.695,3.960
2023-11-04T18:00:00Z,0.685,3.620
2023-11-04T19:00:00Z,0.715,3.630
2023-11-04T20:00:00Z,0.810,3.825
2023-11-04T21:00:00Z,0.850,3.945
2023-11-04T22:00:00Z,0.890,4.020
2023-11-04T23:00:00Z,0.875,4.115
2023-11-05T00:00:00Z,0.735,3.960
2023-11-05T01:00:00Z,0.705,3.860
2023-11-05T02:00:00Z,0.615,3.810
2023-11-05T03:00:00Z,0.565,3.570
2023-11-05T04:00:00Z,0.490,3.420
2023-11-05T05:00:00Z,0.460,3.505
2023-11-05T06:00:00Z,0.400,3.380
2023-11-05T07:00:00Z,0.355,3.310
2023-11-05T08:00:00Z,0.300,3.295
2023-11-05T09:00:00Z,0.265,3.205
2023-11-05T10:00:00Z,0.240,3.065
2023-11-05T11:00:00Z,0.220,2.880
2023-11-05T12:00:00Z,0.240,2.760
2023-11-05T13:00:00Z,0.275,2.710
2023-11-05T14:00:00Z,0.275,2.675
2023-11-05T15:00:00Z,0.365,2.740
2023-11-05T16:00:00Z,0.405,2.800
2023-11-05T17:00:00Z,0.445,2.925
2023-11-05T18:00:00Z,0.500,2.980
2023-11-05T19:00:00Z,0.540,3.025
2023-11-05T20:00:00Z,0.585,3.065
2023-11-05T21:00:00Z,0.655,3.260
2023-11-05T22:00:00Z,0.660,3.415
2023-11-05T23:00:00Z,0.610,3.450
2023-11-06T00:00:00Z,0.585,3.395
2023-11-06T01:00:00Z,0.520,3.295
2023-11-06T02:00:00Z,0.555,3.160
2023-11-06T03:00:00Z,0.620,3.255
2023-11-06T04:00:00Z,0.750,3.380
2023-11-06T05:00:00Z,0.915,3.650
2023-11-06T06:00:00Z,1.165,3.895
2023-11-06T07:00:00Z,1.240,4.005
2023-11-06T08:00:00Z,1.295,3.990
2023-11-06T09:00:00Z,1.400,4.065
2023-11-06T10:00:00Z,1.655,4.365
2023-11-06T11:00:00Z,2.135,4.815
2023-11-06T12:00:00Z,2.185,4.940
2023-11-06T13:00:00Z,2.280,5.170
2023-11-06T14:00:00Z,2.460,5.365
2023-11-06T15:00:00Z,2.330,5.435
2023-11-06T16:00:00Z,2.020,5.270
2023-11-06T17:00:00Z,1.765,5.135
2023-11-06T18:00:00Z,1.505,5.030
2023-11-06T19:00:00Z,1.245,4.570
2023-11-06T20:00:00Z,1.170,4.400
2023-11-06T21:00:00Z,1.080,4.260
2023-11-06T22:00:00Z,0.925,4.035
2023-11-06T23:00:00Z,0.840,3.810
2023-11-07T00:00:00Z,0.820,3.755
2023-11-07T01:00:00Z,0.875,3.690
2023-11-07T02:00:00Z,0.825,3.555
2023-11-07T03:00:00Z,0.880,3.575
2023-11-07T04:00:00Z,0.905,3.475
2023-11-07T05:00:00Z,1.045,3.645
2023-11-07T06:00:00Z,1.230,3.880
2023-11-07T07:00:00Z,1.365,4.060
2023-11-07T08:00:00Z,1.320,4.075
2023-11-07T09:00:00Z,1.195,3.940
2023-11-07T10:00:00Z,1.395,4.115
2023-11-07T11:00:00Z,1.250,4.105
2023-11-07T12:00:00Z,1.185,4.030
2023-11-07T13:00:00Z,1.190,4.145
2023-11-07T14:00:00Z,1.185,4.210
2023-11-07T15:00:00Z,1.115,4.230
2023-11-07T16:00:00Z,1.095,4.215
2023-11-07T17:00:00Z,1.080,4.260
2023-11-07T18:00:00Z,1.265,4.830
2023-11-07T19:00:00Z,1.135,4.640
2023-11-07T20:00:00Z,1.080,4.515
2023-11-07T21:00:00Z,1.080,4.615
2023-11-07T22:00:00Z,1.035,4.535
2023-11-07T23:00:00Z,1.015,4.435
2023-11-08T00:00:00Z,1.065,4.355
2023-11-08T01:00:00Z,1.010,4.315
2023-11-08T02:00:00Z,0.950,4.235
2023-11-08T03:00:00Z,0.925,4.085
2023-11-08T04:00:00Z,0.935,3.900
2023-11-08T05:00:00Z,1.045,3.835
2023-11-08T06:00:00Z,1.165,3.910
2023-11-08T07:00:00Z,1.335,4.055
2023-11-08T08:00:00Z,1.520,4.115
2023-11-08T09:00:00Z,1.705,4.290
2023-11-08T10:00:00Z,1.820,4.490
2023-11-08T11:00:00Z,1.790,4.495
2023-11-08T12:00:00Z,1.775,4.495
2023-11-08T13:00:00Z,1.785,4.615
2023-11-08T14:00:00Z,1.910,4.680
2023-11-08T15:00:00Z,1.895,4.655
2023-11-08T16:00:00Z,1.925,4.835
2023-11-08T17:00:00Z,2.185,5.115
2023-11-08T18:00:00Z,1.895,4.930
2023-11-08T19:00:00Z,1.830,4.995
2023-11-08T20:00:00Z,1.705,4.905
2023-11-08T21:00:00Z,1.360,4.560
2023-11-08T22:00:00Z,1.310,4.485
2023-11-08T23:00:00Z,1.065,4.235
2023-11-09T00:00:00Z,0.935,3.985
2023-11-09T01:00:00Z,0.795,3.720
2023-11-09T02:00:00Z,0.625,3.310
2023-11-09T03:00:00Z,0.575,3.105
2023-11-09T04:00:00Z,0.590,3.130
2023-11-09T05:00:00Z,0.655,3.230
2023-11-09T06:00:00Z,1.025,3.760
2023-11-09T07:00:00Z,1.380,4.325
2023-11-09T08:00:00Z,1.660,4.645
2023-11-09T09:00:00Z,1.780,4.770
2023-11-09T10:00:00Z,1.740,4.635
2023-11-09T11:00:00Z,1.855,4.715
2023-11-09T12:00:00Z,1.790,4.565
2023-11-09T13:00:00Z,1.695,4.465
2023-11-09T14:00:00Z,1.525,4.490
2023-11-09T15:00:00Z,1.350,4.315
2023-11-09T16:00:00Z,1.225,4.335
2023-11-09T17:00:00Z,1.140,4.080
2023-11-09T18:00:00Z,1.355,4.245
2023-11-09T19:00:00Z,1.495,4.435
2023-11-09T20:00:00Z,1.620,4.575
2023-11-09T21:00:00Z,1.635,4.625
2023-11-09T22:00:00Z,1.635,4.650
2023-11-09T23:00:00Z,1.595,4.550
2023-11-10T00:00:00Z,1.505,4.400
2023-11-10T01:00:00Z,1.380,4.205
2023-11-10T02:00:00Z,1.095,3.910
2023-11-10T03:00:00Z,0.945,3.665
2023-11-10T04:00:00Z,0.790,3.545
2023-11-10T05:00:00Z,0.715,3.480
2023-11-10T06:00:00Z,0.670,3.415
2023-11-10T07:00:00Z,0.700,3.355
2023-11-10T08:00:00Z,0.890,3.530
2023-11-10T09:00:00Z,1.180,3.935
2023-11-10T10:00:00Z,1.295,4.160
2023-11-10T11:00:00Z,1.065,3.900
2023-11-10T12:00:00Z,1.085,3.975
2023-11-10T13:00:00Z,1.100,3.975
2023-11-10T14:00:00Z,1.140,3.995
2023-11-10T15:00:00Z,1.065,3.995
2023-11-10T16:00:00Z,1.055,3.995
2023-11-10T17:00:00Z,0.985,3.895
2023-11-10T18:00:00Z,0.985,3.835
2023-11-10T19:00:00Z,0.985,3.840
2023-11-10T20:00:00Z,0.955,3.800
2023-11-10T21:00:00Z,0.960,3.735
2023-11-10T22:00:00Z,1.020,3.705
2023-11-10T23:00:00Z,1.045,3.750
2023-11-11T00:00:00Z,0.985,3.735
2023-11-11T01:00:00Z,1.020,3.795
2023-11-11T02:00:00Z,0.980,3.725
2023-11-11T03:00:00Z,0.920,3.695
2023-11-11T04:00:00Z,0.875,3.760
2023-11-11T05:00:00Z,0.805,3.655
2023-11-11T06:00:00Z,0.780,3.670
2023-11-11T07:00:00Z,0.720,3.730
2023-11-11T08:00:00Z,0.695,3.695
2023-11-11T09:00:00Z,0.600,3.615
2023-11-11T10:00:00Z,0.540,3.495
2023-11-11T11:00:00Z,0.480,3.495
2023-11-11T12:00:00Z,0.455,3.515
2023-11-11T13:00:00Z,0.390,3.515
2023-11-11T14:00:00Z,0.415,3.520
2023-11-11T15:00:00Z,0.425,3.625
2023-11-11T16:00:00Z,0.415,3.550
2023-11-11T17:00:00Z,0.370,3.540
2023-11-11T18:00:00Z,0.330,3.580
2023-11-11T19:00:00Z,0.310,3.475
2023-11-11T20:00:00Z,0.270,3.265
2023-11-11T21:00:00Z,0.255,2.905
2023-11-11T22:00:00Z,0.265,2.730
2023-11-11T23:00:00Z,0.240,2.690
2023-11-12T00:00:00Z,0.210,2.660
2023-11-12T01:00:00Z,0.205,2.580
2023-11-12T02:00:00Z,0.265,2.425
2023-11-12T03:00:00Z,0.370,2.550
2023-11-12T04:00:00Z,0.430,2.705
2023-11-12T05:00:00Z,0.505,2.875
2023-11-12T06:00:00Z,0.570,3.035
2023-11-12T07:00:00Z,0.765,3.295
2023-11-12T08:00:00Z,0.875,3.475
2023-11-12T09:00:00Z,1.035,3.725
2023-11-12T10:00:00Z,1.225,3.970
2023-11-12T11:00:00Z,1.490,4.305
2023-11-12T12:00:00Z,1.695,4.575
2023-11-12T13:00:00Z,1.770,4.730
2023-11-12T14:00:00Z,1.745,4.755
2023-11-12T15:00:00Z,1.785,4.800
2023-11-12T16:00:00Z,1.750,4.745
2023-11-12T17:00:00Z,1.855,4.885
2023-11-12T18:00:00Z,1.835,4.795
2023-11-12T19:00:00Z,1.785,4.680
2023-11-12T20:00:00Z,1.615,4.440
2023-11-12T21:00:00Z,1.500,4.400
2023-11-12T22:00:00Z,1.355,4.260
2023-11-12T23:00:00Z,1.175,3.940
2023-11-13T00:00:00Z,1.250,3.980
2023-11-13T01:00:00Z,1.210,3.975
2023-11-13T02:00:00Z,1.305,4.090
2023-11-13T03:00:00Z,1.420,4.270
2023-11-13T04:00:00Z,1.370,4.275
2023-11-13T05:00:00Z,1.350,4.255
2023-11-13T06:00:00Z,1.265,4.175
2023-11-13T07:00:00Z,1.145,4.010
2023-11-13T08:00:00Z,1.290,4.135
2023-11-13T09:00:00Z,1.330,4.190
2023-11-13T10:00:00Z,1.190,4.055
2023-11-13T11:00:00Z,1.195,4.055
2023-11-13T12:00:00Z,1.150,3.990
2023-11-13T13:00:00Z,1.095,4.015
2023-11-13T14:00:00Z,1.000,3.905
2023-11-13T15:00:00Z,0.890,3.700
2023-11-13T16:00:00Z,0.935,3.745
2023-11-13T17:00:00Z,1.020,3.905
2023-11-13T18:00:00Z,0.940,3.815
2023-11-13T19:00:00Z,0.920,3.880
2023-11-13T20:00:00Z,0.680,3.630
2023-11-13T21:00:00Z,0.575,3.550
2023-11-13T22:00:00Z,0.495,3.315
2023-11-13T23:00:00Z,0.450,3.335
2023-11-14T00:00:00Z,0.385,3.150
2023-11-14T01:00:00Z,0.360,3.025
2023-11-14T02:00:00Z,0.385,3.090
2023-11-14T03:00:00Z,0.420,3.135
2023-11-14T04:00:00Z,0.445,3.250
2023-11-14T05:00:00Z,0.450,3.255
2023-11-14T06:00:00Z,0.410,3.335
2023-11-14T07:00:00Z,0.410,3.300
2023-11-14T08:00:00Z,0.385,3.395
2023-11-14T09:00:00Z,0.390,3.585
2023-11-14T10:00:00Z,0.355,3.340
2023-11-14T11:00:00Z,0.340,3.410
2023-11-14T12:00:00Z,0.305,3.385
2023-11-14T13:00:00Z,0.275,3.330
2023-11-14T14:00:00Z,0.235,3.025
2023-11-14T15:00:00Z,0.310,2.585
2023-11-14T16:00:00Z,0.465,2.805
2023-11-14T17:00:00Z,0.585,3.100
2023-11-14T18:00:00Z,0.755,3.350
2023-11-14T19:00:00Z,0.795,3.515
2023-11-14T20:00:00Z,0.840,3.585
2023-11-14T21:00:00Z,0.785,3.685
2023-11-14T22:00:00Z,0.715,3.610
2023-11-14T23:00:00Z,0.660,3.535
2023-11-15T00:00:00Z,0.570,3.365
2023-11-15T01:00:00Z,0.475,3.040
2023-11-15T02:00:00Z,0.505,2.925
2023-11-15T03:00:00Z,0.530,2.895
2023-11-15T04:00:00Z,0.585,2.990
2023-11-15T05:00:00Z,0.665,3.140
2023-11-15T06:00:00Z,0.825,3.340
2023-11-15T07:00:00Z,0.855,3.485
2023-11-15T08:00:00Z,0.890,3.520
2023-11-15T09:00:00Z,0.900,3.540
2023-11-15T10:00:00Z,1.040,3.790
2023-11-15T11:00:00Z,1.110,3.955
2023-11-15T12:00:00Z,1.185,4.040
2023-11-15T13:00:00Z,1.120,3.940
2023-11-15T14:00:00Z,1.170,4.080
2023-11-15T15:00:00Z,1.160,4.100
2023-11-15T16:00:00Z,1.030,4.100
2023-11-15T17:00:00Z,0.950,4.110
2023-11-15T18:00:00Z,0.855,3.965
2023-11-15T19:00:00Z,0.730,3.855
2023-11-15T20:00:00Z,0.680,3.775
2023-11-15T21:00:00Z,0.540,3.625
2023-11-15T22:00:00Z,0.505,3.535
2023-11-15T23:00:00Z,0.400,3.280
2023-11-16T00:00:00Z,0.335,3.120
2023-11-16T01:00:00Z,0.270,3.015
2023-11-16T02:00:00Z,0.220,2.910
2023-11-16T03:00:00Z,0.175,2.790
2023-11-16T04:00:00Z,0.155,2.715
2023-11-16T05:00:00Z,0.120,2.725
2023-11-16T06:00:00Z,0.100,2.610
2023-11-16T07:00:00Z,0.125,2.410
2023-11-16T08:00:00Z,0.140,2.320
2023-11-16T09:00:00Z,0.235,2.415
2023-11-16T10:00:00Z,0.295,2.585
2023-11-16T11:00:00Z,0.405,2.770
2023-11-16T12:00:00Z,0.485,2.940
2023-11-16T13:00:00Z,0.525,3.050
2023-11-16T14:00:00Z,0.645,3.145
2023-11-16T15:00:00Z,0.805,3.320
2023-11-16T16:00:00Z,0.890,3.440
2023-11-16T17:00:00Z,1.075,3.745
2023-11-16T18:00:00Z,1.150,3.850
2023-11-16T19:00:00Z,1.020,3.815
2023-11-16T20:00:00Z,0.960,3.715
2023-11-16T21:00:00Z,0.870,3.565
2023-11-16T22:00:00Z,0.980,3.640
2023-11-16T23:00:00Z,0.995,3.700
2023-11-17T00:00:00Z,1.125,3.870
2023-11-17T01:00:00Z,1.335,4.140
2023-11-17T02:00:00Z,1.270,4.140
2023-11-17T03:00:00Z,1.335,4.250
2023-11-17T04:00:00Z,1.425,4.295
2023-11-17T05:00:00Z,1.185,4.185
2023-11-17T06:00:00Z,1.085,4.070
2023-11-17T07:00:00Z,0.925,3.905
2023-11-17T08:00:00Z,0.940,3.880
2023-11-17T09:00:00Z,0.830,3.705
2023-11-17T10:00:00Z,0.775,3.565
2023-11-17T11:00:00Z,1.020,3.575
2023-11-17T12:00:00Z,1.555,4.295
2023-11-17T13:00:00Z,1.970,4.825
2023-11-17T14:00:00Z,2.215,5.185
2023-11-17T15:00:00Z,2.400,5.435
2023-11-17T16:00:00Z,2.220,5.465
2023-11-17T17:00:00Z,2.030,5.225
2023-11-17T18:00:00Z,1.815,5.050
2023-11-17T19:00:00Z,1.700,4.955
2023-11-17T20:00:00Z,1.560,4.815
2023-11-17T21:00:00Z,1.500,4.825
2023-11-17T22:00:00Z,1.365,4.710
2023-11-17T23:00:00Z,1.265,4.725
2023-11-18T00:00:00Z,1.170,4.605
2023-11-18T01:00:00Z,1.045,4.535
2023-11-18T02:00:00Z,0.990,4.395
2023-11-18T03:00:00Z,0.915,4.280
2023-11-18T04:00:00Z,0.820,4.095
2023-11-18T05:00:00Z,0.770,4.020
2023-11-18T06:00:00Z,0.680,4.035
2023-11-18T07:00:00Z,0.605,3.815
2023-11-18T08:00:00Z,0.565,3.670
2023-11-18T09:00:00Z,0.500,3.495
2023-11-18T10:00:00Z,0.470,3.420
2023-11-18T11:00:00Z,0.440,3.240
2023-11-18T12:00:00Z,0.440,3.080
2023-11-18T13:00:00Z,0.525,3.075
2023-11-18T14:00:00Z,0.695,3.305
2023-11-18T15:00:00Z,0.870,3.520
2023-11-18T16:00:00Z,1.085,3.805
2023-11-18T17:00:00Z,1.090,3.840
2023-11-18T18:00:00Z,1.150,3.875
2023-11-18T19:00:00Z,1.165,3.920
2023-11-18T20:00:00Z,1.010,3.805
2023-11-18T21:00:00Z,0.910,3.675
2023-11-18T22:00:00Z,0.835,3.690
2023-11-18T23:00:00Z,0.805,3.620
2023-11-19T00:00:00Z,0.745,3.520
2023-11-19T01:00:00Z,0.720,3.480
2023-11-19T02:00:00Z,0.760,3.505
2023-11-19T03:00:00Z,0.705,3.395
2023-11-19T04:00:00Z,0.715,3.445
2023-11-19T05:00:00Z,0.665,3.410
2023-11-19T06:00:00Z,0.610,3.290
2023-11-19T07:00:00Z,0.660,3.260
2023-11-19T08:00:00Z,0.715,3.420
2023-11-19T09:00:00Z,0.750,3.470
2023-11-19T10:00:00Z,0.820,3.580
2023-11-19T11:00:00Z,0.810,3.630
2023-11-19T12:00:00Z,0.725,3.540
2023-11-19T13:00:00Z,0.750,3.660
2023-11-19T14:00:00Z,0.685,3.670
2023-11-19T15:00:00Z,0.695,3.785
2023-11-19T16:00:00Z,0.610,3.640
2023-11-19T17:00:00Z,0.560,3.545
2023-11-19T18:00:00Z,0.515,3.595
2023-11-19T19:00:00Z,0.465,3.600
2023-11-19T20:00:00Z,0.465,3.595
2023-11-19T21:00:00Z,0.435,3.605
2023-11-19T22:00:00Z,0.385,3.500
2023-11-19T23:00:00Z,0.415,3.205
2023-11-20T00:00:00Z,0.505,3.085
2023-11-20T01:00:00Z,0.585,3.070
2023-11-20T02:00:00Z,0.655,3.315
2023-11-20T03:00:00Z,0.670,3.340
2023-11-20T04:00:00Z,0.725,3.390
2023-11-20T05:00:00Z,0.780,3.450
2023-11-20T06:00:00Z,0.925,3.550
2023-11-20T07:00:00Z,0.990,3.625
2023-11-20T08:00:00Z,1.265,3.970
2023-11-20T09:00:00Z,1.375,4.135
2023-11-20T10:00:00Z,1.550,4.380
2023-11-20T11:00:00Z,1.470,4.345
2023-11-20T12:00:00Z,1.390,4.255
2023-11-20T13:00:00Z,1.305,4.210
2023-11-20T14:00:00Z,1.315,4.135
2023-11-20T15:00:00Z,1.400,4.160
2023-11-20T16:00:00Z,1.420,4.215
2023-11-20T17:00:00Z,1.470,4.290
2023-11-20T18:00:00Z,1.390,4.165
2023-11-20T19:00:00Z,1.335,4.170
2023-11-20T20:00:00Z,1.355,4.165
2023-11-20T21:00:00Z,1.305,4.105
2023-11-20T22:00:00Z,1.435,4.280
2023-11-20T23:00:00Z,1.560,4.420
2023-11-21T00:00:00Z,1.660,4.445
2023-11-21T01:00:00Z,1.525,4.440
2023-11-21T02:00:00Z,1.705,4.555
2023-11-21T03:00:00Z,1.575,4.510
2023-11-21T04:00:00Z,1.425,4.275
2023-11-21T05:00:00Z,1.550,4.375
2023-11-21T06:00:00Z,1.555,4.440
2023-11-21T07:00:00Z,1.600,4.535
2023-11-21T08:00:00Z,1.415,4.295
2023-11-21T09:00:00Z,1.330,4.230
2023-11-21T10:00:00Z,1.365,4.250
2023-11-21T11:00:00Z,1.440,4.330
2023-11-21T12:00:00Z,1.320,4.330
2023-11-21T13:00:00Z,1.170,4.175
2023-11-21T14:00:00Z,1.010,3.895
2023-11-21T15:00:00Z,0.920,3.875
2023-11-21T16:00:00Z,0.800,3.835
2023-11-21T17:00:00Z,0.735,3.760
2023-11-21T18:00:00Z,0.675,3.320
2023-11-21T19:00:00Z,0.715,3.375
2023-11-21T20:00:00Z,0.845,3.440
2023-11-21T21:00:00Z,1.010,3.645
2023-11-21T22:00:00Z,1.560,4.335
2023-11-21T23:00:00Z,1.885,4.620
2023-11-22T00:00:00Z,2.065,5.010
2023-11-22T01:00:00Z,2.075,5.125
2023-11-22T02:00:00Z,2.135,5.175
2023-11-22T03:00:00Z,2.110,5.315
2023-11-22T04:00:00Z,1.975,5.160
2023-11-22T05:00:00Z,1.765,5.010
2023-11-22T06:00:00Z,1.655,4.930
2023-11-22T07:00:00Z,1.475,4.770
2023-11-22T08:00:00Z,1.370,4.810
2023-11-22T09:00:00Z,1.305,4.690
2023-11-22T10:00:00Z,1.315,4.550
2023-11-22T11:00:00Z,1.220,4.430
2023-11-22T12:00:00Z,1.155,4.325
2023-11-22T13:00:00Z,1.115,4.245
2023-11-22T14:00:00Z,1.105,4.155
2023-11-22T15:00:00Z,1.060,4.055
2023-11-22T16:00:00Z,1.010,4.060
2023-11-22T17:00:00Z,0.930,3.955
2023-11-22T18:00:00Z,0.835,3.960
2023-11-22T19:00:00Z,0.705,3.775
2023-11-22T20:00:00Z,0.645,3.525
2023-11-22T21:00:00Z,0.710,3.440
2023-11-22T22:00:00Z,0.815,3.510
2023-11-22T23:00:00Z,0.905,3.595
2023-11-23T00:00:00Z,1.135,3.825
2023-11-23T01:00:00Z,1.230,3.985
2023-11-23T02:00:00Z,1.395,4.195
2023-11-23T03:00:00Z,1.535,4.350
2023-11-23T04:00:00Z,1.550,4.380
2023-11-23T05:00:00Z,1.640,4.490
2023-11-23T06:00:00Z,1.670,4.600
2023-11-23T07:00:00Z,1.830,4.625
2023-11-23T08:00:00Z,1.670,4.595
2023-11-23T09:00:00Z,1.630,4.700
2023-11-23T10:00:00Z,1.500,4.470
2023-11-23T11:00:00Z,1.435,4.455
2023-11-23T12:00:00Z,1.420,4.365
2023-11-23T13:00:00Z,1.265,4.295
2023-11-23T14:00:00Z,1.105,4.040
2023-11-23T15:00:00Z,1.060,3.965
2023-11-23T16:00:00Z,0.950,3.785
2023-11-23T17:00:00Z,0.990,3.745
2023-11-23T18:00:00Z,1.120,3.940
2023-11-23T19:00:00Z,1.295,4.155
2023-11-23T20:00:00Z,1.425,4.485
2023-11-23T21:00:00Z,1.425,4.510
2023-11-23T22:00:00Z,1.465,4.710
2023-11-23T23:00:00Z,1.410,4.595
2023-11-24T00:00:00Z,1.380,4.615
2023-11-24T01:00:00Z,1.320,4.610
2023-11-24T02:00:00Z,1.250,4.460
2023-11-24T03:00:00Z,1.175,4.315
2023-11-24T04:00:00Z,1.050,4.245
2023-11-24T05:00:00Z,1.075,4.320
2023-11-24T06:00:00Z,1.020,4.230
2023-11-24T07:00:00Z,0.980,3.940
2023-11-24T08:00:00Z,1.070,3.930
2023-11-24T09:00:00Z,1.205,4.005
2023-11-24T10:00:00Z,1.410,4.385
2023-11-24T11:00:00Z,1.425,4.510
2023-11-24T12:00:00Z,1.425,4.500
2023-11-24T13:00:00Z,1.450,4.585
2023-11-24T14:00:00Z,1.600,4.725
2023-11-24T15:00:00Z,1.580,4.705
2023-11-24T16:00:00Z,1.660,4.795
2023-11-24T17:00:00Z,1.685,4.750
2023-11-24T18:00:00Z,1.645,4.845
2023-11-24T19:00:00Z,1.525,4.710
2023-11-24T20:00:00Z,1.485,4.805
2023-11-24T21:00:00Z,1.470,4.805
2023-11-24T22:00:00Z,1.420,4.815
2023-11-24T23:00:00Z,1.185,4.510
2023-11-25T00:00:00Z,1.255,4.630
2023-11-25T01:00:00Z,1.055,4.455
2023-11-25T02:00:00Z,0.975,4.405
2023-11-25T03:00:00Z,0.890,4.390
2023-11-25T04:00:00Z,0.840,4.445
2023-11-25T05:00:00Z,0.680,4.260
2023-11-25T06:00:00Z,0.640,4.305
2023-11-25T07:00:00Z,0.575,4.200
2023-11-25T08:00:00Z,0.530,4.095
2023-11-25T09:00:00Z,0.475,3.925
2023-11-25T10:00:00Z,0.445,3.770
2023-11-25T11:00:00Z,0.430,3.655
2023-11-25T12:00:00Z,0.410,3.330
2023-11-25T13:00:00Z,0.395,3.270
2023-11-25T14:00:00Z,0.480,3.090
2023-11-25T15:00:00Z,0.565,3.085
2023-11-25T16:00:00Z,0.685,3.180
2023-11-25T17:00:00Z,0.570,3.125
2023-11-25T18:00:00Z,0.525,3.110
2023-11-25T19:00:00Z,0.465,3.070
2023-11-25T20:00:00Z,0.440,3.020
2023-11-25T21:00:00Z,0.435,3.015
2023-11-25T22:00:00Z,0.400,2.950
2023-11-25T23:00:00Z,0.365,3.005
2023-11-26T00:00:00Z,0.305,2.870
2023-11-26T01:00:00Z,0.305,2.685
2023-11-26T02:00:00Z,0.325,2.680
2023-11-26T03:00:00Z,0.320,2.655
2023-11-26T04:00:00Z,0.410,2.815
2023-11-26T05:00:00Z,0.445,2.980
2023-11-26T06:00:00Z,0.525,3.140
2023-11-26T07:00:00Z,0.510,3.270
2023-11-26T08:00:00Z,0.485,3.205
2023-11-26T09:00:00Z,0.415,3.090
2023-11-26T10:00:00Z,0.450,3.085
2023-11-26T11:00:00Z,0.425,3.070
2023-11-26T12:00:00Z,0.385,3.045
2023-11-26T13:00:00Z,0.370,2.975
2023-11-26T14:00:00Z,0.405,3.035
2023-11-26T15:00:00Z,0.370,2.940
2023-11-26T16:00:00Z,0.365,2.840
2023-11-26T17:00:00Z,0.395,2.830
2023-11-26T18:00:00Z,0.520,2.905
2023-11-26T19:00:00Z,0.690,3.110
2023-11-26T20:00:00Z,0.685,3.175
2023-11-26T21:00:00Z,0.730,3.210
2023-11-26T22:00:00Z,0.770,3.320
2023-11-26T23:00:00Z,0.945,3.490
2023-11-27T00:00:00Z,1.215,3.815
2023-11-27T01:00:00Z,1.365,4.085
2023-11-27T02:00:00Z,1.435,4.200
2023-11-27T03:00:00Z,1.815,4.545
2023-11-27T04:00:00Z,1.960,4.720
2023-11-27T05:00:00Z,1.965,4.825
2023-11-27T06:00:00Z,2.135,4.895
2023-11-27T07:00:00Z,2.070,4.900
2023-11-27T08:00:00Z,2.160,4.980
2023-11-27T09:00:00Z,2.140,4.975
2023-11-27T10:00:00Z,2.215,5.115
2023-11-27T11:00:00Z,2.090,4.975
2023-11-27T12:00:00Z,1.980,4.920
2023-11-27T13:00:00Z,1.925,4.775
2023-11-27T14:00:00Z,1.800,4.705
2023-11-27T15:00:00Z,1.790,4.740
2023-11-27T16:00:00Z,1.650,4.635
2023-11-27T17:00:00Z,1.545,4.490
2023-11-27T18:00:00Z,1.645,4.570
2023-11-27T19:00:00Z,1.595,4.495
2023-11-27T20:00:00Z,1.455,4.305
2023-11-27T21:00:00Z,1.425,4.300
2023-11-27T22:00:00Z,1.365,4.150
2023-11-27T23:00:00Z,1.420,4.195
2023-11-28T00:00:00Z,1.550,4.295
2023-11-28T01:00:00Z,1.635,4.380
2023-11-28T02:00:00Z,1.975,4.720
2023-11-28T03:00:00Z,2.005,4.815
2023-11-28T04:00:00Z,2.140,4.885
2023-11-28T05:00:00Z,2.045,4.915
2023-11-28T06:00:00Z,1.830,4.740
2023-11-28T07:00:00Z,1.925,4.830
2023-11-28T08:00:00Z,1.770,4.725
2023-11-28T09:00:00Z,1.975,4.940
2023-11-28T10:00:00Z,2.345,5.275
2023-11-28T11:00:00Z,2.440,5.490
2023-11-28T12:00:00Z,2.295,5.390
2023-11-28T13:00:00Z,2.160,5.240
2023-11-28T14:00:00Z,1.860,4.950
2023-11-28T15:00:00Z,1.835,5.000
2023-11-28T16:00:00Z,1.705,4.870
2023-11-28T17:00:00Z,1.500,4.650
2023-11-28T18:00:00Z,1.370,4.480
2023-11-28T19:00:00Z,1.285,4.440
2023-11-28T20:00:00Z,1.180,4.450
2023-11-28T21:00:00Z,1.110,4.230
2023-11-28T22:00:00Z,1.080,4.100
2023-11-28T23:00:00Z,1.150,4.070
2023-11-29T00:00:00Z,1.165,3.980
2023-11-29T01:00:00Z,1.310,4.065
2023-11-29T02:00:00Z,1.315,4.060
2023-11-29T03:00:00Z,1.460,4.310
2023-11-29T04:00:00Z,1.400,4.255
2023-11-29T05:00:00Z,1.560,4.385
2023-11-29T06:00:00Z,1.605,4.440
2023-11-29T07:00:00Z,1.745,4.560
2023-11-29T08:00:00Z,1.885,4.735
2023-11-29T09:00:00Z,2.075,4.970
2023-11-29T10:00:00Z,2.120,4.955
2023-11-29T11:00:00Z,2.200,5.140
2023-11-29T12:00:00Z,1.965,5.045
2023-11-29T13:00:00Z,1.815,4.810
2023-11-29T14:00:00Z,1.575,4.565
2023-11-29T15:00:00Z,1.440,4.425
2023-11-29T16:00:00Z,1.305,4.240
2023-11-29T17:00:00Z,1.200,4.120
2023-11-29T18:00:00Z,1.085,3.870
2023-11-29T19:00:00Z,1.020,3.885
2023-11-29T20:00:00Z,0.950,3.765
2023-11-29T21:00:00Z,0.900,3.645
2023-11-29T22:00:00Z,0.955,3.725
2023-11-29T23:00:00Z,0.970,3.680
2023-11-30T00:00:00Z,1.015,3.735
2023-11-30T01:00:00Z,1.085,3.805
2023-11-30T02:00:00Z,1.135,3.910
2023-11-30T03:00:00Z,1.185,3.950
2023-11-30T04:00:00Z,1.065,3.885
2023-11-30T05:00:00Z,1.125,3.945
2023-11-30T06:00:00Z,1.155,4.050
2023-11-30T07:00:00Z,1.115,3.935
2023-11-30T08:00:00Z,1.070,4.025
2023-11-30T09:00:00Z,1.025,3.840
2023-11-30T10:00:00Z,1.050,3.900
2023-11-30T11:00:00Z,1.150,3.980
2023-11-30T12:00:00Z,1.060,3.900
2023-11-30T13:00:00Z,1.225,3.995
2023-11-30T14:00:00Z,1.395,4.230
2023-11-30T15:00:00Z,1.415,4.170
2023-11-30T16:00:00Z,1.580,4.415
2023-11-30T17:00:00Z,1.645,4.420
2023-11-30T18:00:00Z,1.575,4.475
2023-11-30T19:00:00Z,1.405,4.375
2023-11-30T20:00:00Z,1.120,4.050
2023-11-30T21:00:00Z,1.015,4.050
2023-11-30T22:00:00Z,0.925,3.855
2023-11-30T23:00:00Z,0.930,3.835
2023-12-01T00:00:00Z,0.850,3.845
2023-12-01T01:00:00Z,0.725,3.645
2023-12-01T02:00:00Z,0.665,3.565
2023-12-01T03:00:00Z,0.560,3.345
2023-12-01T04:00:00Z,0.490,3.170
2023-12-01T05:00:00Z,0.455,3.130
2023-12-01T06:00:00Z,0.440,3.010
2023-12-01T07:00:00Z,0.470,2.900
2023-12-01T08:00:00Z,0.570,3.035
2023-12-01T09:00:00Z,0.720,3.265
2023-12-01T10:00:00Z,0.845,3.495
2023-12-01T11:00:00Z,1.120,3.865
2023-12-01T12:00:00Z,1.180,4.000
2023-12-01T13:00:00Z,1.100,3.965
2023-12-01T14:00:00Z,1.215,4.050
2023-12-01T15:00:00Z,1.250,4.180
2023-12-01T16:00:00Z,1.185,4.245
2023-12-01T17:00:00Z,1.120,4.225
2023-12-01T18:00:00Z,1.120,4.345
2023-12-01T19:00:00Z,1.085,4.285
2023-12-01T20:00:00Z,1.060,4.070
2023-12-01T21:00:00Z,0.970,3.840
2023-12-01T22:00:00Z,1.010,3.825
2023-12-01T23:00:00Z,0.870,3.685
2023-12-02T00:00:00Z,0.870,3.730
2023-12-02T01:00:00Z,0.930,3.805
2023-12-02T02:00:00Z,1.065,4.060
2023-12-02T03:00:00Z,1.160,4.205
2023-12-02T04:00:00Z,1.130,4.240
2023-12-02T05:00:00Z,1.045,4.255
2023-12-02T06:00:00Z,1.010,4.255
2023-12-02T07:00:00Z,0.980,4.140
2023-12-02T08:00:00Z,0.975,4.005
2023-12-02T09:00:00Z,0.925,3.960
2023-12-02T10:00:00Z,0.935,3.855
2023-12-02T11:00:00Z,0.915,3.790
2023-12-02T12:00:00Z,0.930,3.900
2023-12-02T13:00:00Z,0.995,4.025
2023-12-02T14:00:00Z,0.955,4.020
2023-12-02T15:00:00Z,0.970,4.100
2023-12-02T16:00:00Z,0.865,3.985
2023-12-02T17:00:00Z,0.820,3.920
2023-12-02T18:00:00Z,0.780,3.790
2023-12-02T19:00:00Z,0.705,3.635
2023-12-02T20:00:00Z,0.650,3.535
2023-12-02T21:00:00Z,0.615,3.475
2023-12-02T22:00:00Z,0.575,3.425
2023-12-02T23:00:00Z,0.555,3.430
2023-12-03T00:00:00Z,0.570,3.455
2023-12-03T01:00:00Z,0.655,3.430
2023-12-03T02:00:00Z,0.750,3.455
2023-12-03T03:00:00Z,0.780,3.450
2023-12-03T04:00:00Z,0.870,3.540
2023-12-03T05:00:00Z,0.955,3.765
2023-12-03T06:00:00Z,0.945,3.640
2023-12-03T07:00:00Z,0.940,3.685
2023-12-03T08:00:00Z,0.955,3.695
2023-12-03T09:00:00Z,0.940,3.695
2023-12-03T10:00:00Z,0.985,3.690
2023-12-03T11:00:00Z,0.905,3.685
2023-12-03T12:00:00Z,0.880,3.755
2023-12-03T13:00:00Z,0.840,3.765
2023-12-03T14:00:00Z,0.765,3.560
2023-12-03T15:00:00Z,0.725,3.550
2023-12-03T16:00:00Z,0.665,3.450
2023-12-03T17:00:00Z,0.560,3.100
2023-12-03T18:00:00Z,0.485,2.975
2023-12-03T19:00:00Z,0.550,2.990
2023-12-03T20:00:00Z,0.680,3.180
2023-12-03T21:00:00Z,0.890,3.535
2023-12-03T22:00:00Z,1.035,3.705
2023-12-03T23:00:00Z,1.080,3.760
2023-12-04T00:00:00Z,1.115,3.820
2023-12-04T01:00:00Z,1.075,3.905
2023-12-04T02:00:00Z,1.080,3.905
2023-12-04T03:00:00Z,1.000,3.845
2023-12-04T04:00:00Z,1.095,3.930
2023-12-04T05:00:00Z,1.025,3.885
2023-12-04T06:00:00Z,1.065,4.075
2023-12-04T07:00:00Z,1.065,4.185
2023-12-04T08:00:00Z,1.055,4.190
2023-12-04T09:00:00Z,1.140,4.365
2023-12-04T10:00:00Z,1.090,4.410
2023-12-04T11:00:00Z,0.960,4.300
2023-12-04T12:00:00Z,1.000,4.260
2023-12-04T13:00:00Z,0.935,4.120
2023-12-04T14:00:00Z,0.905,3.925
2023-12-04T15:00:00Z,0.865,3.890
2023-12-04T16:00:00Z,0.785,3.825
2023-12-04T17:00:00Z,0.770,3.775
2023-12-04T18:00:00Z,0.700,3.610
2023-12-04T19:00:00Z,0.650,3.560
2023-12-04T20:00:00Z,0.655,3.475
2023-12-04T21:00:00Z,0.645,3.585
2023-12-04T22:00:00Z,0.560,3.670
2023-12-04T23:00:00Z,0.555,3.570
2023-12-05T00:00:00Z,0.525,3.355
2023-12-05T01:00:00Z,0.525,3.415
2023-12-05T02:00:00Z,0.525,3.255
2023-12-05T03:00:00Z,0.470,3.260
2023-12-05T04:00:00Z,0.435,3.270
2023-12-05T05:00:00Z,0.415,3.205
2023-12-05T06:00:00Z,0.345,3.210
2023-12-05T07:00:00Z,0.345,3.280
2023-12-05T08:00:00Z,0.355,3.100
2023-12-05T09:00:00Z,0.355,2.975
2023-12-05T10:00:00Z,0.360,3.105
2023-12-05T11:00:00Z,0.390,3.150
2023-12-05T12:00:00Z,0.360,3.230
2023-12-05T13:00:00Z,0.410,3.335
2023-12-05T14:00:00Z,0.390,3.370
2023-12-05T15:00:00Z,0.350,3.365
2023-12-05T16:00:00Z,0.300,3.230
2023-12-05T17:00:00Z,0.300,2.950
2023-12-05T18:00:00Z,0.320,2.720
2023-12-05T19:00:00Z,0.425,2.845
2023-12-05T20:00:00Z,0.420,2.925
2023-12-05T21:00:00Z,0.465,2.890
2023-12-05T22:00:00Z,0.465,2.900
2023-12-05T23:00:00Z,0.495,2.910
2023-12-06T00:00:00Z,0.475,2.945
2023-12-06T01:00:00Z,0.570,2.980
2023-12-06T02:00:00Z,1.010,3.565
2023-12-06T03:00:00Z,1.190,3.965
2023-12-06T04:00:00Z,1.050,4.020
2023-12-06T05:00:00Z,0.910,3.790
2023-12-06T06:00:00Z,0.890,3.725
2023-12-06T07:00:00Z,0.935,3.780
2023-12-06T08:00:00Z,0.960,3.775
2023-12-06T09:00:00Z,1.090,3.935
2023-12-06T10:00:00Z,1.170,4.125
2023-12-06T11:00:00Z,1.275,4.190
2023-12-06T12:00:00Z,1.205,4.150
2023-12-06T13:00:00Z,1.150,4.170
2023-12-06T14:00:00Z,1.150,4.115
2023-12-06T15:00:00Z,1.035,4.005
2023-12-06T16:00:00Z,0.915,3.970
2023-12-06T17:00:00Z,0.750,3.920
